Date,Governorate,Cases,Deaths,New_Cases,New_Cases_flag
2017-05-22,Abyan,1068,10,1068.0,ok
2017-05-27,Abyan,1365,15,297.0,ok
2017-05-30,Abyan,1587,16,222.0,ok
2017-06-04,Abyan,1920,16,333.0,ok
2017-06-07,Abyan,2171,17,251.0,ok
2017-06-10,Abyan,2480,21,309.0,ok
2017-06-12,Abyan,2611,21,131.0,ok
2017-06-13,Abyan,2675,21,64.0,ok
2017-06-14,Abyan,2771,21,96.0,ok
2017-06-17,Abyan,3094,21,323.0,ok
2017-06-18,Abyan,3194,21,100.0,ok
2017-06-19,Abyan,3304,21,110.0,ok
2017-06-20,Abyan,3305,21,1.0,ok
2017-06-21,Abyan,3309,21,4.0,ok
2017-06-22,Abyan,3635,21,326.0,ok
2017-06-23,Abyan,3762,21,127.0,ok
2017-06-24,Abyan,3953,22,191.0,ok
2017-06-25,Abyan,3955,22,2.0,ok
2017-06-26,Abyan,4086,22,131.0,ok
2017-06-27,Abyan,4092,22,6.0,ok
2017-06-28,Abyan,4513,22,421.0,ok
2017-06-29,Abyan,4783,22,270.0,ok
2017-06-30,Abyan,5016,23,233.0,ok
2017-07-01,Abyan,5338,24,322.0,ok
2017-07-02,Abyan,5976,25,638.0,ok
2017-07-03,Abyan,6314,27,338.0,ok
2017-07-04,Abyan,6682,27,368.0,ok
2017-07-05,Abyan,6971,27,289.0,ok
2017-07-06,Abyan,7293,27,322.0,ok
2017-07-07,Abyan,7582,27,289.0,ok
2017-07-10,Abyan,8270,27,688.0,ok
2017-07-11,Abyan,8602,28,332.0,ok
2017-07-12,Abyan,8855,29,253.0,ok
2017-07-13,Abyan,9139,30,284.0,ok
2017-07-14,Abyan,9678,31,539.0,ok
2017-07-15,Abyan,9994,31,316.0,ok
2017-07-16,Abyan,10001,31,7.0,ok
2017-07-17,Abyan,10360,31,359.0,ok
2017-07-18,Abyan,10965,31,605.0,ok
2017-07-19,Abyan,10965,31,0.0,ok
2017-07-20,Abyan,11281,31,316.0,ok
2017-07-21,Abyan,11573,31,292.0,ok
2017-07-22,Abyan,11822,32,249.0,ok
2017-07-23,Abyan,11823,32,1.0,ok
2017-07-24,Abyan,12450,32,627.0,ok
2017-07-25,Abyan,12746,32,296.0,ok
2017-07-26,Abyan,13007,32,261.0,ok
2017-07-27,Abyan,13652,32,645.0,ok
2017-07-28,Abyan,13899,32,247.0,ok
2017-07-29,Abyan,13904,32,5.0,ok
2017-07-30,Abyan,14195,32,291.0,ok
2017-07-31,Abyan,14474,33,279.0,ok
2017-08-01,Abyan,14737,33,263.0,ok
2017-08-03,Abyan,15220,33,483.0,ok
2017-08-06,Abyan,16195,33,975.0,ok
2017-08-13,Abyan,17575,33,1380.0,ok
2017-08-15,Abyan,18055,33,480.0,ok
2017-08-16,Abyan,18257,34,202.0,ok
2017-08-17,Abyan,18469,34,212.0,ok
2017-08-18,Abyan,18634,34,165.0,ok
2017-08-19,Abyan,18865,34,231.0,ok
2017-08-20,Abyan,19102,34,237.0,ok
2017-08-21,Abyan,19103,34,1.0,ok
2017-08-22,Abyan,19535,35,432.0,ok
2017-08-23,Abyan,19733,35,198.0,ok
2017-08-24,Abyan,19971,35,238.0,ok
2017-08-26,Abyan,20550,35,579.0,ok
2017-08-27,Abyan,20771,35,221.0,ok
2017-08-28,Abyan,20976,35,205.0,ok
2017-08-29,Abyan,21164,35,188.0,ok
2017-08-30,Abyan,21327,35,163.0,ok
2017-08-31,Abyan,21328,35,1.0,ok
2017-09-01,Abyan,21586,35,258.0,ok
2017-09-02,Abyan,21814,35,228.0,ok
2017-09-03,Abyan,22052,35,238.0,ok
2017-09-04,Abyan,22277,35,225.0,ok
2017-09-05,Abyan,22477,35,200.0,ok
2017-09-06,Abyan,22673,35,196.0,ok
2017-09-07,Abyan,22675,35,2.0,ok
2017-09-08,Abyan,23030,35,355.0,ok
2017-09-09,Abyan,23222,35,192.0,ok
2017-09-10,Abyan,23222,35,0.0,ok
2017-09-11,Abyan,23465,35,243.0,ok
2017-09-12,Abyan,23681,35,216.0,ok
2017-09-13,Abyan,23685,35,4.0,ok
2017-09-14,Abyan,24079,35,394.0,ok
2017-09-15,Abyan,24414,35,335.0,ok
2017-09-16,Abyan,24619,35,205.0,ok
2017-09-17,Abyan,24619,35,0.0,ok
2017-09-18,Abyan,24983,35,364.0,ok
2017-09-19,Abyan,25200,35,217.0,ok
2017-09-20,Abyan,25431,35,231.0,ok
2017-09-21,Abyan,25611,35,180.0,ok
2017-09-22,Abyan,25611,35,0.0,ok
2017-09-23,Abyan,25611,35,0.0,ok
2017-09-24,Abyan,25888,35,277.0,ok
2017-09-25,Abyan,26131,35,243.0,ok
2017-09-26,Abyan,26228,35,97.0,ok
2017-09-27,Abyan,26299,35,71.0,ok
2017-09-28,Abyan,26385,35,86.0,ok
2017-09-30,Abyan,26523,35,138.0,ok
2017-10-01,Abyan,26622,35,99.0,ok
2017-10-02,Abyan,26622,35,0.0,ok
2017-10-03,Abyan,26822,35,200.0,ok
2017-10-04,Abyan,26888,35,66.0,ok
2017-10-05,Abyan,26950,35,62.0,ok
2017-10-08,Abyan,27081,35,131.0,ok
2017-10-09,Abyan,27188,35,107.0,ok
2017-10-10,Abyan,27193,35,5.0,ok
2017-10-11,Abyan,27305,35,112.0,ok
2017-10-14,Abyan,27435,35,130.0,ok
2017-10-16,Abyan,27469,35,34.0,ok
2017-10-17,Abyan,27525,35,56.0,ok
2017-10-21,Abyan,27652,35,127.0,ok
2017-10-22,Abyan,27675,35,23.0,ok
2017-10-25,Abyan,27724,35,49.0,ok
2017-10-28,Abyan,27781,35,57.0,ok
2017-10-29,Abyan,27783,35,2.0,ok
2017-10-30,Abyan,27804,35,21.0,ok
2017-11-03,Abyan,27896,35,92.0,ok
2017-11-04,Abyan,27911,35,15.0,ok
2017-11-05,Abyan,27911,35,0.0,ok
2017-11-06,Abyan,27936,35,25.0,ok
2017-11-07,Abyan,27941,35,5.0,ok
2017-11-08,Abyan,27957,35,16.0,ok
2017-11-19,Abyan,28048,35,91.0,ok
2017-11-26,Abyan,28103,35,55.0,ok
2017-12-17,Abyan,28228,35,125.0,ok
2017-12-31,Abyan,28241,35,13.0,ok
2018-01-07,Abyan,28241,35,0.0,ok
2018-01-14,Abyan,28241,35,0.0,ok
2018-01-21,Abyan,28241,35,0.0,ok
2018-01-28,Abyan,28241,35,0.0,ok
2018-02-04,Abyan,28241,35,0.0,ok
2018-02-11,Abyan,28243,35,2.0,ok
2018-02-18,Abyan,28243,35,0.0,ok
2017-05-22,Aden,489,12,489.0,ok
2017-05-27,Aden,793,12,304.0,ok
2017-05-30,Aden,1171,16,378.0,ok
2017-06-04,Aden,2960,23,1789.0,ok
2017-06-07,Aden,2961,23,1.0,ok
2017-06-10,Aden,3648,31,687.0,ok
2017-06-12,Aden,3648,31,0.0,ok
2017-06-13,Aden,3648,31,0.0,ok
2017-06-14,Aden,3649,31,1.0,ok
2017-06-17,Aden,4484,37,835.0,ok
2017-06-18,Aden,4699,37,215.0,ok
2017-06-19,Aden,5053,38,354.0,ok
2017-06-20,Aden,5272,39,219.0,ok
2017-06-21,Aden,5470,40,198.0,ok
2017-06-22,Aden,5634,40,164.0,ok
2017-06-23,Aden,5799,41,165.0,ok
2017-06-24,Aden,6048,41,249.0,ok
2017-06-25,Aden,6205,42,157.0,ok
2017-06-26,Aden,6469,44,264.0,ok
2017-06-27,Aden,6757,44,288.0,ok
2017-06-28,Aden,7007,46,250.0,ok
2017-06-29,Aden,7315,46,308.0,ok
2017-06-30,Aden,7507,46,192.0,ok
2017-07-01,Aden,7775,46,268.0,ok
2017-07-02,Aden,7939,46,164.0,ok
2017-07-03,Aden,8100,46,161.0,ok
2017-07-04,Aden,8349,46,249.0,ok
2017-07-05,Aden,8519,46,170.0,ok
2017-07-06,Aden,8519,46,0.0,ok
2017-07-07,Aden,8948,48,429.0,ok
2017-07-10,Aden,9618,48,670.0,ok
2017-07-11,Aden,9810,48,192.0,ok
2017-07-12,Aden,10009,48,199.0,ok
2017-07-13,Aden,10209,48,200.0,ok
2017-07-14,Aden,10347,48,138.0,ok
2017-07-15,Aden,10518,48,171.0,ok
2017-07-16,Aden,10665,48,147.0,ok
2017-07-17,Aden,10809,48,144.0,ok
2017-07-18,Aden,10997,48,188.0,ok
2017-07-19,Aden,10997,48,0.0,ok
2017-07-20,Aden,11431,48,434.0,ok
2017-07-21,Aden,11614,52,183.0,ok
2017-07-22,Aden,11812,52,198.0,ok
2017-07-23,Aden,11987,52,175.0,ok
2017-07-24,Aden,12154,52,167.0,ok
2017-07-25,Aden,12343,52,189.0,ok
2017-07-26,Aden,12501,52,158.0,ok
2017-07-27,Aden,12603,52,102.0,ok
2017-07-28,Aden,12603,52,0.0,ok
2017-07-29,Aden,12818,52,215.0,ok
2017-07-30,Aden,12932,52,114.0,ok
2017-07-31,Aden,13022,52,90.0,ok
2017-08-01,Aden,13115,52,93.0,ok
2017-08-03,Aden,13239,52,124.0,ok
2017-08-06,Aden,13554,52,315.0,ok
2017-08-13,Aden,14040,52,486.0,ok
2017-08-15,Aden,14234,52,194.0,ok
2017-08-16,Aden,14330,52,96.0,ok
2017-08-17,Aden,14414,52,84.0,ok
2017-08-18,Aden,14479,52,65.0,ok
2017-08-19,Aden,14555,53,76.0,ok
2017-08-20,Aden,14666,53,111.0,ok
2017-08-21,Aden,14779,56,113.0,ok
2017-08-22,Aden,14905,59,126.0,ok
2017-08-23,Aden,15020,59,115.0,ok
2017-08-24,Aden,15130,59,110.0,ok
2017-08-26,Aden,15239,59,109.0,ok
2017-08-27,Aden,15513,59,274.0,ok
2017-08-28,Aden,15608,59,95.0,ok
2017-08-29,Aden,15704,59,96.0,ok
2017-08-30,Aden,15802,59,98.0,ok
2017-08-31,Aden,15883,59,81.0,ok
2017-09-01,Aden,15955,59,72.0,ok
2017-09-02,Aden,16021,59,66.0,ok
2017-09-03,Aden,16119,60,98.0,ok
2017-09-04,Aden,16200,60,81.0,ok
2017-09-05,Aden,16282,60,82.0,ok
2017-09-06,Aden,16341,60,59.0,ok
2017-09-07,Aden,16435,60,94.0,ok
2017-09-08,Aden,16522,60,87.0,ok
2017-09-09,Aden,16522,60,0.0,ok
2017-09-10,Aden,16606,60,84.0,ok
2017-09-11,Aden,16742,60,136.0,ok
2017-09-12,Aden,16822,60,80.0,ok
2017-09-13,Aden,16917,60,95.0,ok
2017-09-14,Aden,16980,60,63.0,ok
2017-09-15,Aden,17050,60,70.0,ok
2017-09-16,Aden,17134,60,84.0,ok
2017-09-17,Aden,17242,60,108.0,ok
2017-09-18,Aden,17242,60,0.0,ok
2017-09-19,Aden,17387,60,145.0,ok
2017-09-20,Aden,17442,60,55.0,ok
2017-09-21,Aden,17516,60,74.0,ok
2017-09-22,Aden,17585,60,69.0,ok
2017-09-23,Aden,17646,60,61.0,ok
2017-09-24,Aden,17709,61,63.0,ok
2017-09-25,Aden,17760,62,51.0,ok
2017-09-26,Aden,17829,62,69.0,ok
2017-09-27,Aden,17893,62,64.0,ok
2017-09-28,Aden,17893,62,0.0,ok
2017-09-30,Aden,18026,62,133.0,ok
2017-10-01,Aden,18098,62,72.0,ok
2017-10-02,Aden,18098,62,0.0,ok
2017-10-03,Aden,18215,62,117.0,ok
2017-10-04,Aden,18265,62,50.0,ok
2017-10-05,Aden,18314,62,49.0,ok
2017-10-08,Aden,18420,62,106.0,ok
2017-10-09,Aden,18528,62,108.0,ok
2017-10-10,Aden,18590,62,62.0,ok
2017-10-11,Aden,18634,62,44.0,ok
2017-10-14,Aden,18774,62,140.0,ok
2017-10-16,Aden,18844,62,70.0,ok
2017-10-17,Aden,18887,62,43.0,ok
2017-10-21,Aden,19102,62,215.0,ok
2017-10-22,Aden,19132,62,30.0,ok
2017-10-25,Aden,19209,62,77.0,ok
2017-10-28,Aden,19309,62,100.0,ok
2017-10-29,Aden,19347,62,38.0,ok
2017-10-30,Aden,19397,62,50.0,ok
2017-11-03,Aden,19616,62,219.0,ok
2017-11-04,Aden,19674,62,58.0,ok
2017-11-05,Aden,19711,62,37.0,ok
2017-11-06,Aden,19757,62,46.0,ok
2017-11-07,Aden,19786,62,29.0,ok
2017-11-08,Aden,19816,62,30.0,ok
2017-11-19,Aden,20171,62,355.0,ok
2017-11-26,Aden,20286,62,115.0,ok
2017-12-17,Aden,20566,62,280.0,ok
2017-12-31,Aden,20819,62,253.0,ok
2018-01-07,Aden,20846,62,27.0,ok
2018-01-14,Aden,20868,62,22.0,ok
2018-01-21,Aden,20887,62,19.0,ok
2018-01-28,Aden,20908,62,21.0,ok
2018-02-04,Aden,20932,62,24.0,ok
2018-02-11,Aden,20954,62,22.0,ok
2018-02-18,Aden,20966,62,12.0,ok
2017-05-22,Al Bayda,1498,6,1498.0,ok
2017-05-27,Al Bayda,2536,8,1038.0,ok
2017-05-30,Al Bayda,3136,11,600.0,ok
2017-06-04,Al Bayda,3837,13,701.0,ok
2017-06-07,Al Bayda,4250,14,413.0,ok
2017-06-10,Al Bayda,4933,18,683.0,ok
2017-06-12,Al Bayda,5048,18,115.0,ok
2017-06-13,Al Bayda,5247,18,199.0,ok
2017-06-14,Al Bayda,5477,18,230.0,ok
2017-06-17,Al Bayda,5963,18,486.0,ok
2017-06-18,Al Bayda,5963,18,0.0,ok
2017-06-19,Al Bayda,6085,18,122.0,ok
2017-06-20,Al Bayda,6087,18,2.0,ok
2017-06-21,Al Bayda,6503,18,416.0,ok
2017-06-22,Al Bayda,6667,18,164.0,ok
2017-06-23,Al Bayda,6752,18,85.0,ok
2017-06-24,Al Bayda,6920,18,168.0,ok
2017-06-25,Al Bayda,7034,19,114.0,ok
2017-06-26,Al Bayda,7210,19,176.0,ok
2017-06-27,Al Bayda,7210,19,0.0,ok
2017-06-28,Al Bayda,7345,19,135.0,ok
2017-06-29,Al Bayda,7540,21,195.0,ok
2017-06-30,Al Bayda,7641,21,101.0,ok
2017-07-01,Al Bayda,7866,21,225.0,ok
2017-07-02,Al Bayda,8067,21,201.0,ok
2017-07-03,Al Bayda,8307,21,240.0,ok
2017-07-04,Al Bayda,8522,21,215.0,ok
2017-07-05,Al Bayda,8716,24,194.0,ok
2017-07-06,Al Bayda,8898,24,182.0,ok
2017-07-07,Al Bayda,9028,24,130.0,ok
2017-07-10,Al Bayda,9383,24,355.0,ok
2017-07-11,Al Bayda,9385,24,2.0,ok
2017-07-12,Al Bayda,9936,24,551.0,ok
2017-07-13,Al Bayda,10117,24,181.0,ok
2017-07-14,Al Bayda,10216,24,99.0,ok
2017-07-15,Al Bayda,10448,24,232.0,ok
2017-07-16,Al Bayda,10606,24,158.0,ok
2017-07-17,Al Bayda,10607,24,1.0,ok
2017-07-18,Al Bayda,10931,26,324.0,ok
2017-07-19,Al Bayda,11063,26,132.0,ok
2017-07-20,Al Bayda,11261,26,198.0,ok
2017-07-21,Al Bayda,11382,26,121.0,ok
2017-07-22,Al Bayda,11580,26,198.0,ok
2017-07-23,Al Bayda,11774,26,194.0,ok
2017-07-24,Al Bayda,11953,26,179.0,ok
2017-07-25,Al Bayda,12165,26,212.0,ok
2017-07-26,Al Bayda,12320,26,155.0,ok
2017-07-27,Al Bayda,12435,26,115.0,ok
2017-07-28,Al Bayda,12599,26,164.0,ok
2017-07-29,Al Bayda,12602,26,3.0,ok
2017-07-30,Al Bayda,12871,26,269.0,ok
2017-07-31,Al Bayda,12872,26,1.0,ok
2017-08-01,Al Bayda,13050,26,178.0,ok
2017-08-03,Al Bayda,13512,26,462.0,ok
2017-08-06,Al Bayda,14202,26,690.0,ok
2017-08-13,Al Bayda,15141,26,939.0,ok
2017-08-15,Al Bayda,15289,26,148.0,ok
2017-08-16,Al Bayda,15644,26,355.0,ok
2017-08-17,Al Bayda,15744,26,100.0,ok
2017-08-18,Al Bayda,15832,26,88.0,ok
2017-08-19,Al Bayda,16011,26,179.0,ok
2017-08-20,Al Bayda,16173,26,162.0,ok
2017-08-21,Al Bayda,16351,26,178.0,ok
2017-08-22,Al Bayda,16553,27,202.0,ok
2017-08-23,Al Bayda,16777,27,224.0,ok
2017-08-24,Al Bayda,17006,27,229.0,ok
2017-08-26,Al Bayda,17272,27,266.0,ok
2017-08-27,Al Bayda,17442,27,170.0,ok
2017-08-28,Al Bayda,17629,27,187.0,ok
2017-08-29,Al Bayda,17824,27,195.0,ok
2017-08-30,Al Bayda,17974,27,150.0,ok
2017-08-31,Al Bayda,18070,27,96.0,ok
2017-09-01,Al Bayda,18177,27,107.0,ok
2017-09-02,Al Bayda,18323,27,146.0,ok
2017-09-03,Al Bayda,18487,27,164.0,ok
2017-09-04,Al Bayda,18724,27,237.0,ok
2017-09-05,Al Bayda,18903,27,179.0,ok
2017-09-06,Al Bayda,19153,27,250.0,ok
2017-09-07,Al Bayda,19369,27,216.0,ok
2017-09-08,Al Bayda,19574,27,205.0,ok
2017-09-09,Al Bayda,19767,27,193.0,ok
2017-09-10,Al Bayda,19931,27,164.0,ok
2017-09-11,Al Bayda,20141,27,210.0,ok
2017-09-12,Al Bayda,20323,27,182.0,ok
2017-09-13,Al Bayda,20547,27,224.0,ok
2017-09-14,Al Bayda,20714,27,167.0,ok
2017-09-15,Al Bayda,20831,28,117.0,ok
2017-09-16,Al Bayda,20965,28,134.0,ok
2017-09-17,Al Bayda,20965,28,0.0,ok
2017-09-18,Al Bayda,21283,28,318.0,ok
2017-09-19,Al Bayda,21429,28,146.0,ok
2017-09-20,Al Bayda,21652,28,223.0,ok
2017-09-21,Al Bayda,21797,28,145.0,ok
2017-09-22,Al Bayda,21953,28,156.0,ok
2017-09-23,Al Bayda,22176,28,223.0,ok
2017-09-24,Al Bayda,22303,28,127.0,ok
2017-09-25,Al Bayda,22449,28,146.0,ok
2017-09-26,Al Bayda,22648,28,199.0,ok
2017-09-27,Al Bayda,22804,28,156.0,ok
2017-09-28,Al Bayda,22926,28,122.0,ok
2017-09-30,Al Bayda,23183,28,257.0,ok
2017-10-01,Al Bayda,23324,28,141.0,ok
2017-10-02,Al Bayda,23324,28,0.0,ok
2017-10-03,Al Bayda,23526,28,202.0,ok
2017-10-04,Al Bayda,23624,29,98.0,ok
2017-10-05,Al Bayda,23719,29,95.0,ok
2017-10-08,Al Bayda,23827,29,108.0,ok
2017-10-09,Al Bayda,24012,29,185.0,ok
2017-10-10,Al Bayda,24012,29,0.0,ok
2017-10-11,Al Bayda,24154,29,142.0,ok
2017-10-14,Al Bayda,24323,29,169.0,ok
2017-10-16,Al Bayda,24434,29,111.0,ok
2017-10-17,Al Bayda,24435,29,1.0,ok
2017-10-21,Al Bayda,24845,29,410.0,ok
2017-10-22,Al Bayda,24894,29,49.0,ok
2017-10-25,Al Bayda,25110,29,216.0,ok
2017-10-28,Al Bayda,25270,30,160.0,ok
2017-10-29,Al Bayda,25351,30,81.0,ok
2017-10-30,Al Bayda,25369,30,18.0,ok
2017-11-03,Al Bayda,25651,30,282.0,ok
2017-11-04,Al Bayda,25711,30,60.0,ok
2017-11-05,Al Bayda,25771,30,60.0,ok
2017-11-06,Al Bayda,25814,30,43.0,ok
2017-11-07,Al Bayda,25856,30,42.0,ok
2017-11-08,Al Bayda,25905,31,49.0,ok
2017-11-19,Al Bayda,26532,32,627.0,ok
2017-11-26,Al Bayda,26793,33,261.0,ok
2017-12-17,Al Bayda,27550,33,757.0,ok
2017-12-31,Al Bayda,27990,33,440.0,ok
2018-01-07,Al Bayda,28452,34,462.0,ok
2018-01-14,Al Bayda,28730,34,278.0,ok
2018-01-21,Al Bayda,29269,34,539.0,ok
2018-01-28,Al Bayda,29718,34,449.0,ok
2018-02-04,Al Bayda,29980,35,262.0,ok
2018-02-11,Al Bayda,30265,36,285.0,ok
2018-02-18,Al Bayda,30568,36,303.0,ok
2017-05-22,Al Dhale'e,1401,8,1401.0,ok
2017-05-27,Al Dhale'e,1919,9,518.0,ok
2017-05-30,Al Dhale'e,2371,11,452.0,ok
2017-06-04,Al Dhale'e,2802,14,431.0,ok
2017-06-07,Al Dhale'e,3428,19,626.0,ok
2017-06-10,Al Dhale'e,4700,25,1272.0,ok
2017-06-12,Al Dhale'e,4857,26,157.0,ok
2017-06-13,Al Dhale'e,5030,29,173.0,ok
2017-06-14,Al Dhale'e,5107,29,77.0,ok
2017-06-17,Al Dhale'e,5999,31,892.0,ok
2017-06-18,Al Dhale'e,6802,36,803.0,ok
2017-06-19,Al Dhale'e,7041,36,239.0,ok
2017-06-20,Al Dhale'e,7201,38,160.0,ok
2017-06-21,Al Dhale'e,7582,39,381.0,ok
2017-06-22,Al Dhale'e,7593,39,11.0,ok
2017-06-23,Al Dhale'e,8445,41,852.0,ok
2017-06-24,Al Dhale'e,8896,46,451.0,ok
2017-06-25,Al Dhale'e,9171,49,275.0,ok
2017-06-26,Al Dhale'e,9746,51,575.0,ok
2017-06-27,Al Dhale'e,10183,52,437.0,ok
2017-06-28,Al Dhale'e,10610,54,427.0,ok
2017-06-29,Al Dhale'e,11192,54,582.0,ok
2017-06-30,Al Dhale'e,11195,54,3.0,ok
2017-07-01,Al Dhale'e,11196,54,1.0,ok
2017-07-02,Al Dhale'e,12360,57,1164.0,ok
2017-07-03,Al Dhale'e,12371,57,11.0,ok
2017-07-04,Al Dhale'e,12375,57,4.0,ok
2017-07-05,Al Dhale'e,13573,60,1198.0,ok
2017-07-06,Al Dhale'e,14628,65,1055.0,ok
2017-07-07,Al Dhale'e,15166,70,538.0,ok
2017-07-10,Al Dhale'e,16624,71,1458.0,ok
2017-07-11,Al Dhale'e,17622,71,998.0,ok
2017-07-12,Al Dhale'e,18047,71,425.0,ok
2017-07-13,Al Dhale'e,18050,71,3.0,ok
2017-07-14,Al Dhale'e,18419,72,369.0,ok
2017-07-15,Al Dhale'e,18902,73,483.0,ok
2017-07-16,Al Dhale'e,19659,74,757.0,ok
2017-07-17,Al Dhale'e,19659,74,0.0,ok
2017-07-18,Al Dhale'e,20054,74,395.0,ok
2017-07-19,Al Dhale'e,20504,74,450.0,ok
2017-07-20,Al Dhale'e,20941,75,437.0,ok
2017-07-21,Al Dhale'e,21342,75,401.0,ok
2017-07-22,Al Dhale'e,21628,75,286.0,ok
2017-07-23,Al Dhale'e,21935,75,307.0,ok
2017-07-24,Al Dhale'e,22240,75,305.0,ok
2017-07-25,Al Dhale'e,22539,76,299.0,ok
2017-07-26,Al Dhale'e,22867,76,328.0,ok
2017-07-27,Al Dhale'e,23347,76,480.0,ok
2017-07-28,Al Dhale'e,23746,76,399.0,ok
2017-07-29,Al Dhale'e,23746,76,0.0,ok
2017-07-30,Al Dhale'e,24485,76,739.0,ok
2017-07-31,Al Dhale'e,24849,76,364.0,ok
2017-08-01,Al Dhale'e,25220,76,371.0,ok
2017-08-03,Al Dhale'e,25581,76,361.0,ok
2017-08-06,Al Dhale'e,27294,77,1713.0,ok
2017-08-13,Al Dhale'e,29063,77,1769.0,ok
2017-08-15,Al Dhale'e,29755,77,692.0,ok
2017-08-16,Al Dhale'e,29755,77,0.0,ok
2017-08-17,Al Dhale'e,29755,77,0.0,ok
2017-08-18,Al Dhale'e,30783,77,1028.0,ok
2017-08-19,Al Dhale'e,31038,77,255.0,ok
2017-08-20,Al Dhale'e,31368,77,330.0,ok
2017-08-21,Al Dhale'e,31725,77,357.0,ok
2017-08-22,Al Dhale'e,32071,78,346.0,ok
2017-08-23,Al Dhale'e,32387,78,316.0,ok
2017-08-24,Al Dhale'e,32684,78,297.0,ok
2017-08-26,Al Dhale'e,33181,78,497.0,ok
2017-08-27,Al Dhale'e,33493,78,312.0,ok
2017-08-28,Al Dhale'e,33810,78,317.0,ok
2017-08-29,Al Dhale'e,34104,78,294.0,ok
2017-08-30,Al Dhale'e,34410,78,306.0,ok
2017-08-31,Al Dhale'e,34616,78,206.0,ok
2017-09-01,Al Dhale'e,34778,79,162.0,ok
2017-09-02,Al Dhale'e,34779,79,1.0,ok
2017-09-03,Al Dhale'e,35013,79,234.0,ok
2017-09-04,Al Dhale'e,35309,79,296.0,ok
2017-09-05,Al Dhale'e,35602,79,293.0,ok
2017-09-06,Al Dhale'e,35958,79,356.0,ok
2017-09-07,Al Dhale'e,36306,79,348.0,ok
2017-09-08,Al Dhale'e,36641,79,335.0,ok
2017-09-09,Al Dhale'e,37201,79,560.0,ok
2017-09-10,Al Dhale'e,37206,79,5.0,ok
2017-09-11,Al Dhale'e,37498,79,292.0,ok
2017-09-12,Al Dhale'e,38036,79,538.0,ok
2017-09-13,Al Dhale'e,38036,79,0.0,ok
2017-09-14,Al Dhale'e,38328,79,292.0,ok
2017-09-15,Al Dhale'e,38591,79,263.0,ok
2017-09-16,Al Dhale'e,38829,79,238.0,ok
2017-09-17,Al Dhale'e,39268,79,439.0,ok
2017-09-18,Al Dhale'e,39450,79,182.0,ok
2017-09-19,Al Dhale'e,39450,79,0.0,ok
2017-09-20,Al Dhale'e,39592,79,142.0,ok
2017-09-21,Al Dhale'e,39881,79,289.0,ok
2017-09-22,Al Dhale'e,40120,79,239.0,ok
2017-09-23,Al Dhale'e,40563,79,443.0,ok
2017-09-24,Al Dhale'e,40565,79,2.0,ok
2017-09-25,Al Dhale'e,40823,79,258.0,ok
2017-09-26,Al Dhale'e,41051,79,228.0,ok
2017-09-27,Al Dhale'e,41182,79,131.0,ok
2017-09-28,Al Dhale'e,41437,79,255.0,ok
2017-09-30,Al Dhale'e,41815,79,378.0,ok
2017-10-01,Al Dhale'e,41815,79,0.0,ok
2017-10-02,Al Dhale'e,41815,79,0.0,ok
2017-10-03,Al Dhale'e,42702,79,887.0,ok
2017-10-04,Al Dhale'e,42702,79,0.0,ok
2017-10-05,Al Dhale'e,42937,79,235.0,ok
2017-10-08,Al Dhale'e,43493,79,556.0,ok
2017-10-09,Al Dhale'e,43669,79,176.0,ok
2017-10-10,Al Dhale'e,43669,79,0.0,ok
2017-10-11,Al Dhale'e,44036,79,367.0,ok
2017-10-14,Al Dhale'e,44494,79,458.0,ok
2017-10-16,Al Dhale'e,44813,80,319.0,ok
2017-10-17,Al Dhale'e,45007,80,194.0,ok
2017-10-21,Al Dhale'e,45520,80,513.0,ok
2017-10-22,Al Dhale'e,45521,80,1.0,ok
2017-10-25,Al Dhale'e,45786,80,265.0,ok
2017-10-28,Al Dhale'e,46112,80,326.0,ok
2017-10-29,Al Dhale'e,46213,80,101.0,ok
2017-10-30,Al Dhale'e,46323,80,110.0,ok
2017-11-03,Al Dhale'e,46492,80,169.0,ok
2017-11-04,Al Dhale'e,46581,80,89.0,ok
2017-11-05,Al Dhale'e,46634,80,53.0,ok
2017-11-06,Al Dhale'e,46679,81,45.0,ok
2017-11-07,Al Dhale'e,46721,81,42.0,ok
2017-11-08,Al Dhale'e,46721,81,0.0,ok
2017-11-19,Al Dhale'e,46927,81,206.0,ok
2017-11-26,Al Dhale'e,47004,81,77.0,ok
2017-12-17,Al Dhale'e,47089,81,85.0,ok
2017-12-31,Al Dhale'e,47115,81,26.0,ok
2018-01-07,Al Dhale'e,47126,81,11.0,ok
2018-01-14,Al Dhale'e,47132,81,6.0,ok
2018-01-21,Al Dhale'e,47132,81,0.0,ok
2018-01-28,Al Dhale'e,47132,81,0.0,ok
2018-02-04,Al Dhale'e,47135,81,3.0,ok
2018-02-11,Al Dhale'e,47135,81,0.0,ok
2018-02-18,Al Dhale'e,47136,81,1.0,ok
2017-05-22,Al Hudaydah,1397,32,1397.0,ok
2017-05-27,Al Hudaydah,2463,40,1066.0,ok
2017-05-30,Al Hudaydah,6865,41,4402.0,ok
2017-06-04,Al Hudaydah,9330,59,2465.0,ok
2017-06-07,Al Hudaydah,11128,74,1798.0,ok
2017-06-10,Al Hudaydah,14107,87,2979.0,ok
2017-06-12,Al Hudaydah,14729,87,622.0,ok
2017-06-13,Al Hudaydah,15642,94,913.0,ok
2017-06-14,Al Hudaydah,16467,95,825.0,ok
2017-06-17,Al Hudaydah,19181,106,2714.0,ok
2017-06-18,Al Hudaydah,20182,110,1001.0,ok
2017-06-19,Al Hudaydah,21025,112,843.0,ok
2017-06-20,Al Hudaydah,21938,117,913.0,ok
2017-06-21,Al Hudaydah,22894,125,956.0,ok
2017-06-22,Al Hudaydah,23944,137,1050.0,ok
2017-06-23,Al Hudaydah,24876,155,932.0,ok
2017-06-24,Al Hudaydah,25771,157,895.0,ok
2017-06-25,Al Hudaydah,26256,159,485.0,ok
2017-06-26,Al Hudaydah,26893,160,637.0,ok
2017-06-27,Al Hudaydah,27821,164,928.0,ok
2017-06-28,Al Hudaydah,28423,164,602.0,ok
2017-06-29,Al Hudaydah,29089,169,666.0,ok
2017-06-30,Al Hudaydah,30025,172,936.0,ok
2017-07-01,Al Hudaydah,30794,177,769.0,ok
2017-07-02,Al Hudaydah,31889,184,1095.0,ok
2017-07-03,Al Hudaydah,32778,186,889.0,ok
2017-07-04,Al Hudaydah,33616,188,838.0,ok
2017-07-05,Al Hudaydah,34579,189,963.0,ok
2017-07-06,Al Hudaydah,35646,193,1067.0,ok
2017-07-07,Al Hudaydah,36379,196,733.0,ok
2017-07-10,Al Hudaydah,38566,199,2187.0,ok
2017-07-11,Al Hudaydah,38942,199,376.0,ok
2017-07-12,Al Hudaydah,39445,199,503.0,ok
2017-07-13,Al Hudaydah,40159,200,714.0,ok
2017-07-14,Al Hudaydah,40962,202,803.0,ok
2017-07-15,Al Hudaydah,41835,204,873.0,ok
2017-07-16,Al Hudaydah,42813,206,978.0,ok
2017-07-17,Al Hudaydah,43827,210,1014.0,ok
2017-07-18,Al Hudaydah,44707,210,880.0,ok
2017-07-19,Al Hudaydah,45580,212,873.0,ok
2017-07-20,Al Hudaydah,46296,214,716.0,ok
2017-07-21,Al Hudaydah,47044,215,748.0,ok
2017-07-22,Al Hudaydah,47680,219,636.0,ok
2017-07-23,Al Hudaydah,48436,221,756.0,ok
2017-07-24,Al Hudaydah,49266,222,830.0,ok
2017-07-25,Al Hudaydah,50160,222,894.0,ok
2017-07-26,Al Hudaydah,50977,222,817.0,ok
2017-07-27,Al Hudaydah,51776,222,799.0,ok
2017-07-28,Al Hudaydah,52272,222,496.0,ok
2017-07-29,Al Hudaydah,52749,223,477.0,ok
2017-07-30,Al Hudaydah,53306,227,557.0,ok
2017-07-31,Al Hudaydah,53803,231,497.0,ok
2017-08-01,Al Hudaydah,54486,231,683.0,ok
2017-08-03,Al Hudaydah,55409,232,923.0,ok
2017-08-06,Al Hudaydah,57268,234,1859.0,ok
2017-08-13,Al Hudaydah,60145,235,2877.0,ok
2017-08-15,Al Hudaydah,61046,235,901.0,ok
2017-08-16,Al Hudaydah,61550,235,504.0,ok
2017-08-17,Al Hudaydah,62190,235,640.0,ok
2017-08-18,Al Hudaydah,62873,237,683.0,ok
2017-08-19,Al Hudaydah,63681,237,808.0,ok
2017-08-20,Al Hudaydah,64624,237,943.0,ok
2017-08-21,Al Hudaydah,65568,237,944.0,ok
2017-08-22,Al Hudaydah,66536,237,968.0,ok
2017-08-23,Al Hudaydah,67362,237,826.0,ok
2017-08-24,Al Hudaydah,68472,237,1110.0,ok
2017-08-26,Al Hudaydah,70028,237,1556.0,ok
2017-08-27,Al Hudaydah,70897,238,869.0,ok
2017-08-28,Al Hudaydah,71836,238,939.0,ok
2017-08-29,Al Hudaydah,72565,238,729.0,ok
2017-08-30,Al Hudaydah,73267,238,702.0,ok
2017-08-31,Al Hudaydah,74102,239,835.0,ok
2017-09-01,Al Hudaydah,74657,239,555.0,ok
2017-09-02,Al Hudaydah,75303,239,646.0,ok
2017-09-03,Al Hudaydah,75850,239,547.0,ok
2017-09-04,Al Hudaydah,76528,239,678.0,ok
2017-09-05,Al Hudaydah,77286,239,758.0,ok
2017-09-06,Al Hudaydah,78091,239,805.0,ok
2017-09-07,Al Hudaydah,78706,239,615.0,ok
2017-09-08,Al Hudaydah,79360,240,654.0,ok
2017-09-09,Al Hudaydah,80232,240,872.0,ok
2017-09-10,Al Hudaydah,81187,241,955.0,ok
2017-09-11,Al Hudaydah,82301,241,1114.0,ok
2017-09-12,Al Hudaydah,83472,241,1171.0,ok
2017-09-13,Al Hudaydah,84545,241,1073.0,ok
2017-09-14,Al Hudaydah,85697,241,1152.0,ok
2017-09-15,Al Hudaydah,86571,241,874.0,ok
2017-09-16,Al Hudaydah,87624,243,1053.0,ok
2017-09-17,Al Hudaydah,88741,244,1117.0,ok
2017-09-18,Al Hudaydah,89763,244,1022.0,ok
2017-09-19,Al Hudaydah,90757,244,994.0,ok
2017-09-20,Al Hudaydah,91783,244,1026.0,ok
2017-09-21,Al Hudaydah,92797,244,1014.0,ok
2017-09-22,Al Hudaydah,93681,244,884.0,ok
2017-09-23,Al Hudaydah,94864,245,1183.0,ok
2017-09-24,Al Hudaydah,96123,247,1259.0,ok
2017-09-25,Al Hudaydah,97193,247,1070.0,ok
2017-09-26,Al Hudaydah,98381,248,1188.0,ok
2017-09-27,Al Hudaydah,99747,248,1366.0,ok
2017-09-28,Al Hudaydah,100717,249,970.0,ok
2017-09-30,Al Hudaydah,102294,253,1577.0,ok
2017-10-01,Al Hudaydah,103280,254,986.0,ok
2017-10-02,Al Hudaydah,103280,254,0.0,ok
2017-10-03,Al Hudaydah,105092,254,1812.0,ok
2017-10-04,Al Hudaydah,106169,254,1077.0,ok
2017-10-05,Al Hudaydah,107019,255,850.0,ok
2017-10-08,Al Hudaydah,108917,258,1898.0,ok
2017-10-09,Al Hudaydah,111219,261,2302.0,ok
2017-10-10,Al Hudaydah,112638,261,1419.0,ok
2017-10-11,Al Hudaydah,113632,262,994.0,ok
2017-10-14,Al Hudaydah,116772,262,3140.0,ok
2017-10-16,Al Hudaydah,118798,262,2026.0,ok
2017-10-17,Al Hudaydah,119684,263,886.0,ok
2017-10-21,Al Hudaydah,122167,265,2483.0,ok
2017-10-22,Al Hudaydah,122869,266,702.0,ok
2017-10-25,Al Hudaydah,124636,267,1767.0,ok
2017-10-28,Al Hudaydah,126318,268,1682.0,ok
2017-10-29,Al Hudaydah,126830,268,512.0,ok
2017-10-30,Al Hudaydah,127366,268,536.0,ok
2017-11-03,Al Hudaydah,129538,268,2172.0,ok
2017-11-04,Al Hudaydah,129896,268,358.0,ok
2017-11-05,Al Hudaydah,130390,268,494.0,ok
2017-11-06,Al Hudaydah,130943,268,553.0,ok
2017-11-07,Al Hudaydah,131342,268,399.0,ok
2017-11-08,Al Hudaydah,131827,268,485.0,ok
2017-11-19,Al Hudaydah,136937,270,5110.0,ok
2017-11-26,Al Hudaydah,139145,271,2208.0,ok
2017-12-17,Al Hudaydah,145559,273,6414.0,ok
2017-12-31,Al Hudaydah,149041,277,3482.0,ok
2018-01-07,Al Hudaydah,150319,278,1278.0,ok
2018-01-14,Al Hudaydah,150965,280,646.0,ok
2018-01-21,Al Hudaydah,152592,281,1627.0,ok
2018-01-28,Al Hudaydah,153446,281,854.0,ok
2018-02-04,Al Hudaydah,154262,281,816.0,ok
2018-02-11,Al Hudaydah,155245,282,983.0,ok
2018-02-18,Al Hudaydah,155908,282,663.0,ok
2017-05-22,Al Jawf,189,3,189.0,ok
2017-05-27,Al Jawf,271,3,82.0,ok
2017-05-30,Al Jawf,334,4,63.0,ok
2017-06-04,Al Jawf,433,5,99.0,ok
2017-06-07,Al Jawf,513,5,80.0,ok
2017-06-10,Al Jawf,618,7,105.0,ok
2017-06-12,Al Jawf,646,8,28.0,ok
2017-06-13,Al Jawf,687,8,41.0,ok
2017-06-14,Al Jawf,718,8,31.0,ok
2017-06-17,Al Jawf,796,9,78.0,ok
2017-06-18,Al Jawf,841,9,45.0,ok
2017-06-19,Al Jawf,856,9,15.0,ok
2017-06-20,Al Jawf,905,9,49.0,ok
2017-06-21,Al Jawf,934,9,29.0,ok
2017-06-22,Al Jawf,1006,9,72.0,ok
2017-06-23,Al Jawf,1070,9,64.0,ok
2017-06-24,Al Jawf,1190,10,120.0,ok
2017-06-25,Al Jawf,1302,10,112.0,ok
2017-06-26,Al Jawf,1388,10,86.0,ok
2017-06-27,Al Jawf,1440,10,52.0,ok
2017-06-28,Al Jawf,1577,10,137.0,ok
2017-06-29,Al Jawf,1580,10,3.0,ok
2017-06-30,Al Jawf,1776,10,196.0,ok
2017-07-01,Al Jawf,1865,10,89.0,ok
2017-07-02,Al Jawf,1933,11,68.0,ok
2017-07-03,Al Jawf,2008,11,75.0,ok
2017-07-04,Al Jawf,2073,11,65.0,ok
2017-07-05,Al Jawf,2158,13,85.0,ok
2017-07-06,Al Jawf,2208,13,50.0,ok
2017-07-07,Al Jawf,2209,13,1.0,ok
2017-07-10,Al Jawf,2375,13,166.0,ok
2017-07-11,Al Jawf,2473,13,98.0,ok
2017-07-12,Al Jawf,2546,13,73.0,ok
2017-07-13,Al Jawf,2573,13,27.0,ok
2017-07-14,Al Jawf,2680,13,107.0,ok
2017-07-15,Al Jawf,2772,13,92.0,ok
2017-07-16,Al Jawf,2869,13,97.0,ok
2017-07-17,Al Jawf,2959,13,90.0,ok
2017-07-18,Al Jawf,3040,13,81.0,ok
2017-07-19,Al Jawf,3150,13,110.0,ok
2017-07-20,Al Jawf,3235,13,85.0,ok
2017-07-21,Al Jawf,3330,13,95.0,ok
2017-07-22,Al Jawf,3427,13,97.0,ok
2017-07-23,Al Jawf,3532,13,105.0,ok
2017-07-24,Al Jawf,3635,13,103.0,ok
2017-07-25,Al Jawf,3703,13,68.0,ok
2017-07-26,Al Jawf,3778,15,75.0,ok
2017-07-27,Al Jawf,3859,16,81.0,ok
2017-07-28,Al Jawf,3959,16,100.0,ok
2017-07-29,Al Jawf,4042,16,83.0,ok
2017-07-30,Al Jawf,4120,16,78.0,ok
2017-07-31,Al Jawf,4203,16,83.0,ok
2017-08-01,Al Jawf,4310,17,107.0,ok
2017-08-03,Al Jawf,4507,17,197.0,ok
2017-08-06,Al Jawf,4915,18,408.0,ok
2017-08-13,Al Jawf,5606,18,691.0,ok
2017-08-15,Al Jawf,5850,18,244.0,ok
2017-08-16,Al Jawf,5980,18,130.0,ok
2017-08-17,Al Jawf,6091,18,111.0,ok
2017-08-18,Al Jawf,6183,18,92.0,ok
2017-08-19,Al Jawf,6345,18,162.0,ok
2017-08-20,Al Jawf,6439,18,94.0,ok
2017-08-21,Al Jawf,6596,18,157.0,ok
2017-08-22,Al Jawf,6718,18,122.0,ok
2017-08-23,Al Jawf,6818,18,100.0,ok
2017-08-24,Al Jawf,6975,18,157.0,ok
2017-08-26,Al Jawf,7207,18,232.0,ok
2017-08-27,Al Jawf,7368,18,161.0,ok
2017-08-28,Al Jawf,7485,18,117.0,ok
2017-08-29,Al Jawf,7610,18,125.0,ok
2017-08-30,Al Jawf,7712,18,102.0,ok
2017-08-31,Al Jawf,7713,18,1.0,ok
2017-09-01,Al Jawf,7882,19,169.0,ok
2017-09-02,Al Jawf,7882,19,0.0,ok
2017-09-03,Al Jawf,8170,19,288.0,ok
2017-09-04,Al Jawf,8297,20,127.0,ok
2017-09-05,Al Jawf,8388,20,91.0,ok
2017-09-06,Al Jawf,8570,20,182.0,ok
2017-09-07,Al Jawf,8696,20,126.0,ok
2017-09-08,Al Jawf,8810,20,114.0,ok
2017-09-09,Al Jawf,8944,20,134.0,ok
2017-09-10,Al Jawf,9082,20,138.0,ok
2017-09-11,Al Jawf,9180,20,98.0,ok
2017-09-12,Al Jawf,9298,20,118.0,ok
2017-09-13,Al Jawf,9419,20,121.0,ok
2017-09-14,Al Jawf,9538,20,119.0,ok
2017-09-15,Al Jawf,9638,20,100.0,ok
2017-09-16,Al Jawf,9728,20,90.0,ok
2017-09-17,Al Jawf,9728,20,0.0,ok
2017-09-18,Al Jawf,9960,20,232.0,ok
2017-09-19,Al Jawf,10037,20,77.0,ok
2017-09-20,Al Jawf,10148,20,111.0,ok
2017-09-21,Al Jawf,10229,20,81.0,ok
2017-09-22,Al Jawf,10331,20,102.0,ok
2017-09-23,Al Jawf,10433,20,102.0,ok
2017-09-24,Al Jawf,10434,20,1.0,ok
2017-09-25,Al Jawf,10658,21,224.0,ok
2017-09-26,Al Jawf,10658,21,0.0,ok
2017-09-27,Al Jawf,10775,21,117.0,ok
2017-09-28,Al Jawf,10890,21,115.0,ok
2017-09-30,Al Jawf,10969,21,79.0,ok
2017-10-01,Al Jawf,11077,21,108.0,ok
2017-10-02,Al Jawf,11077,21,0.0,ok
2017-10-03,Al Jawf,11271,21,194.0,ok
2017-10-04,Al Jawf,11357,21,86.0,ok
2017-10-05,Al Jawf,11456,21,99.0,ok
2017-10-08,Al Jawf,11633,21,177.0,ok
2017-10-09,Al Jawf,11827,21,194.0,ok
2017-10-10,Al Jawf,11827,21,0.0,ok
2017-10-11,Al Jawf,11993,21,166.0,ok
2017-10-14,Al Jawf,12141,21,148.0,ok
2017-10-16,Al Jawf,12280,21,139.0,ok
2017-10-17,Al Jawf,12414,21,134.0,ok
2017-10-21,Al Jawf,12701,21,287.0,ok
2017-10-22,Al Jawf,12758,21,57.0,ok
2017-10-25,Al Jawf,12932,21,174.0,ok
2017-10-28,Al Jawf,13089,21,157.0,ok
2017-10-29,Al Jawf,13144,21,55.0,ok
2017-10-30,Al Jawf,13205,21,61.0,ok
2017-11-03,Al Jawf,13412,21,207.0,ok
2017-11-04,Al Jawf,13483,21,71.0,ok
2017-11-05,Al Jawf,13543,21,60.0,ok
2017-11-06,Al Jawf,13602,22,59.0,ok
2017-11-07,Al Jawf,13663,22,61.0,ok
2017-11-08,Al Jawf,13722,22,59.0,ok
2017-11-19,Al Jawf,14344,22,622.0,ok
2017-11-26,Al Jawf,14689,22,345.0,ok
2017-12-17,Al Jawf,15487,22,798.0,ok
2017-12-31,Al Jawf,15792,22,305.0,ok
2018-01-07,Al Jawf,15821,22,29.0,ok
2018-01-14,Al Jawf,15827,22,6.0,ok
2018-01-21,Al Jawf,15869,22,42.0,ok
2018-01-28,Al Jawf,15936,22,67.0,ok
2018-02-04,Al Jawf,15957,22,21.0,ok
2018-02-11,Al Jawf,15965,22,8.0,ok
2018-02-18,Al Jawf,16018,22,53.0,ok
2017-06-10,Al Maharah,46,0,46.0,ok
2017-06-12,Al Maharah,46,0,0.0,ok
2017-06-13,Al Maharah,70,0,24.0,ok
2017-06-14,Al Maharah,78,0,8.0,ok
2017-06-17,Al Maharah,100,0,22.0,ok
2017-06-18,Al Maharah,110,1,10.0,ok
2017-06-19,Al Maharah,123,1,13.0,ok
2017-06-20,Al Maharah,139,1,16.0,ok
2017-06-21,Al Maharah,151,1,12.0,ok
2017-06-22,Al Maharah,165,1,14.0,ok
2017-06-23,Al Maharah,178,1,13.0,ok
2017-06-24,Al Maharah,192,1,14.0,ok
2017-06-25,Al Maharah,201,1,9.0,ok
2017-06-26,Al Maharah,214,1,13.0,ok
2017-06-27,Al Maharah,229,1,15.0,ok
2017-06-28,Al Maharah,243,1,14.0,ok
2017-06-29,Al Maharah,243,1,0.0,ok
2017-06-30,Al Maharah,268,1,25.0,ok
2017-07-01,Al Maharah,284,1,16.0,ok
2017-07-02,Al Maharah,293,1,9.0,ok
2017-07-03,Al Maharah,306,1,13.0,ok
2017-07-04,Al Maharah,319,1,13.0,ok
2017-07-05,Al Maharah,332,1,13.0,ok
2017-07-06,Al Maharah,338,1,6.0,ok
2017-07-07,Al Maharah,355,1,17.0,ok
2017-07-10,Al Maharah,400,1,45.0,ok
2017-07-11,Al Maharah,411,1,11.0,ok
2017-07-12,Al Maharah,427,1,16.0,ok
2017-07-13,Al Maharah,445,1,18.0,ok
2017-07-14,Al Maharah,462,1,17.0,ok
2017-07-15,Al Maharah,484,1,22.0,ok
2017-07-16,Al Maharah,499,1,15.0,ok
2017-07-17,Al Maharah,511,1,12.0,ok
2017-07-18,Al Maharah,529,1,18.0,ok
2017-07-19,Al Maharah,550,1,21.0,ok
2017-07-20,Al Maharah,573,1,23.0,ok
2017-07-21,Al Maharah,586,1,13.0,ok
2017-07-22,Al Maharah,606,1,20.0,ok
2017-07-23,Al Maharah,620,1,14.0,ok
2017-07-24,Al Maharah,620,1,0.0,ok
2017-07-25,Al Maharah,645,1,25.0,ok
2017-07-26,Al Maharah,662,1,17.0,ok
2017-07-27,Al Maharah,674,1,12.0,ok
2017-07-28,Al Maharah,687,1,13.0,ok
2017-07-29,Al Maharah,703,1,16.0,ok
2017-07-30,Al Maharah,713,1,10.0,ok
2017-07-31,Al Maharah,731,1,18.0,ok
2017-08-01,Al Maharah,731,1,0.0,ok
2017-08-03,Al Maharah,755,1,24.0,ok
2017-08-06,Al Maharah,826,1,71.0,ok
2017-08-13,Al Maharah,943,1,117.0,ok
2017-08-15,Al Maharah,964,1,21.0,ok
2017-08-16,Al Maharah,975,1,11.0,ok
2017-08-17,Al Maharah,995,1,20.0,ok
2017-08-18,Al Maharah,995,1,0.0,ok
2017-08-19,Al Maharah,1021,1,26.0,ok
2017-08-20,Al Maharah,1021,1,0.0,ok
2017-08-21,Al Maharah,1028,1,7.0,ok
2017-08-22,Al Maharah,1048,1,20.0,ok
2017-08-23,Al Maharah,1056,1,8.0,ok
2017-08-24,Al Maharah,1066,1,10.0,ok
2017-08-26,Al Maharah,1081,1,15.0,ok
2017-08-27,Al Maharah,1091,1,10.0,ok
2017-08-28,Al Maharah,1104,1,13.0,ok
2017-08-29,Al Maharah,1109,1,5.0,ok
2017-08-30,Al Maharah,1109,1,0.0,ok
2017-08-31,Al Maharah,1119,1,10.0,ok
2017-09-01,Al Maharah,1121,1,2.0,ok
2017-09-02,Al Maharah,1126,1,5.0,ok
2017-09-03,Al Maharah,1130,1,4.0,ok
2017-09-04,Al Maharah,1137,1,7.0,ok
2017-09-05,Al Maharah,1140,1,3.0,ok
2017-09-06,Al Maharah,1143,1,3.0,ok
2017-09-07,Al Maharah,1147,1,4.0,ok
2017-09-08,Al Maharah,1147,1,0.0,ok
2017-09-09,Al Maharah,1148,1,1.0,ok
2017-09-10,Al Maharah,1151,1,3.0,ok
2017-09-11,Al Maharah,1153,1,2.0,ok
2017-09-12,Al Maharah,1154,1,1.0,ok
2017-09-13,Al Maharah,1156,1,2.0,ok
2017-09-14,Al Maharah,1159,1,3.0,ok
2017-09-15,Al Maharah,1159,1,0.0,ok
2017-09-16,Al Maharah,1159,1,0.0,ok
2017-09-17,Al Maharah,1159,1,0.0,ok
2017-09-18,Al Maharah,1161,1,2.0,ok
2017-09-19,Al Maharah,1162,1,1.0,ok
2017-09-20,Al Maharah,1162,1,0.0,ok
2017-09-21,Al Maharah,1162,1,0.0,ok
2017-09-22,Al Maharah,1162,1,0.0,ok
2017-09-23,Al Maharah,1162,1,0.0,ok
2017-09-24,Al Maharah,1162,1,0.0,ok
2017-09-25,Al Maharah,1162,1,0.0,ok
2017-09-26,Al Maharah,1162,1,0.0,ok
2017-09-27,Al Maharah,1162,1,0.0,ok
2017-09-28,Al Maharah,1162,1,0.0,ok
2017-09-30,Al Maharah,1162,1,0.0,ok
2017-10-01,Al Maharah,1162,1,0.0,ok
2017-10-02,Al Maharah,1162,1,0.0,ok
2017-10-03,Al Maharah,1162,1,0.0,ok
2017-10-04,Al Maharah,1162,1,0.0,ok
2017-10-05,Al Maharah,1162,1,0.0,ok
2017-10-08,Al Maharah,1162,1,0.0,ok
2017-10-09,Al Maharah,1163,1,1.0,ok
2017-10-10,Al Maharah,1163,1,0.0,ok
2017-10-11,Al Maharah,1163,1,0.0,ok
2017-10-14,Al Maharah,1163,1,0.0,ok
2017-10-16,Al Maharah,1163,1,0.0,ok
2017-10-17,Al Maharah,1163,1,0.0,ok
2017-10-21,Al Maharah,1164,1,1.0,ok
2017-10-22,Al Maharah,1164,1,0.0,ok
2017-10-25,Al Maharah,1164,1,0.0,ok
2017-10-28,Al Maharah,1164,1,0.0,ok
2017-10-29,Al Maharah,1164,1,0.0,ok
2017-10-30,Al Maharah,1164,1,0.0,ok
2017-11-03,Al Maharah,1164,1,0.0,ok
2017-11-04,Al Maharah,1164,1,0.0,ok
2017-11-05,Al Maharah,1164,1,0.0,ok
2017-11-06,Al Maharah,1164,1,0.0,ok
2017-11-07,Al Maharah,1164,1,0.0,ok
2017-11-08,Al Maharah,1164,1,0.0,ok
2017-11-19,Al Maharah,1166,1,2.0,ok
2017-11-26,Al Maharah,1167,1,1.0,ok
2017-12-17,Al Maharah,1168,1,1.0,ok
2017-12-31,Al Maharah,1168,1,0.0,ok
2018-01-07,Al Maharah,1168,1,0.0,ok
2018-01-14,Al Maharah,1168,1,0.0,ok
2018-01-21,Al Maharah,1168,1,0.0,ok
2018-01-28,Al Maharah,1168,1,0.0,ok
2018-02-04,Al Maharah,1168,1,0.0,ok
2018-02-11,Al Maharah,1168,1,0.0,ok
2018-02-18,Al Maharah,1168,1,0.0,ok
2017-05-22,Al Mahwit,2486,34,2486.0,ok
2017-05-27,Al Mahwit,3594,45,1108.0,ok
2017-05-30,Al Mahwit,4246,50,652.0,ok
2017-06-04,Al Mahwit,5514,63,1268.0,ok
2017-06-07,Al Mahwit,6196,68,682.0,ok
2017-06-10,Al Mahwit,7126,70,930.0,ok
2017-06-12,Al Mahwit,7405,70,279.0,ok
2017-06-13,Al Mahwit,7634,70,229.0,ok
2017-06-14,Al Mahwit,7815,72,181.0,ok
2017-06-17,Al Mahwit,8535,77,720.0,ok
2017-06-18,Al Mahwit,8822,77,287.0,ok
2017-06-19,Al Mahwit,9116,77,294.0,ok
2017-06-20,Al Mahwit,9214,77,98.0,ok
2017-06-21,Al Mahwit,9466,77,252.0,ok
2017-06-22,Al Mahwit,9744,77,278.0,ok
2017-06-23,Al Mahwit,10035,77,291.0,ok
2017-06-24,Al Mahwit,10305,88,270.0,ok
2017-06-25,Al Mahwit,10500,89,195.0,ok
2017-06-26,Al Mahwit,10892,93,392.0,ok
2017-06-27,Al Mahwit,11320,95,428.0,ok
2017-06-28,Al Mahwit,11763,96,443.0,ok
2017-06-29,Al Mahwit,12128,97,365.0,ok
2017-06-30,Al Mahwit,12648,99,520.0,ok
2017-07-01,Al Mahwit,12936,100,288.0,ok
2017-07-02,Al Mahwit,13228,101,292.0,ok
2017-07-03,Al Mahwit,13465,101,237.0,ok
2017-07-04,Al Mahwit,13811,104,346.0,ok
2017-07-05,Al Mahwit,14193,108,382.0,ok
2017-07-06,Al Mahwit,14572,108,379.0,ok
2017-07-07,Al Mahwit,14921,108,349.0,ok
2017-07-10,Al Mahwit,15819,108,898.0,ok
2017-07-11,Al Mahwit,16444,111,625.0,ok
2017-07-12,Al Mahwit,16922,111,478.0,ok
2017-07-13,Al Mahwit,17877,113,955.0,ok
2017-07-14,Al Mahwit,18243,115,366.0,ok
2017-07-15,Al Mahwit,18963,115,720.0,ok
2017-07-16,Al Mahwit,19278,115,315.0,ok
2017-07-17,Al Mahwit,19650,117,372.0,ok
2017-07-18,Al Mahwit,19997,117,347.0,ok
2017-07-19,Al Mahwit,20320,117,323.0,ok
2017-07-20,Al Mahwit,20320,117,0.0,ok
2017-07-21,Al Mahwit,20697,119,377.0,ok
2017-07-22,Al Mahwit,21537,119,840.0,ok
2017-07-23,Al Mahwit,22621,121,1084.0,ok
2017-07-24,Al Mahwit,22922,121,301.0,ok
2017-07-25,Al Mahwit,23417,122,495.0,ok
2017-07-26,Al Mahwit,23804,123,387.0,ok
2017-07-27,Al Mahwit,24262,124,458.0,ok
2017-07-28,Al Mahwit,24861,124,599.0,ok
2017-07-29,Al Mahwit,25493,125,632.0,ok
2017-07-30,Al Mahwit,25495,125,2.0,ok
2017-07-31,Al Mahwit,25809,128,314.0,ok
2017-08-01,Al Mahwit,26446,128,637.0,ok
2017-08-03,Al Mahwit,27171,128,725.0,ok
2017-08-06,Al Mahwit,28632,131,1461.0,ok
2017-08-13,Al Mahwit,30888,131,2256.0,ok
2017-08-15,Al Mahwit,31178,131,290.0,ok
2017-08-16,Al Mahwit,31447,131,269.0,ok
2017-08-17,Al Mahwit,31739,131,292.0,ok
2017-08-18,Al Mahwit,32054,132,315.0,ok
2017-08-19,Al Mahwit,32357,132,303.0,ok
2017-08-20,Al Mahwit,32674,132,317.0,ok
2017-08-21,Al Mahwit,32883,132,209.0,ok
2017-08-22,Al Mahwit,32884,132,1.0,ok
2017-08-23,Al Mahwit,33531,133,647.0,ok
2017-08-24,Al Mahwit,33905,133,374.0,ok
2017-08-26,Al Mahwit,34246,134,341.0,ok
2017-08-27,Al Mahwit,34403,135,157.0,ok
2017-08-28,Al Mahwit,34763,135,360.0,ok
2017-08-29,Al Mahwit,35048,135,285.0,ok
2017-08-30,Al Mahwit,35377,135,329.0,ok
2017-08-31,Al Mahwit,35964,136,587.0,ok
2017-09-01,Al Mahwit,36036,136,72.0,ok
2017-09-02,Al Mahwit,36178,136,142.0,ok
2017-09-03,Al Mahwit,36484,136,306.0,ok
2017-09-04,Al Mahwit,36952,136,468.0,ok
2017-09-05,Al Mahwit,37310,137,358.0,ok
2017-09-06,Al Mahwit,37617,137,307.0,ok
2017-09-07,Al Mahwit,37854,138,237.0,ok
2017-09-08,Al Mahwit,38136,138,282.0,ok
2017-09-09,Al Mahwit,38398,138,262.0,ok
2017-09-10,Al Mahwit,38702,138,304.0,ok
2017-09-11,Al Mahwit,38833,138,131.0,ok
2017-09-12,Al Mahwit,39300,138,467.0,ok
2017-09-13,Al Mahwit,39617,140,317.0,ok
2017-09-14,Al Mahwit,39803,140,186.0,ok
2017-09-15,Al Mahwit,40118,140,315.0,ok
2017-09-16,Al Mahwit,40392,140,274.0,ok
2017-09-17,Al Mahwit,40638,140,246.0,ok
2017-09-18,Al Mahwit,40952,140,314.0,ok
2017-09-19,Al Mahwit,41184,140,232.0,ok
2017-09-20,Al Mahwit,41185,140,1.0,ok
2017-09-21,Al Mahwit,41415,140,230.0,ok
2017-09-22,Al Mahwit,41632,140,217.0,ok
2017-09-23,Al Mahwit,42061,140,429.0,ok
2017-09-24,Al Mahwit,42377,140,316.0,ok
2017-09-25,Al Mahwit,42641,140,264.0,ok
2017-09-26,Al Mahwit,42908,140,267.0,ok
2017-09-27,Al Mahwit,43184,140,276.0,ok
2017-09-28,Al Mahwit,43416,140,232.0,ok
2017-09-30,Al Mahwit,44100,140,684.0,ok
2017-10-01,Al Mahwit,44411,140,311.0,ok
2017-10-02,Al Mahwit,44411,140,0.0,ok
2017-10-03,Al Mahwit,44965,140,554.0,ok
2017-10-04,Al Mahwit,45284,140,319.0,ok
2017-10-05,Al Mahwit,45531,140,247.0,ok
2017-10-08,Al Mahwit,46190,141,659.0,ok
2017-10-09,Al Mahwit,46676,141,486.0,ok
2017-10-10,Al Mahwit,46686,141,10.0,ok
2017-10-11,Al Mahwit,47304,142,618.0,ok
2017-10-14,Al Mahwit,47976,142,672.0,ok
2017-10-16,Al Mahwit,48237,142,261.0,ok
2017-10-17,Al Mahwit,48516,142,279.0,ok
2017-10-21,Al Mahwit,49420,142,904.0,ok
2017-10-22,Al Mahwit,49611,142,191.0,ok
2017-10-25,Al Mahwit,50191,143,580.0,ok
2017-10-28,Al Mahwit,50953,143,762.0,ok
2017-10-29,Al Mahwit,51167,143,214.0,ok
2017-10-30,Al Mahwit,51480,143,313.0,ok
2017-11-03,Al Mahwit,52181,145,701.0,ok
2017-11-04,Al Mahwit,52415,145,234.0,ok
2017-11-05,Al Mahwit,52607,145,192.0,ok
2017-11-06,Al Mahwit,52777,145,170.0,ok
2017-11-07,Al Mahwit,52777,145,0.0,ok
2017-11-08,Al Mahwit,52920,145,143.0,ok
2017-11-19,Al Mahwit,55551,148,2631.0,ok
2017-11-26,Al Mahwit,56447,148,896.0,ok
2017-12-17,Al Mahwit,58828,149,2381.0,ok
2017-12-31,Al Mahwit,60212,149,1384.0,ok
2018-01-07,Al Mahwit,60805,149,593.0,ok
2018-01-14,Al Mahwit,61097,149,292.0,ok
2018-01-21,Al Mahwit,61564,149,467.0,ok
2018-01-28,Al Mahwit,61927,151,363.0,ok
2018-02-04,Al Mahwit,62275,151,348.0,ok
2018-02-11,Al Mahwit,62606,151,331.0,ok
2018-02-18,Al Mahwit,62887,151,281.0,ok
2017-05-22,Amanat Al Asimah,9216,33,9216.0,ok
2017-05-27,Amanat Al Asimah,12544,36,3328.0,ok
2017-05-30,Amanat Al Asimah,13700,36,1156.0,ok
2017-06-04,Amanat Al Asimah,16386,37,2686.0,ok
2017-06-07,Amanat Al Asimah,18887,39,2501.0,ok
2017-06-10,Amanat Al Asimah,21538,41,2651.0,ok
2017-06-12,Amanat Al Asimah,22113,42,575.0,ok
2017-06-13,Amanat Al Asimah,22661,47,548.0,ok
2017-06-14,Amanat Al Asimah,23436,47,775.0,ok
2017-06-17,Amanat Al Asimah,26126,49,2690.0,ok
2017-06-18,Amanat Al Asimah,27134,51,1008.0,ok
2017-06-19,Amanat Al Asimah,27825,51,691.0,ok
2017-06-20,Amanat Al Asimah,29229,52,1404.0,ok
2017-06-21,Amanat Al Asimah,30178,53,949.0,ok
2017-06-22,Amanat Al Asimah,30882,53,704.0,ok
2017-06-23,Amanat Al Asimah,31660,53,778.0,ok
2017-06-24,Amanat Al Asimah,32455,53,795.0,ok
2017-06-25,Amanat Al Asimah,32812,53,357.0,ok
2017-06-26,Amanat Al Asimah,33349,53,537.0,ok
2017-06-27,Amanat Al Asimah,34312,53,963.0,ok
2017-06-28,Amanat Al Asimah,35060,53,748.0,ok
2017-06-29,Amanat Al Asimah,35693,53,633.0,ok
2017-06-30,Amanat Al Asimah,36240,53,547.0,ok
2017-07-01,Amanat Al Asimah,36915,53,675.0,ok
2017-07-02,Amanat Al Asimah,37981,53,1066.0,ok
2017-07-03,Amanat Al Asimah,38638,53,657.0,ok
2017-07-04,Amanat Al Asimah,39316,53,678.0,ok
2017-07-05,Amanat Al Asimah,39972,53,656.0,ok
2017-07-06,Amanat Al Asimah,40477,54,505.0,ok
2017-07-07,Amanat Al Asimah,40840,54,363.0,ok
2017-07-10,Amanat Al Asimah,42142,56,1302.0,ok
2017-07-11,Amanat Al Asimah,42765,56,623.0,ok
2017-07-12,Amanat Al Asimah,43578,56,813.0,ok
2017-07-13,Amanat Al Asimah,44187,56,609.0,ok
2017-07-14,Amanat Al Asimah,44755,56,568.0,ok
2017-07-15,Amanat Al Asimah,45227,56,472.0,ok
2017-07-16,Amanat Al Asimah,45701,57,474.0,ok
2017-07-17,Amanat Al Asimah,46477,59,776.0,ok
2017-07-18,Amanat Al Asimah,46985,59,508.0,ok
2017-07-19,Amanat Al Asimah,47647,60,662.0,ok
2017-07-20,Amanat Al Asimah,48100,60,453.0,ok
2017-07-21,Amanat Al Asimah,48430,60,330.0,ok
2017-07-22,Amanat Al Asimah,48916,60,486.0,ok
2017-07-23,Amanat Al Asimah,49311,60,395.0,ok
2017-07-24,Amanat Al Asimah,49850,60,539.0,ok
2017-07-25,Amanat Al Asimah,50331,60,481.0,ok
2017-07-26,Amanat Al Asimah,50835,60,504.0,ok
2017-07-27,Amanat Al Asimah,51083,60,248.0,ok
2017-07-28,Amanat Al Asimah,51571,60,488.0,ok
2017-07-29,Amanat Al Asimah,51900,60,329.0,ok
2017-07-30,Amanat Al Asimah,52415,60,515.0,ok
2017-07-31,Amanat Al Asimah,53975,60,1560.0,ok
2017-08-01,Amanat Al Asimah,54651,60,676.0,ok
2017-08-03,Amanat Al Asimah,55563,61,912.0,ok
2017-08-06,Amanat Al Asimah,57751,61,2188.0,ok
2017-08-13,Amanat Al Asimah,60100,61,2349.0,ok
2017-08-15,Amanat Al Asimah,61384,62,1284.0,ok
2017-08-16,Amanat Al Asimah,61771,62,387.0,ok
2017-08-17,Amanat Al Asimah,62193,62,422.0,ok
2017-08-18,Amanat Al Asimah,62367,62,174.0,ok
2017-08-19,Amanat Al Asimah,62557,62,190.0,ok
2017-08-20,Amanat Al Asimah,62977,63,420.0,ok
2017-08-21,Amanat Al Asimah,63480,63,503.0,ok
2017-08-22,Amanat Al Asimah,63840,64,360.0,ok
2017-08-23,Amanat Al Asimah,64174,64,334.0,ok
2017-08-24,Amanat Al Asimah,64786,64,612.0,ok
2017-08-26,Amanat Al Asimah,65111,64,325.0,ok
2017-08-27,Amanat Al Asimah,65399,64,288.0,ok
2017-08-28,Amanat Al Asimah,65609,64,210.0,ok
2017-08-29,Amanat Al Asimah,65878,64,269.0,ok
2017-08-30,Amanat Al Asimah,66070,64,192.0,ok
2017-08-31,Amanat Al Asimah,66523,64,453.0,ok
2017-09-01,Amanat Al Asimah,66675,64,152.0,ok
2017-09-02,Amanat Al Asimah,66928,64,253.0,ok
2017-09-03,Amanat Al Asimah,67222,64,294.0,ok
2017-09-04,Amanat Al Asimah,67734,64,512.0,ok
2017-09-05,Amanat Al Asimah,68040,64,306.0,ok
2017-09-06,Amanat Al Asimah,68349,64,309.0,ok
2017-09-07,Amanat Al Asimah,68872,65,523.0,ok
2017-09-08,Amanat Al Asimah,69162,65,290.0,ok
2017-09-09,Amanat Al Asimah,69601,66,439.0,ok
2017-09-10,Amanat Al Asimah,70012,66,411.0,ok
2017-09-11,Amanat Al Asimah,70350,66,338.0,ok
2017-09-12,Amanat Al Asimah,70669,66,319.0,ok
2017-09-13,Amanat Al Asimah,71081,66,412.0,ok
2017-09-14,Amanat Al Asimah,71346,66,265.0,ok
2017-09-15,Amanat Al Asimah,71740,66,394.0,ok
2017-09-16,Amanat Al Asimah,72020,66,280.0,ok
2017-09-17,Amanat Al Asimah,72500,66,480.0,ok
2017-09-18,Amanat Al Asimah,72913,66,413.0,ok
2017-09-19,Amanat Al Asimah,73164,66,251.0,ok
2017-09-20,Amanat Al Asimah,73384,66,220.0,ok
2017-09-21,Amanat Al Asimah,73823,66,439.0,ok
2017-09-22,Amanat Al Asimah,74182,66,359.0,ok
2017-09-23,Amanat Al Asimah,74327,66,145.0,ok
2017-09-24,Amanat Al Asimah,74778,66,451.0,ok
2017-09-25,Amanat Al Asimah,75088,66,310.0,ok
2017-09-26,Amanat Al Asimah,75547,66,459.0,ok
2017-09-27,Amanat Al Asimah,75864,66,317.0,ok
2017-09-28,Amanat Al Asimah,76203,66,339.0,ok
2017-09-30,Amanat Al Asimah,76925,66,722.0,ok
2017-10-01,Amanat Al Asimah,77215,66,290.0,ok
2017-10-02,Amanat Al Asimah,77215,66,0.0,ok
2017-10-03,Amanat Al Asimah,77835,66,620.0,ok
2017-10-04,Amanat Al Asimah,78238,66,403.0,ok
2017-10-05,Amanat Al Asimah,78522,67,284.0,ok
2017-10-08,Amanat Al Asimah,78898,67,376.0,ok
2017-10-09,Amanat Al Asimah,79550,67,652.0,ok
2017-10-10,Amanat Al Asimah,79551,67,1.0,ok
2017-10-11,Amanat Al Asimah,80140,67,589.0,ok
2017-10-14,Amanat Al Asimah,80884,67,744.0,ok
2017-10-16,Amanat Al Asimah,81270,67,386.0,ok
2017-10-17,Amanat Al Asimah,81559,68,289.0,ok
2017-10-21,Amanat Al Asimah,82431,68,872.0,ok
2017-10-22,Amanat Al Asimah,82589,68,158.0,ok
2017-10-25,Amanat Al Asimah,83764,68,1175.0,ok
2017-10-28,Amanat Al Asimah,84593,68,829.0,ok
2017-10-29,Amanat Al Asimah,84836,68,243.0,ok
2017-10-30,Amanat Al Asimah,85073,68,237.0,ok
2017-11-03,Amanat Al Asimah,86324,68,1251.0,ok
2017-11-04,Amanat Al Asimah,86420,68,96.0,ok
2017-11-05,Amanat Al Asimah,86788,68,368.0,ok
2017-11-06,Amanat Al Asimah,87064,68,276.0,ok
2017-11-07,Amanat Al Asimah,87293,68,229.0,ok
2017-11-08,Amanat Al Asimah,87578,68,285.0,ok
2017-11-19,Amanat Al Asimah,90486,69,2908.0,ok
2017-11-26,Amanat Al Asimah,91799,70,1313.0,ok
2017-12-17,Amanat Al Asimah,95298,70,3499.0,ok
2017-12-31,Amanat Al Asimah,98105,70,2807.0,ok
2018-01-07,Amanat Al Asimah,98975,70,870.0,ok
2018-01-14,Amanat Al Asimah,99452,70,477.0,ok
2018-01-21,Amanat Al Asimah,100596,70,1144.0,ok
2018-01-28,Amanat Al Asimah,101364,71,768.0,ok
2018-02-04,Amanat Al Asimah,101910,71,546.0,ok
2018-02-11,Amanat Al Asimah,102493,71,583.0,ok
2018-02-18,Amanat Al Asimah,103184,71,691.0,ok
2017-05-22,Amran,3743,45,3743.0,ok
2017-05-27,Amran,5972,57,2229.0,ok
2017-05-30,Amran,6977,76,1005.0,ok
2017-06-04,Amran,9500,90,2523.0,ok
2017-06-07,Amran,11124,94,1624.0,ok
2017-06-10,Amran,13148,105,2024.0,ok
2017-06-12,Amran,13828,106,680.0,ok
2017-06-13,Amran,14350,109,522.0,ok
2017-06-14,Amran,14937,112,587.0,ok
2017-06-17,Amran,16832,115,1895.0,ok
2017-06-18,Amran,17561,120,729.0,ok
2017-06-19,Amran,18311,123,750.0,ok
2017-06-20,Amran,19147,127,836.0,ok
2017-06-21,Amran,19965,129,818.0,ok
2017-06-22,Amran,20703,131,738.0,ok
2017-06-23,Amran,21426,133,723.0,ok
2017-06-24,Amran,22089,133,663.0,ok
2017-06-25,Amran,22830,133,741.0,ok
2017-06-26,Amran,23402,137,572.0,ok
2017-06-27,Amran,24373,139,971.0,ok
2017-06-28,Amran,25156,140,783.0,ok
2017-06-29,Amran,26847,142,1691.0,ok
2017-06-30,Amran,26866,142,19.0,ok
2017-07-01,Amran,27287,143,421.0,ok
2017-07-02,Amran,28058,144,771.0,ok
2017-07-03,Amran,28853,145,795.0,ok
2017-07-04,Amran,29533,146,680.0,ok
2017-07-05,Amran,30135,146,602.0,ok
2017-07-06,Amran,30827,146,692.0,ok
2017-07-07,Amran,31424,147,597.0,ok
2017-07-10,Amran,32611,149,1187.0,ok
2017-07-11,Amran,32625,149,14.0,ok
2017-07-12,Amran,33861,149,1236.0,ok
2017-07-13,Amran,34462,149,601.0,ok
2017-07-14,Amran,34994,149,532.0,ok
2017-07-15,Amran,35419,149,425.0,ok
2017-07-16,Amran,36116,149,697.0,ok
2017-07-17,Amran,36740,149,624.0,ok
2017-07-18,Amran,37260,150,520.0,ok
2017-07-19,Amran,37814,150,554.0,ok
2017-07-20,Amran,38342,150,528.0,ok
2017-07-21,Amran,38802,150,460.0,ok
2017-07-22,Amran,39277,150,475.0,ok
2017-07-23,Amran,39803,150,526.0,ok
2017-07-24,Amran,40488,150,685.0,ok
2017-07-25,Amran,41038,150,550.0,ok
2017-07-26,Amran,41587,150,549.0,ok
2017-07-27,Amran,42250,150,663.0,ok
2017-07-28,Amran,42870,150,620.0,ok
2017-07-29,Amran,43362,150,492.0,ok
2017-07-30,Amran,43866,150,504.0,ok
2017-07-31,Amran,44457,150,591.0,ok
2017-08-01,Amran,45040,151,583.0,ok
2017-08-03,Amran,46133,151,1093.0,ok
2017-08-06,Amran,48509,151,2376.0,ok
2017-08-13,Amran,51827,153,3318.0,ok
2017-08-15,Amran,52904,153,1077.0,ok
2017-08-16,Amran,53430,153,526.0,ok
2017-08-17,Amran,53940,154,510.0,ok
2017-08-18,Amran,54380,154,440.0,ok
2017-08-19,Amran,54878,154,498.0,ok
2017-08-20,Amran,55473,154,595.0,ok
2017-08-21,Amran,55996,154,523.0,ok
2017-08-22,Amran,56510,155,514.0,ok
2017-08-23,Amran,57054,155,544.0,ok
2017-08-24,Amran,57345,156,291.0,ok
2017-08-26,Amran,58473,156,1128.0,ok
2017-08-27,Amran,59000,157,527.0,ok
2017-08-28,Amran,59561,157,561.0,ok
2017-08-29,Amran,60033,158,472.0,ok
2017-08-30,Amran,60571,159,538.0,ok
2017-08-31,Amran,60986,159,415.0,ok
2017-09-01,Amran,61414,159,428.0,ok
2017-09-02,Amran,61736,159,322.0,ok
2017-09-03,Amran,62213,159,477.0,ok
2017-09-04,Amran,62702,159,489.0,ok
2017-09-05,Amran,63255,160,553.0,ok
2017-09-06,Amran,64154,160,899.0,ok
2017-09-07,Amran,64803,161,649.0,ok
2017-09-08,Amran,65510,161,707.0,ok
2017-09-09,Amran,66018,161,508.0,ok
2017-09-10,Amran,66512,161,494.0,ok
2017-09-11,Amran,67099,161,587.0,ok
2017-09-12,Amran,67590,161,491.0,ok
2017-09-13,Amran,68151,161,561.0,ok
2017-09-14,Amran,68155,161,4.0,ok
2017-09-15,Amran,69266,161,1111.0,ok
2017-09-16,Amran,69707,162,441.0,ok
2017-09-17,Amran,70242,162,535.0,ok
2017-09-18,Amran,70694,163,452.0,ok
2017-09-19,Amran,71244,165,550.0,ok
2017-09-20,Amran,71761,166,517.0,ok
2017-09-21,Amran,72314,167,553.0,ok
2017-09-22,Amran,72726,167,412.0,ok
2017-09-23,Amran,73107,167,381.0,ok
2017-09-24,Amran,73681,167,574.0,ok
2017-09-25,Amran,74191,167,510.0,ok
2017-09-26,Amran,74594,167,403.0,ok
2017-09-27,Amran,75093,167,499.0,ok
2017-09-28,Amran,75556,167,463.0,ok
2017-09-30,Amran,76425,167,869.0,ok
2017-10-01,Amran,76931,167,506.0,ok
2017-10-02,Amran,76931,167,0.0,ok
2017-10-03,Amran,77685,168,754.0,ok
2017-10-04,Amran,78094,169,409.0,ok
2017-10-05,Amran,78500,169,406.0,ok
2017-10-08,Amran,79187,169,687.0,ok
2017-10-09,Amran,79962,169,775.0,ok
2017-10-10,Amran,79964,169,2.0,ok
2017-10-11,Amran,80619,169,655.0,ok
2017-10-14,Amran,81570,169,951.0,ok
2017-10-16,Amran,82297,169,727.0,ok
2017-10-17,Amran,82681,169,384.0,ok
2017-10-21,Amran,84061,169,1380.0,ok
2017-10-22,Amran,84410,170,349.0,ok
2017-10-25,Amran,85241,170,831.0,ok
2017-10-28,Amran,85989,170,748.0,ok
2017-10-29,Amran,86304,170,315.0,ok
2017-10-30,Amran,86598,170,294.0,ok
2017-11-03,Amran,88146,170,1548.0,ok
2017-11-04,Amran,88434,170,288.0,ok
2017-11-05,Amran,88847,170,413.0,ok
2017-11-06,Amran,89162,170,315.0,ok
2017-11-07,Amran,89411,170,249.0,ok
2017-11-08,Amran,89729,170,318.0,ok
2017-11-19,Amran,93041,174,3312.0,ok
2017-11-26,Amran,94581,174,1540.0,ok
2017-12-17,Amran,98452,174,3871.0,ok
2017-12-31,Amran,100981,174,2529.0,ok
2018-01-07,Amran,101793,174,812.0,ok
2018-01-14,Amran,102231,175,438.0,ok
2018-01-21,Amran,102917,175,686.0,ok
2018-01-28,Amran,103285,176,368.0,ok
2018-02-04,Amran,103556,176,271.0,ok
2018-02-11,Amran,103814,176,258.0,ok
2018-02-18,Amran,103965,176,151.0,ok
2017-05-22,Dhamar,1617,33,1617.0,ok
2017-05-27,Dhamar,2507,41,890.0,ok
2017-05-30,Dhamar,3033,44,526.0,ok
2017-06-04,Dhamar,4060,52,1027.0,ok
2017-06-07,Dhamar,4845,55,785.0,ok
2017-06-10,Dhamar,6031,60,1186.0,ok
2017-06-12,Dhamar,6314,61,283.0,ok
2017-06-13,Dhamar,6555,67,241.0,ok
2017-06-14,Dhamar,6847,69,292.0,ok
2017-06-17,Dhamar,8082,80,1235.0,ok
2017-06-18,Dhamar,8489,81,407.0,ok
2017-06-19,Dhamar,8902,84,413.0,ok
2017-06-20,Dhamar,9340,85,438.0,ok
2017-06-21,Dhamar,9815,86,475.0,ok
2017-06-22,Dhamar,10234,87,419.0,ok
2017-06-23,Dhamar,10654,90,420.0,ok
2017-06-24,Dhamar,10894,92,240.0,ok
2017-06-25,Dhamar,11251,92,357.0,ok
2017-06-26,Dhamar,11742,94,491.0,ok
2017-06-27,Dhamar,12337,96,595.0,ok
2017-06-28,Dhamar,12837,100,500.0,ok
2017-06-29,Dhamar,13433,100,596.0,ok
2017-06-30,Dhamar,14006,102,573.0,ok
2017-07-01,Dhamar,14708,106,702.0,ok
2017-07-02,Dhamar,15443,109,735.0,ok
2017-07-03,Dhamar,16133,109,690.0,ok
2017-07-04,Dhamar,16817,111,684.0,ok
2017-07-05,Dhamar,17404,112,587.0,ok
2017-07-06,Dhamar,18124,112,720.0,ok
2017-07-07,Dhamar,18840,113,716.0,ok
2017-07-10,Dhamar,20135,114,1295.0,ok
2017-07-11,Dhamar,20848,114,713.0,ok
2017-07-12,Dhamar,21429,114,581.0,ok
2017-07-13,Dhamar,22223,116,794.0,ok
2017-07-14,Dhamar,22981,117,758.0,ok
2017-07-15,Dhamar,23525,118,544.0,ok
2017-07-16,Dhamar,24279,119,754.0,ok
2017-07-17,Dhamar,24935,119,656.0,ok
2017-07-18,Dhamar,25683,124,748.0,ok
2017-07-19,Dhamar,26343,124,660.0,ok
2017-07-20,Dhamar,26923,126,580.0,ok
2017-07-21,Dhamar,27465,126,542.0,ok
2017-07-22,Dhamar,28129,126,664.0,ok
2017-07-23,Dhamar,28829,126,700.0,ok
2017-07-24,Dhamar,29426,126,597.0,ok
2017-07-25,Dhamar,30039,128,613.0,ok
2017-07-26,Dhamar,30635,129,596.0,ok
2017-07-27,Dhamar,31260,129,625.0,ok
2017-07-28,Dhamar,31817,130,557.0,ok
2017-07-29,Dhamar,32452,130,635.0,ok
2017-07-30,Dhamar,33040,131,588.0,ok
2017-07-31,Dhamar,33647,132,607.0,ok
2017-08-01,Dhamar,34230,132,583.0,ok
2017-08-03,Dhamar,35383,133,1153.0,ok
2017-08-06,Dhamar,37399,134,2016.0,ok
2017-08-13,Dhamar,41415,140,4016.0,ok
2017-08-15,Dhamar,42639,140,1224.0,ok
2017-08-16,Dhamar,43170,140,531.0,ok
2017-08-17,Dhamar,43177,140,7.0,ok
2017-08-18,Dhamar,43714,141,537.0,ok
2017-08-19,Dhamar,44410,141,696.0,ok
2017-08-20,Dhamar,45035,142,625.0,ok
2017-08-21,Dhamar,45704,142,669.0,ok
2017-08-22,Dhamar,46344,142,640.0,ok
2017-08-23,Dhamar,46844,142,500.0,ok
2017-08-24,Dhamar,47544,142,700.0,ok
2017-08-26,Dhamar,48781,143,1237.0,ok
2017-08-27,Dhamar,49420,144,639.0,ok
2017-08-28,Dhamar,49987,144,567.0,ok
2017-08-29,Dhamar,50495,144,508.0,ok
2017-08-30,Dhamar,51041,144,546.0,ok
2017-08-31,Dhamar,51556,145,515.0,ok
2017-09-01,Dhamar,51891,145,335.0,ok
2017-09-02,Dhamar,52376,145,485.0,ok
2017-09-03,Dhamar,52927,145,551.0,ok
2017-09-04,Dhamar,53512,145,585.0,ok
2017-09-05,Dhamar,54157,145,645.0,ok
2017-09-06,Dhamar,54819,145,662.0,ok
2017-09-07,Dhamar,55498,146,679.0,ok
2017-09-08,Dhamar,56081,146,583.0,ok
2017-09-09,Dhamar,56617,146,536.0,ok
2017-09-10,Dhamar,57168,146,551.0,ok
2017-09-11,Dhamar,57774,146,606.0,ok
2017-09-12,Dhamar,58315,146,541.0,ok
2017-09-13,Dhamar,58334,146,19.0,ok
2017-09-14,Dhamar,59514,148,1180.0,ok
2017-09-15,Dhamar,60057,148,543.0,ok
2017-09-16,Dhamar,60625,148,568.0,ok
2017-09-17,Dhamar,61129,148,504.0,ok
2017-09-18,Dhamar,61621,148,492.0,ok
2017-09-19,Dhamar,62191,151,570.0,ok
2017-09-20,Dhamar,62708,151,517.0,ok
2017-09-21,Dhamar,63308,151,600.0,ok
2017-09-22,Dhamar,63753,151,445.0,ok
2017-09-23,Dhamar,64243,151,490.0,ok
2017-09-24,Dhamar,64725,151,482.0,ok
2017-09-25,Dhamar,65274,152,549.0,ok
2017-09-26,Dhamar,65803,152,529.0,ok
2017-09-27,Dhamar,66302,152,499.0,ok
2017-09-28,Dhamar,66834,153,532.0,ok
2017-09-30,Dhamar,67794,153,960.0,ok
2017-10-01,Dhamar,68332,153,538.0,ok
2017-10-02,Dhamar,68332,153,0.0,ok
2017-10-03,Dhamar,68849,153,517.0,ok
2017-10-04,Dhamar,69777,153,928.0,ok
2017-10-05,Dhamar,70248,153,471.0,ok
2017-10-08,Dhamar,71274,153,1026.0,ok
2017-10-09,Dhamar,72233,153,959.0,ok
2017-10-10,Dhamar,72233,153,0.0,ok
2017-10-11,Dhamar,73267,154,1034.0,ok
2017-10-14,Dhamar,74700,154,1433.0,ok
2017-10-16,Dhamar,75686,155,986.0,ok
2017-10-17,Dhamar,76138,156,452.0,ok
2017-10-21,Dhamar,77788,156,1650.0,ok
2017-10-22,Dhamar,78103,156,315.0,ok
2017-10-25,Dhamar,79200,156,1097.0,ok
2017-10-28,Dhamar,80437,156,1237.0,ok
2017-10-29,Dhamar,80846,156,409.0,ok
2017-10-30,Dhamar,81297,156,451.0,ok
2017-11-03,Dhamar,82863,156,1566.0,ok
2017-11-04,Dhamar,83229,156,366.0,ok
2017-11-05,Dhamar,83610,156,381.0,ok
2017-11-06,Dhamar,83967,156,357.0,ok
2017-11-07,Dhamar,84347,157,380.0,ok
2017-11-08,Dhamar,84741,157,394.0,ok
2017-11-19,Dhamar,88515,158,3774.0,ok
2017-11-26,Dhamar,90560,160,2045.0,ok
2017-12-17,Dhamar,95054,160,4494.0,ok
2017-12-31,Dhamar,97741,160,2687.0,ok
2018-01-07,Dhamar,98861,160,1120.0,ok
2018-01-14,Dhamar,99766,160,905.0,ok
2018-01-21,Dhamar,100842,161,1076.0,ok
2018-01-28,Dhamar,101535,161,693.0,ok
2018-02-04,Dhamar,102185,161,650.0,ok
2018-02-11,Dhamar,102774,161,589.0,ok
2018-02-18,Dhamar,103214,161,440.0,ok
2017-06-30,Hadramawt,2,0,2.0,ok
2017-07-01,Hadramawt,2,0,0.0,ok
2017-07-02,Hadramawt,2,0,0.0,ok
2017-07-03,Hadramawt,2,0,0.0,ok
2017-07-04,Hadramawt,2,0,0.0,ok
2017-07-05,Hadramawt,2,0,0.0,ok
2017-07-06,Hadramawt,6,0,4.0,ok
2017-07-07,Hadramawt,6,0,0.0,ok
2017-07-10,Hadramawt,4,0,0.0,corrected_negative
2017-07-11,Hadramawt,4,0,0.0,ok
2017-07-12,Hadramawt,4,0,0.0,ok
2017-07-13,Hadramawt,4,0,0.0,ok
2017-07-14,Hadramawt,4,0,0.0,ok
2017-07-15,Hadramawt,4,0,0.0,ok
2017-07-16,Hadramawt,6,0,2.0,ok
2017-07-17,Hadramawt,6,0,0.0,ok
2017-07-18,Hadramawt,6,0,0.0,ok
2017-07-19,Hadramawt,7,0,1.0,ok
2017-07-20,Hadramawt,7,0,0.0,ok
2017-07-21,Hadramawt,7,0,0.0,ok
2017-07-22,Hadramawt,7,0,0.0,ok
2017-07-23,Hadramawt,7,0,0.0,ok
2017-07-24,Hadramawt,7,0,0.0,ok
2017-07-25,Hadramawt,7,0,0.0,ok
2017-07-26,Hadramawt,7,0,0.0,ok
2017-07-27,Hadramawt,7,0,0.0,ok
2017-07-28,Hadramawt,7,0,0.0,ok
2017-07-29,Hadramawt,7,0,0.0,ok
2017-07-30,Hadramawt,7,0,0.0,ok
2017-07-31,Hadramawt,28,0,21.0,ok
2017-08-01,Hadramawt,49,1,21.0,ok
2017-08-03,Hadramawt,65,1,16.0,ok
2017-08-06,Hadramawt,90,1,25.0,ok
2017-08-13,Hadramawt,125,1,35.0,ok
2017-08-15,Hadramawt,137,1,12.0,ok
2017-08-16,Hadramawt,143,1,6.0,ok
2017-08-17,Hadramawt,143,1,0.0,ok
2017-08-18,Hadramawt,143,1,0.0,ok
2017-08-19,Hadramawt,155,1,12.0,ok
2017-08-20,Hadramawt,155,1,0.0,ok
2017-08-21,Hadramawt,155,1,0.0,ok
2017-08-22,Hadramawt,167,1,12.0,ok
2017-08-23,Hadramawt,167,1,0.0,ok
2017-08-24,Hadramawt,180,1,13.0,ok
2017-08-26,Hadramawt,182,1,2.0,ok
2017-08-27,Hadramawt,190,1,8.0,ok
2017-08-28,Hadramawt,200,1,10.0,ok
2017-08-29,Hadramawt,206,1,6.0,ok
2017-08-30,Hadramawt,209,1,3.0,ok
2017-08-31,Hadramawt,221,1,12.0,ok
2017-09-01,Hadramawt,227,1,6.0,ok
2017-09-02,Hadramawt,231,1,4.0,ok
2017-09-03,Hadramawt,238,1,7.0,ok
2017-09-04,Hadramawt,255,1,17.0,ok
2017-09-05,Hadramawt,278,1,23.0,ok
2017-09-06,Hadramawt,282,1,4.0,ok
2017-09-07,Hadramawt,286,1,4.0,ok
2017-09-08,Hadramawt,314,1,28.0,ok
2017-09-09,Hadramawt,314,1,0.0,ok
2017-09-10,Hadramawt,321,1,7.0,ok
2017-09-11,Hadramawt,323,1,2.0,ok
2017-09-12,Hadramawt,323,1,0.0,ok
2017-09-13,Hadramawt,352,1,29.0,ok
2017-09-14,Hadramawt,369,1,17.0,ok
2017-09-15,Hadramawt,378,1,9.0,ok
2017-09-16,Hadramawt,396,1,18.0,ok
2017-09-17,Hadramawt,417,1,21.0,ok
2017-09-18,Hadramawt,427,1,10.0,ok
2017-09-19,Hadramawt,438,1,11.0,ok
2017-09-20,Hadramawt,458,1,20.0,ok
2017-09-21,Hadramawt,468,2,10.0,ok
2017-09-22,Hadramawt,470,2,2.0,ok
2017-09-23,Hadramawt,479,2,9.0,ok
2017-09-24,Hadramawt,483,2,4.0,ok
2017-09-25,Hadramawt,483,2,0.0,ok
2017-09-26,Hadramawt,495,2,12.0,ok
2017-09-27,Hadramawt,509,2,14.0,ok
2017-09-28,Hadramawt,509,2,0.0,ok
2017-09-30,Hadramawt,528,2,19.0,ok
2017-10-01,Hadramawt,533,2,5.0,ok
2017-10-02,Hadramawt,533,2,0.0,ok
2017-10-03,Hadramawt,541,2,8.0,ok
2017-10-04,Hadramawt,541,2,0.0,ok
2017-10-05,Hadramawt,546,2,5.0,ok
2017-10-08,Hadramawt,551,2,5.0,ok
2017-10-09,Hadramawt,561,2,10.0,ok
2017-10-10,Hadramawt,559,2,0.0,corrected_negative
2017-10-11,Hadramawt,563,2,4.0,ok
2017-10-14,Hadramawt,574,2,11.0,ok
2017-10-16,Hadramawt,576,2,2.0,ok
2017-10-17,Hadramawt,578,2,2.0,ok
2017-10-21,Hadramawt,580,2,2.0,ok
2017-10-22,Hadramawt,580,2,0.0,ok
2017-10-25,Hadramawt,585,2,5.0,ok
2017-10-28,Hadramawt,586,2,1.0,ok
2017-10-29,Hadramawt,586,2,0.0,ok
2017-10-30,Hadramawt,586,2,0.0,ok
2017-11-03,Hadramawt,586,2,0.0,ok
2017-11-04,Hadramawt,586,2,0.0,ok
2017-11-05,Hadramawt,586,2,0.0,ok
2017-11-06,Hadramawt,586,2,0.0,ok
2017-11-07,Hadramawt,586,2,0.0,ok
2017-11-08,Hadramawt,586,2,0.0,ok
2017-11-19,Hadramawt,587,2,1.0,ok
2017-11-26,Hadramawt,587,2,0.0,ok
2017-12-17,Hadramawt,588,2,1.0,ok
2017-12-31,Hadramawt,588,2,0.0,ok
2018-01-07,Hadramawt,590,2,2.0,ok
2018-01-14,Hadramawt,590,2,0.0,ok
2018-01-21,Hadramawt,590,2,0.0,ok
2018-01-28,Hadramawt,590,2,0.0,ok
2018-02-04,Hadramawt,590,2,0.0,ok
2018-02-11,Hadramawt,590,2,0.0,ok
2018-02-18,Hadramawt,591,2,1.0,ok
2017-05-22,Hajjah,4664,42,4664.0,ok
2017-05-27,Hajjah,5980,62,1316.0,ok
2017-05-30,Hajjah,7143,70,1163.0,ok
2017-06-04,Hajjah,9864,102,2721.0,ok
2017-06-07,Hajjah,11224,130,1360.0,ok
2017-06-10,Hajjah,13279,146,2055.0,ok
2017-06-12,Hajjah,13626,146,347.0,ok
2017-06-13,Hajjah,14453,146,827.0,ok
2017-06-14,Hajjah,14466,146,13.0,ok
2017-06-17,Hajjah,16655,181,2189.0,ok
2017-06-18,Hajjah,17431,181,776.0,ok
2017-06-19,Hajjah,17439,181,8.0,ok
2017-06-20,Hajjah,18715,186,1276.0,ok
2017-06-21,Hajjah,18951,187,236.0,ok
2017-06-22,Hajjah,20206,188,1255.0,ok
2017-06-23,Hajjah,21800,195,1594.0,ok
2017-06-24,Hajjah,23400,201,1600.0,ok
2017-06-25,Hajjah,23550,213,150.0,ok
2017-06-26,Hajjah,24566,223,1016.0,ok
2017-06-27,Hajjah,24580,223,14.0,ok
2017-06-28,Hajjah,24819,223,239.0,ok
2017-06-29,Hajjah,25335,243,516.0,ok
2017-06-30,Hajjah,27158,268,1823.0,ok
2017-07-01,Hajjah,27672,288,514.0,ok
2017-07-02,Hajjah,29095,288,1423.0,ok
2017-07-03,Hajjah,29255,297,160.0,ok
2017-07-04,Hajjah,29800,304,545.0,ok
2017-07-05,Hajjah,30271,308,471.0,ok
2017-07-06,Hajjah,31329,312,1058.0,ok
2017-07-07,Hajjah,31907,325,578.0,ok
2017-07-10,Hajjah,34249,335,2342.0,ok
2017-07-11,Hajjah,35310,338,1061.0,ok
2017-07-12,Hajjah,35336,338,26.0,ok
2017-07-13,Hajjah,36136,344,800.0,ok
2017-07-14,Hajjah,36643,345,507.0,ok
2017-07-15,Hajjah,37018,345,375.0,ok
2017-07-16,Hajjah,37647,345,629.0,ok
2017-07-17,Hajjah,37990,346,343.0,ok
2017-07-18,Hajjah,38001,346,11.0,ok
2017-07-19,Hajjah,38936,353,935.0,ok
2017-07-20,Hajjah,38947,353,11.0,ok
2017-07-21,Hajjah,39787,355,840.0,ok
2017-07-22,Hajjah,40800,356,1013.0,ok
2017-07-23,Hajjah,41385,357,585.0,ok
2017-07-24,Hajjah,41391,357,6.0,ok
2017-07-25,Hajjah,42363,358,972.0,ok
2017-07-26,Hajjah,42840,358,477.0,ok
2017-07-27,Hajjah,43210,358,370.0,ok
2017-07-28,Hajjah,43970,358,760.0,ok
2017-07-29,Hajjah,44563,359,593.0,ok
2017-07-30,Hajjah,45073,359,510.0,ok
2017-07-31,Hajjah,45346,359,273.0,ok
2017-08-01,Hajjah,46354,362,1008.0,ok
2017-08-03,Hajjah,47389,366,1035.0,ok
2017-08-06,Hajjah,49977,374,2588.0,ok
2017-08-13,Hajjah,53134,378,3157.0,ok
2017-08-15,Hajjah,54488,378,1354.0,ok
2017-08-16,Hajjah,55131,378,643.0,ok
2017-08-17,Hajjah,55866,380,735.0,ok
2017-08-18,Hajjah,56652,381,786.0,ok
2017-08-19,Hajjah,57382,381,730.0,ok
2017-08-20,Hajjah,57770,381,388.0,ok
2017-08-21,Hajjah,58490,381,720.0,ok
2017-08-22,Hajjah,58939,381,449.0,ok
2017-08-23,Hajjah,59744,382,805.0,ok
2017-08-24,Hajjah,60025,382,281.0,ok
2017-08-26,Hajjah,60933,382,908.0,ok
2017-08-27,Hajjah,62081,382,1148.0,ok
2017-08-28,Hajjah,62623,382,542.0,ok
2017-08-29,Hajjah,63051,382,428.0,ok
2017-08-30,Hajjah,64526,383,1475.0,ok
2017-08-31,Hajjah,64832,383,306.0,ok
2017-09-01,Hajjah,65176,383,344.0,ok
2017-09-02,Hajjah,65943,384,767.0,ok
2017-09-03,Hajjah,66320,384,377.0,ok
2017-09-04,Hajjah,67237,384,917.0,ok
2017-09-05,Hajjah,67770,386,533.0,ok
2017-09-06,Hajjah,68433,387,663.0,ok
2017-09-07,Hajjah,69428,389,995.0,ok
2017-09-08,Hajjah,70893,389,1465.0,ok
2017-09-09,Hajjah,71067,389,174.0,ok
2017-09-10,Hajjah,72029,390,962.0,ok
2017-09-11,Hajjah,73077,391,1048.0,ok
2017-09-12,Hajjah,73720,392,643.0,ok
2017-09-13,Hajjah,74349,393,629.0,ok
2017-09-14,Hajjah,75421,393,1072.0,ok
2017-09-15,Hajjah,76104,393,683.0,ok
2017-09-16,Hajjah,76641,393,537.0,ok
2017-09-17,Hajjah,76988,393,347.0,ok
2017-09-18,Hajjah,76995,393,7.0,ok
2017-09-19,Hajjah,77803,396,808.0,ok
2017-09-20,Hajjah,78530,396,727.0,ok
2017-09-21,Hajjah,79347,396,817.0,ok
2017-09-22,Hajjah,80028,396,681.0,ok
2017-09-23,Hajjah,80514,398,486.0,ok
2017-09-24,Hajjah,80914,398,400.0,ok
2017-09-25,Hajjah,80916,398,2.0,ok
2017-09-26,Hajjah,81951,398,1035.0,ok
2017-09-27,Hajjah,83084,398,1133.0,ok
2017-09-28,Hajjah,83817,398,733.0,ok
2017-09-30,Hajjah,85146,399,1329.0,ok
2017-10-01,Hajjah,85914,400,768.0,ok
2017-10-02,Hajjah,85914,400,0.0,ok
2017-10-03,Hajjah,87046,401,1132.0,ok
2017-10-04,Hajjah,87418,401,372.0,ok
2017-10-05,Hajjah,87584,401,166.0,ok
2017-10-08,Hajjah,88513,403,929.0,ok
2017-10-09,Hajjah,89292,403,779.0,ok
2017-10-10,Hajjah,89945,403,653.0,ok
2017-10-11,Hajjah,90427,403,482.0,ok
2017-10-14,Hajjah,91198,408,771.0,ok
2017-10-16,Hajjah,91932,408,734.0,ok
2017-10-17,Hajjah,92406,408,474.0,ok
2017-10-21,Hajjah,94147,409,1741.0,ok
2017-10-22,Hajjah,94844,409,697.0,ok
2017-10-25,Hajjah,95865,409,1021.0,ok
2017-10-28,Hajjah,96543,409,678.0,ok
2017-10-29,Hajjah,97093,410,550.0,ok
2017-10-30,Hajjah,97519,410,426.0,ok
2017-11-03,Hajjah,99312,411,1793.0,ok
2017-11-04,Hajjah,99522,413,210.0,ok
2017-11-05,Hajjah,100191,414,669.0,ok
2017-11-06,Hajjah,100308,414,117.0,ok
2017-11-07,Hajjah,100640,414,332.0,ok
2017-11-08,Hajjah,100850,414,210.0,ok
2017-11-19,Hajjah,104838,416,3988.0,ok
2017-11-26,Hajjah,106933,417,2095.0,ok
2017-12-17,Hajjah,111598,417,4665.0,ok
2017-12-31,Hajjah,116247,419,4649.0,ok
2018-01-07,Hajjah,117646,420,1399.0,ok
2018-01-14,Hajjah,118468,420,822.0,ok
2018-01-21,Hajjah,121254,421,2786.0,ok
2018-01-28,Hajjah,121279,421,25.0,ok
2018-02-04,Hajjah,121284,422,5.0,ok
2018-02-11,Hajjah,121287,422,3.0,ok
2018-02-18,Hajjah,121287,422,0.0,ok
2017-05-22,Ibb,1378,37,1378.0,ok
2017-05-27,Ibb,2177,57,799.0,ok
2017-05-30,Ibb,2567,57,390.0,ok
2017-06-04,Ibb,4274,85,1707.0,ok
2017-06-07,Ibb,6041,111,1767.0,ok
2017-06-10,Ibb,8623,129,2582.0,ok
2017-06-12,Ibb,9490,134,867.0,ok
2017-06-13,Ibb,9996,136,506.0,ok
2017-06-14,Ibb,10323,138,327.0,ok
2017-06-17,Ibb,11911,151,1588.0,ok
2017-06-18,Ibb,12832,163,921.0,ok
2017-06-19,Ibb,13383,171,551.0,ok
2017-06-20,Ibb,13865,174,482.0,ok
2017-06-21,Ibb,14088,178,223.0,ok
2017-06-22,Ibb,14778,183,690.0,ok
2017-06-23,Ibb,15093,186,315.0,ok
2017-06-24,Ibb,15785,187,692.0,ok
2017-06-25,Ibb,16236,191,451.0,ok
2017-06-26,Ibb,16489,193,253.0,ok
2017-06-27,Ibb,16662,197,173.0,ok
2017-06-28,Ibb,17135,206,473.0,ok
2017-06-29,Ibb,17889,207,754.0,ok
2017-06-30,Ibb,18663,215,774.0,ok
2017-07-01,Ibb,19194,216,531.0,ok
2017-07-02,Ibb,19993,216,799.0,ok
2017-07-03,Ibb,20671,219,678.0,ok
2017-07-04,Ibb,21306,220,635.0,ok
2017-07-05,Ibb,22124,220,818.0,ok
2017-07-06,Ibb,22737,223,613.0,ok
2017-07-07,Ibb,23129,225,392.0,ok
2017-07-10,Ibb,24834,225,1705.0,ok
2017-07-11,Ibb,25433,227,599.0,ok
2017-07-12,Ibb,25723,227,290.0,ok
2017-07-13,Ibb,26137,227,414.0,ok
2017-07-14,Ibb,26583,228,446.0,ok
2017-07-15,Ibb,26676,230,93.0,ok
2017-07-16,Ibb,27098,231,422.0,ok
2017-07-17,Ibb,27454,231,356.0,ok
2017-07-18,Ibb,27882,233,428.0,ok
2017-07-19,Ibb,28250,233,368.0,ok
2017-07-20,Ibb,28470,234,220.0,ok
2017-07-21,Ibb,28473,234,3.0,ok
2017-07-22,Ibb,29260,234,787.0,ok
2017-07-23,Ibb,29529,235,269.0,ok
2017-07-24,Ibb,29723,236,194.0,ok
2017-07-25,Ibb,30389,240,666.0,ok
2017-07-26,Ibb,30394,240,5.0,ok
2017-07-27,Ibb,30967,240,573.0,ok
2017-07-28,Ibb,31252,240,285.0,ok
2017-07-29,Ibb,31603,240,351.0,ok
2017-07-30,Ibb,32035,241,432.0,ok
2017-07-31,Ibb,32605,242,570.0,ok
2017-08-01,Ibb,32930,242,325.0,ok
2017-08-03,Ibb,33562,243,632.0,ok
2017-08-06,Ibb,34725,245,1163.0,ok
2017-08-13,Ibb,36378,245,1653.0,ok
2017-08-15,Ibb,36864,250,486.0,ok
2017-08-16,Ibb,37054,251,190.0,ok
2017-08-17,Ibb,37237,252,183.0,ok
2017-08-18,Ibb,37347,252,110.0,ok
2017-08-19,Ibb,37510,252,163.0,ok
2017-08-20,Ibb,37813,252,303.0,ok
2017-08-21,Ibb,38012,252,199.0,ok
2017-08-22,Ibb,38598,253,586.0,ok
2017-08-23,Ibb,38875,253,277.0,ok
2017-08-24,Ibb,39337,253,462.0,ok
2017-08-26,Ibb,40111,253,774.0,ok
2017-08-27,Ibb,40474,253,363.0,ok
2017-08-28,Ibb,40828,256,354.0,ok
2017-08-29,Ibb,41223,257,395.0,ok
2017-08-30,Ibb,41610,257,387.0,ok
2017-08-31,Ibb,41932,257,322.0,ok
2017-09-01,Ibb,42188,259,256.0,ok
2017-09-02,Ibb,42487,259,299.0,ok
2017-09-03,Ibb,42845,262,358.0,ok
2017-09-04,Ibb,43210,262,365.0,ok
2017-09-05,Ibb,43501,262,291.0,ok
2017-09-06,Ibb,43794,262,293.0,ok
2017-09-07,Ibb,43801,262,7.0,ok
2017-09-08,Ibb,44128,262,327.0,ok
2017-09-09,Ibb,44331,262,203.0,ok
2017-09-10,Ibb,44881,262,550.0,ok
2017-09-11,Ibb,45314,262,433.0,ok
2017-09-12,Ibb,45643,264,329.0,ok
2017-09-13,Ibb,46025,264,382.0,ok
2017-09-14,Ibb,46229,265,204.0,ok
2017-09-15,Ibb,46442,266,213.0,ok
2017-09-16,Ibb,46656,266,214.0,ok
2017-09-17,Ibb,46926,267,270.0,ok
2017-09-18,Ibb,47121,267,195.0,ok
2017-09-19,Ibb,47393,268,272.0,ok
2017-09-20,Ibb,47580,269,187.0,ok
2017-09-21,Ibb,47787,269,207.0,ok
2017-09-22,Ibb,47991,270,204.0,ok
2017-09-23,Ibb,48253,271,262.0,ok
2017-09-24,Ibb,48608,272,355.0,ok
2017-09-25,Ibb,48835,272,227.0,ok
2017-09-26,Ibb,49066,272,231.0,ok
2017-09-27,Ibb,49289,275,223.0,ok
2017-09-28,Ibb,49468,275,179.0,ok
2017-09-30,Ibb,49854,276,386.0,ok
2017-10-01,Ibb,50082,276,228.0,ok
2017-10-02,Ibb,50082,276,0.0,ok
2017-10-03,Ibb,50650,276,568.0,ok
2017-10-04,Ibb,50868,276,218.0,ok
2017-10-05,Ibb,51097,276,229.0,ok
2017-10-08,Ibb,51454,277,357.0,ok
2017-10-09,Ibb,51822,277,368.0,ok
2017-10-10,Ibb,51981,277,159.0,ok
2017-10-11,Ibb,52157,278,176.0,ok
2017-10-14,Ibb,52746,278,589.0,ok
2017-10-16,Ibb,53157,278,411.0,ok
2017-10-17,Ibb,53361,278,204.0,ok
2017-10-21,Ibb,54175,279,814.0,ok
2017-10-22,Ibb,54474,279,299.0,ok
2017-10-25,Ibb,55273,280,799.0,ok
2017-10-28,Ibb,55789,281,516.0,ok
2017-10-29,Ibb,55931,281,142.0,ok
2017-10-30,Ibb,56109,281,178.0,ok
2017-11-03,Ibb,56537,281,428.0,ok
2017-11-04,Ibb,56668,282,131.0,ok
2017-11-05,Ibb,56720,282,52.0,ok
2017-11-06,Ibb,56895,282,175.0,ok
2017-11-07,Ibb,57065,282,170.0,ok
2017-11-08,Ibb,57136,282,71.0,ok
2017-11-19,Ibb,59074,283,1938.0,ok
2017-11-26,Ibb,59932,284,858.0,ok
2017-12-17,Ibb,62196,285,2264.0,ok
2017-12-31,Ibb,63625,286,1429.0,ok
2018-01-07,Ibb,64128,286,503.0,ok
2018-01-14,Ibb,64536,286,408.0,ok
2018-01-21,Ibb,65339,287,803.0,ok
2018-01-28,Ibb,65852,287,513.0,ok
2018-02-04,Ibb,66147,287,295.0,ok
2018-02-11,Ibb,66609,288,462.0,ok
2018-02-18,Ibb,67129,288,520.0,ok
2017-05-22,Lahj,168,0,168.0,ok
2017-05-27,Lahj,328,1,160.0,ok
2017-05-30,Lahj,471,2,143.0,ok
2017-06-04,Lahj,520,2,49.0,ok
2017-06-07,Lahj,724,5,204.0,ok
2017-06-10,Lahj,1042,8,318.0,ok
2017-06-12,Lahj,1239,8,197.0,ok
2017-06-13,Lahj,1241,8,2.0,ok
2017-06-14,Lahj,1476,8,235.0,ok
2017-06-17,Lahj,1586,8,110.0,ok
2017-06-18,Lahj,1900,8,314.0,ok
2017-06-19,Lahj,1925,8,25.0,ok
2017-06-20,Lahj,2138,12,213.0,ok
2017-06-21,Lahj,2147,12,9.0,ok
2017-06-22,Lahj,2163,12,16.0,ok
2017-06-23,Lahj,2170,12,7.0,ok
2017-06-24,Lahj,2496,12,326.0,ok
2017-06-25,Lahj,2503,12,7.0,ok
2017-06-26,Lahj,2779,13,276.0,ok
2017-06-27,Lahj,2794,13,15.0,ok
2017-06-28,Lahj,3014,13,220.0,ok
2017-06-29,Lahj,3026,13,12.0,ok
2017-06-30,Lahj,3320,14,294.0,ok
2017-07-01,Lahj,3339,14,19.0,ok
2017-07-02,Lahj,3597,16,258.0,ok
2017-07-03,Lahj,3608,16,11.0,ok
2017-07-04,Lahj,3754,16,146.0,ok
2017-07-05,Lahj,4063,16,309.0,ok
2017-07-06,Lahj,4063,16,0.0,ok
2017-07-07,Lahj,4072,16,9.0,ok
2017-07-10,Lahj,4090,16,18.0,ok
2017-07-11,Lahj,4097,16,7.0,ok
2017-07-12,Lahj,4103,16,6.0,ok
2017-07-13,Lahj,4108,16,5.0,ok
2017-07-14,Lahj,4536,16,428.0,ok
2017-07-15,Lahj,4540,16,4.0,ok
2017-07-16,Lahj,4540,16,0.0,ok
2017-07-17,Lahj,4545,16,5.0,ok
2017-07-18,Lahj,4553,16,8.0,ok
2017-07-19,Lahj,4553,16,0.0,ok
2017-07-20,Lahj,4570,16,17.0,ok
2017-07-21,Lahj,4575,16,5.0,ok
2017-07-22,Lahj,4579,16,4.0,ok
2017-07-23,Lahj,4583,16,4.0,ok
2017-07-24,Lahj,4591,16,8.0,ok
2017-07-25,Lahj,4591,16,0.0,ok
2017-07-26,Lahj,5911,17,1320.0,ok
2017-07-27,Lahj,5914,17,3.0,ok
2017-07-28,Lahj,5914,17,0.0,ok
2017-07-29,Lahj,6905,17,991.0,ok
2017-07-30,Lahj,6913,17,8.0,ok
2017-07-31,Lahj,7124,17,211.0,ok
2017-08-01,Lahj,7605,17,481.0,ok
2017-08-03,Lahj,8090,17,485.0,ok
2017-08-06,Lahj,9009,17,919.0,ok
2017-08-13,Lahj,10475,17,1466.0,ok
2017-08-15,Lahj,10982,17,507.0,ok
2017-08-16,Lahj,11230,17,248.0,ok
2017-08-17,Lahj,11457,17,227.0,ok
2017-08-18,Lahj,11686,17,229.0,ok
2017-08-19,Lahj,11688,17,2.0,ok
2017-08-20,Lahj,11689,17,1.0,ok
2017-08-21,Lahj,12150,17,461.0,ok
2017-08-22,Lahj,12640,18,490.0,ok
2017-08-23,Lahj,12897,19,257.0,ok
2017-08-24,Lahj,13148,19,251.0,ok
2017-08-26,Lahj,13416,19,268.0,ok
2017-08-27,Lahj,13851,20,435.0,ok
2017-08-28,Lahj,14150,20,299.0,ok
2017-08-29,Lahj,14366,20,216.0,ok
2017-08-30,Lahj,14569,20,203.0,ok
2017-08-31,Lahj,14731,20,162.0,ok
2017-09-01,Lahj,14911,20,180.0,ok
2017-09-02,Lahj,15022,20,111.0,ok
2017-09-03,Lahj,15238,20,216.0,ok
2017-09-04,Lahj,15446,20,208.0,ok
2017-09-05,Lahj,15653,20,207.0,ok
2017-09-06,Lahj,15867,20,214.0,ok
2017-09-07,Lahj,15870,20,3.0,ok
2017-09-08,Lahj,16090,20,220.0,ok
2017-09-09,Lahj,16261,20,171.0,ok
2017-09-10,Lahj,16424,20,163.0,ok
2017-09-11,Lahj,16637,20,213.0,ok
2017-09-12,Lahj,16877,20,240.0,ok
2017-09-13,Lahj,17116,20,239.0,ok
2017-09-14,Lahj,17527,20,411.0,ok
2017-09-15,Lahj,17529,20,2.0,ok
2017-09-16,Lahj,17771,20,242.0,ok
2017-09-17,Lahj,17945,20,174.0,ok
2017-09-18,Lahj,18146,20,201.0,ok
2017-09-19,Lahj,18386,20,240.0,ok
2017-09-20,Lahj,18587,20,201.0,ok
2017-09-21,Lahj,18779,20,192.0,ok
2017-09-22,Lahj,18988,20,209.0,ok
2017-09-23,Lahj,19153,20,165.0,ok
2017-09-24,Lahj,19315,20,162.0,ok
2017-09-25,Lahj,19512,20,197.0,ok
2017-09-26,Lahj,19813,20,301.0,ok
2017-09-27,Lahj,20019,20,206.0,ok
2017-09-28,Lahj,20220,20,201.0,ok
2017-09-30,Lahj,20535,20,315.0,ok
2017-10-01,Lahj,20678,20,143.0,ok
2017-10-02,Lahj,20678,20,0.0,ok
2017-10-03,Lahj,20999,20,321.0,ok
2017-10-04,Lahj,21149,20,150.0,ok
2017-10-05,Lahj,21149,20,0.0,ok
2017-10-08,Lahj,21508,20,359.0,ok
2017-10-09,Lahj,21763,20,255.0,ok
2017-10-10,Lahj,21763,20,0.0,ok
2017-10-11,Lahj,21977,20,214.0,ok
2017-10-14,Lahj,22168,20,191.0,ok
2017-10-16,Lahj,22308,20,140.0,ok
2017-10-17,Lahj,22358,20,50.0,ok
2017-10-21,Lahj,22454,21,96.0,ok
2017-10-22,Lahj,22458,21,4.0,ok
2017-10-25,Lahj,22469,21,11.0,ok
2017-10-28,Lahj,22474,21,5.0,ok
2017-10-29,Lahj,22480,21,6.0,ok
2017-10-30,Lahj,22481,21,1.0,ok
2017-11-03,Lahj,22503,21,22.0,ok
2017-11-04,Lahj,22505,21,2.0,ok
2017-11-05,Lahj,22508,21,3.0,ok
2017-11-06,Lahj,22514,21,6.0,ok
2017-11-07,Lahj,22520,21,6.0,ok
2017-11-08,Lahj,22524,21,4.0,ok
2017-11-19,Lahj,22569,21,45.0,ok
2017-11-26,Lahj,22596,21,27.0,ok
2017-12-17,Lahj,22639,21,43.0,ok
2017-12-31,Lahj,22669,21,30.0,ok
2018-01-07,Lahj,24334,22,1665.0,ok
2018-01-14,Lahj,24341,22,7.0,ok
2018-01-21,Lahj,24341,22,0.0,ok
2018-01-28,Lahj,24341,22,0.0,ok
2018-02-04,Lahj,24342,22,1.0,ok
2018-02-11,Lahj,24342,22,0.0,ok
2018-02-18,Lahj,24342,22,0.0,ok
2017-05-22,Marib,2,0,2.0,ok
2017-05-27,Marib,59,1,57.0,ok
2017-05-30,Marib,114,1,55.0,ok
2017-06-04,Marib,151,1,37.0,ok
2017-06-07,Marib,245,1,94.0,ok
2017-06-10,Marib,295,1,50.0,ok
2017-06-12,Marib,319,1,24.0,ok
2017-06-13,Marib,335,1,16.0,ok
2017-06-14,Marib,357,1,22.0,ok
2017-06-17,Marib,407,3,50.0,ok
2017-06-18,Marib,456,3,49.0,ok
2017-06-19,Marib,485,3,29.0,ok
2017-06-20,Marib,485,3,0.0,ok
2017-06-21,Marib,517,3,32.0,ok
2017-06-22,Marib,594,4,77.0,ok
2017-06-23,Marib,629,4,35.0,ok
2017-06-24,Marib,683,4,54.0,ok
2017-06-25,Marib,696,4,13.0,ok
2017-06-26,Marib,728,4,32.0,ok
2017-06-27,Marib,805,4,77.0,ok
2017-06-28,Marib,805,4,0.0,ok
2017-06-29,Marib,906,4,101.0,ok
2017-06-30,Marib,958,4,52.0,ok
2017-07-01,Marib,993,4,35.0,ok
2017-07-02,Marib,1048,4,55.0,ok
2017-07-03,Marib,1075,4,27.0,ok
2017-07-04,Marib,1129,4,54.0,ok
2017-07-05,Marib,1221,4,92.0,ok
2017-07-06,Marib,1279,4,58.0,ok
2017-07-07,Marib,1335,4,56.0,ok
2017-07-10,Marib,1454,4,119.0,ok
2017-07-11,Marib,1521,4,67.0,ok
2017-07-12,Marib,1521,4,0.0,ok
2017-07-13,Marib,1642,4,121.0,ok
2017-07-14,Marib,1643,4,1.0,ok
2017-07-15,Marib,1687,4,44.0,ok
2017-07-16,Marib,1783,4,96.0,ok
2017-07-17,Marib,1868,4,85.0,ok
2017-07-18,Marib,1916,4,48.0,ok
2017-07-19,Marib,1916,4,0.0,ok
2017-07-20,Marib,1916,4,0.0,ok
2017-07-21,Marib,1939,4,23.0,ok
2017-07-22,Marib,1939,4,0.0,ok
2017-07-23,Marib,2065,4,126.0,ok
2017-07-24,Marib,2182,4,117.0,ok
2017-07-25,Marib,2237,4,55.0,ok
2017-07-26,Marib,2289,4,52.0,ok
2017-07-27,Marib,2291,4,2.0,ok
2017-07-28,Marib,2328,4,37.0,ok
2017-07-29,Marib,2360,4,32.0,ok
2017-07-30,Marib,2420,4,60.0,ok
2017-07-31,Marib,2485,4,65.0,ok
2017-08-01,Marib,2498,4,13.0,ok
2017-08-03,Marib,2598,4,100.0,ok
2017-08-06,Marib,2689,4,91.0,ok
2017-08-13,Marib,2923,4,234.0,ok
2017-08-15,Marib,3021,4,98.0,ok
2017-08-16,Marib,3049,4,28.0,ok
2017-08-17,Marib,3098,4,49.0,ok
2017-08-18,Marib,3128,4,30.0,ok
2017-08-19,Marib,3159,4,31.0,ok
2017-08-20,Marib,3201,4,42.0,ok
2017-08-21,Marib,3281,4,80.0,ok
2017-08-22,Marib,3336,4,55.0,ok
2017-08-23,Marib,3336,4,0.0,ok
2017-08-24,Marib,3336,4,0.0,ok
2017-08-26,Marib,3336,4,0.0,ok
2017-08-27,Marib,3337,4,1.0,ok
2017-08-28,Marib,3579,4,242.0,ok
2017-08-29,Marib,3620,7,41.0,ok
2017-08-30,Marib,3620,7,0.0,ok
2017-08-31,Marib,3620,7,0.0,ok
2017-09-01,Marib,3622,7,2.0,ok
2017-09-02,Marib,3622,7,0.0,ok
2017-09-03,Marib,3622,7,0.0,ok
2017-09-04,Marib,3622,7,0.0,ok
2017-09-05,Marib,3868,7,246.0,ok
2017-09-06,Marib,3868,7,0.0,ok
2017-09-07,Marib,3914,7,46.0,ok
2017-09-08,Marib,3914,7,0.0,ok
2017-09-09,Marib,3915,7,1.0,ok
2017-09-10,Marib,3994,7,79.0,ok
2017-09-11,Marib,4029,7,35.0,ok
2017-09-12,Marib,4114,7,85.0,ok
2017-09-13,Marib,4148,7,34.0,ok
2017-09-14,Marib,4148,7,0.0,ok
2017-09-15,Marib,4180,7,32.0,ok
2017-09-16,Marib,4213,7,33.0,ok
2017-09-17,Marib,4213,7,0.0,ok
2017-09-18,Marib,4287,7,74.0,ok
2017-09-19,Marib,4318,7,31.0,ok
2017-09-20,Marib,4366,7,48.0,ok
2017-09-21,Marib,4368,7,2.0,ok
2017-09-22,Marib,4371,7,3.0,ok
2017-09-23,Marib,4402,7,31.0,ok
2017-09-24,Marib,4403,7,1.0,ok
2017-09-25,Marib,4568,7,165.0,ok
2017-09-26,Marib,4568,7,0.0,ok
2017-09-27,Marib,4660,7,92.0,ok
2017-09-28,Marib,4729,7,69.0,ok
2017-09-30,Marib,4729,7,0.0,ok
2017-10-01,Marib,4801,7,72.0,ok
2017-10-02,Marib,4801,7,0.0,ok
2017-10-03,Marib,4905,7,104.0,ok
2017-10-04,Marib,4905,7,0.0,ok
2017-10-05,Marib,4949,7,44.0,ok
2017-10-08,Marib,5022,7,73.0,ok
2017-10-09,Marib,5117,7,95.0,ok
2017-10-10,Marib,5117,7,0.0,ok
2017-10-11,Marib,5199,7,82.0,ok
2017-10-14,Marib,5274,7,75.0,ok
2017-10-16,Marib,5378,7,104.0,ok
2017-10-17,Marib,5381,7,3.0,ok
2017-10-21,Marib,5551,7,170.0,ok
2017-10-22,Marib,5586,7,35.0,ok
2017-10-25,Marib,5699,7,113.0,ok
2017-10-28,Marib,5804,7,105.0,ok
2017-10-29,Marib,5892,7,88.0,ok
2017-10-30,Marib,5943,7,51.0,ok
2017-11-03,Marib,6096,7,153.0,ok
2017-11-04,Marib,6096,7,0.0,ok
2017-11-05,Marib,6096,7,0.0,ok
2017-11-06,Marib,6096,7,0.0,ok
2017-11-07,Marib,6101,7,5.0,ok
2017-11-08,Marib,6102,7,1.0,ok
2017-11-19,Marib,6619,7,517.0,ok
2017-11-26,Marib,6897,7,278.0,ok
2017-12-17,Marib,6906,7,9.0,ok
2017-12-31,Marib,7277,7,371.0,ok
2018-01-07,Marib,7285,7,8.0,ok
2018-01-14,Marib,7285,7,0.0,ok
2018-01-21,Marib,7285,7,0.0,ok
2018-01-28,Marib,7286,7,1.0,ok
2018-02-04,Marib,7286,7,0.0,ok
2018-02-11,Marib,7286,7,0.0,ok
2018-02-18,Marib,7288,7,2.0,ok
2017-05-22,Raymah,549,4,549.0,ok
2017-05-27,Raymah,761,8,212.0,ok
2017-05-30,Raymah,902,9,141.0,ok
2017-06-04,Raymah,1141,15,239.0,ok
2017-06-07,Raymah,1525,25,384.0,ok
2017-06-10,Raymah,2099,37,574.0,ok
2017-06-12,Raymah,2257,41,158.0,ok
2017-06-13,Raymah,2281,41,24.0,ok
2017-06-14,Raymah,2546,42,265.0,ok
2017-06-17,Raymah,2688,45,142.0,ok
2017-06-18,Raymah,3019,55,331.0,ok
2017-06-19,Raymah,3024,55,5.0,ok
2017-06-20,Raymah,3199,58,175.0,ok
2017-06-21,Raymah,3306,59,107.0,ok
2017-06-22,Raymah,3485,61,179.0,ok
2017-06-23,Raymah,3747,63,262.0,ok
2017-06-24,Raymah,3852,63,105.0,ok
2017-06-25,Raymah,3856,63,4.0,ok
2017-06-26,Raymah,3935,64,79.0,ok
2017-06-27,Raymah,3941,64,6.0,ok
2017-06-28,Raymah,4202,66,261.0,ok
2017-06-29,Raymah,4396,67,194.0,ok
2017-06-30,Raymah,4567,67,171.0,ok
2017-07-01,Raymah,4829,71,262.0,ok
2017-07-02,Raymah,4937,73,108.0,ok
2017-07-03,Raymah,5083,74,146.0,ok
2017-07-04,Raymah,5086,74,3.0,ok
2017-07-05,Raymah,5388,75,302.0,ok
2017-07-06,Raymah,5517,78,129.0,ok
2017-07-07,Raymah,5534,78,17.0,ok
2017-07-10,Raymah,5786,80,252.0,ok
2017-07-11,Raymah,5870,80,84.0,ok
2017-07-12,Raymah,5964,80,94.0,ok
2017-07-13,Raymah,6027,80,63.0,ok
2017-07-14,Raymah,6120,81,93.0,ok
2017-07-15,Raymah,6254,85,134.0,ok
2017-07-16,Raymah,6416,85,162.0,ok
2017-07-17,Raymah,6514,86,98.0,ok
2017-07-18,Raymah,6654,90,140.0,ok
2017-07-19,Raymah,6753,90,99.0,ok
2017-07-20,Raymah,6879,91,126.0,ok
2017-07-21,Raymah,6966,91,87.0,ok
2017-07-22,Raymah,7067,91,101.0,ok
2017-07-23,Raymah,7163,91,96.0,ok
2017-07-24,Raymah,7269,91,106.0,ok
2017-07-25,Raymah,7340,91,71.0,ok
2017-07-26,Raymah,7415,91,75.0,ok
2017-07-27,Raymah,7515,92,100.0,ok
2017-07-28,Raymah,7574,94,59.0,ok
2017-07-29,Raymah,7651,94,77.0,ok
2017-07-30,Raymah,7728,95,77.0,ok
2017-07-31,Raymah,7758,95,30.0,ok
2017-08-01,Raymah,7846,95,88.0,ok
2017-08-03,Raymah,7983,95,137.0,ok
2017-08-06,Raymah,8283,99,300.0,ok
2017-08-13,Raymah,8778,101,495.0,ok
2017-08-15,Raymah,8967,103,189.0,ok
2017-08-16,Raymah,9062,104,95.0,ok
2017-08-17,Raymah,9201,104,139.0,ok
2017-08-18,Raymah,9278,105,77.0,ok
2017-08-19,Raymah,9386,105,108.0,ok
2017-08-20,Raymah,9492,105,106.0,ok
2017-08-21,Raymah,9581,105,89.0,ok
2017-08-22,Raymah,9652,105,71.0,ok
2017-08-23,Raymah,9738,105,86.0,ok
2017-08-24,Raymah,9810,106,72.0,ok
2017-08-26,Raymah,9957,106,147.0,ok
2017-08-27,Raymah,10038,106,81.0,ok
2017-08-28,Raymah,10109,106,71.0,ok
2017-08-29,Raymah,10172,106,63.0,ok
2017-08-30,Raymah,10174,106,2.0,ok
2017-08-31,Raymah,10239,106,65.0,ok
2017-09-01,Raymah,10348,106,109.0,ok
2017-09-02,Raymah,10421,106,73.0,ok
2017-09-03,Raymah,10477,106,56.0,ok
2017-09-04,Raymah,10523,106,46.0,ok
2017-09-05,Raymah,10621,106,98.0,ok
2017-09-06,Raymah,10689,106,68.0,ok
2017-09-07,Raymah,10726,106,37.0,ok
2017-09-08,Raymah,10788,106,62.0,ok
2017-09-09,Raymah,10849,106,61.0,ok
2017-09-10,Raymah,10905,106,56.0,ok
2017-09-11,Raymah,10957,106,52.0,ok
2017-09-12,Raymah,11035,107,78.0,ok
2017-09-13,Raymah,11083,107,48.0,ok
2017-09-14,Raymah,11157,108,74.0,ok
2017-09-15,Raymah,11203,108,46.0,ok
2017-09-16,Raymah,11257,108,54.0,ok
2017-09-17,Raymah,11315,110,58.0,ok
2017-09-18,Raymah,11379,110,64.0,ok
2017-09-19,Raymah,11422,110,43.0,ok
2017-09-20,Raymah,11422,110,0.0,ok
2017-09-21,Raymah,11531,110,109.0,ok
2017-09-22,Raymah,11599,110,68.0,ok
2017-09-23,Raymah,11663,110,64.0,ok
2017-09-24,Raymah,11708,111,45.0,ok
2017-09-25,Raymah,11802,111,94.0,ok
2017-09-26,Raymah,11873,111,71.0,ok
2017-09-27,Raymah,11939,111,66.0,ok
2017-09-28,Raymah,11988,111,49.0,ok
2017-09-30,Raymah,12095,113,107.0,ok
2017-10-01,Raymah,12192,113,97.0,ok
2017-10-02,Raymah,12192,113,0.0,ok
2017-10-03,Raymah,12294,114,102.0,ok
2017-10-04,Raymah,12370,115,76.0,ok
2017-10-05,Raymah,12398,115,28.0,ok
2017-10-08,Raymah,12520,115,122.0,ok
2017-10-09,Raymah,12591,115,71.0,ok
2017-10-10,Raymah,12592,116,1.0,ok
2017-10-11,Raymah,12705,116,113.0,ok
2017-10-14,Raymah,12879,116,174.0,ok
2017-10-16,Raymah,13026,116,147.0,ok
2017-10-17,Raymah,13086,116,60.0,ok
2017-10-21,Raymah,13234,116,148.0,ok
2017-10-22,Raymah,13269,116,35.0,ok
2017-10-25,Raymah,13360,116,91.0,ok
2017-10-28,Raymah,13470,116,110.0,ok
2017-10-29,Raymah,13528,116,58.0,ok
2017-10-30,Raymah,13568,116,40.0,ok
2017-11-03,Raymah,13671,116,103.0,ok
2017-11-04,Raymah,13740,116,69.0,ok
2017-11-05,Raymah,13741,116,1.0,ok
2017-11-06,Raymah,13829,116,88.0,ok
2017-11-07,Raymah,13873,116,44.0,ok
2017-11-08,Raymah,13903,116,30.0,ok
2017-11-19,Raymah,14265,116,362.0,ok
2017-11-26,Raymah,14497,117,232.0,ok
2017-12-17,Raymah,15071,119,574.0,ok
2017-12-31,Raymah,15456,120,385.0,ok
2018-01-07,Raymah,15924,120,468.0,ok
2018-01-14,Raymah,16403,120,479.0,ok
2018-01-21,Raymah,16853,120,450.0,ok
2018-01-28,Raymah,17217,120,364.0,ok
2018-02-04,Raymah,17445,120,228.0,ok
2018-02-11,Raymah,17641,120,196.0,ok
2018-02-18,Raymah,17841,120,200.0,ok
2017-05-27,Sa'ada,86,0,86.0,ok
2017-05-30,Sa'ada,106,0,20.0,ok
2017-06-04,Sa'ada,118,0,12.0,ok
2017-06-07,Sa'ada,125,0,7.0,ok
2017-06-10,Sa'ada,136,0,11.0,ok
2017-06-12,Sa'ada,138,0,2.0,ok
2017-06-13,Sa'ada,138,0,0.0,ok
2017-06-14,Sa'ada,139,0,1.0,ok
2017-06-17,Sa'ada,158,0,19.0,ok
2017-06-18,Sa'ada,163,0,5.0,ok
2017-06-19,Sa'ada,164,0,1.0,ok
2017-06-20,Sa'ada,165,0,1.0,ok
2017-06-21,Sa'ada,210,1,45.0,ok
2017-06-22,Sa'ada,253,1,43.0,ok
2017-06-23,Sa'ada,253,1,0.0,ok
2017-06-24,Sa'ada,253,1,0.0,ok
2017-06-25,Sa'ada,276,1,23.0,ok
2017-06-26,Sa'ada,297,1,21.0,ok
2017-06-27,Sa'ada,324,1,27.0,ok
2017-06-28,Sa'ada,346,1,22.0,ok
2017-06-29,Sa'ada,372,1,26.0,ok
2017-06-30,Sa'ada,385,1,13.0,ok
2017-07-01,Sa'ada,398,1,13.0,ok
2017-07-02,Sa'ada,415,1,17.0,ok
2017-07-03,Sa'ada,423,1,8.0,ok
2017-07-04,Sa'ada,429,1,6.0,ok
2017-07-05,Sa'ada,450,1,21.0,ok
2017-07-06,Sa'ada,466,1,16.0,ok
2017-07-07,Sa'ada,477,1,11.0,ok
2017-07-10,Sa'ada,517,1,40.0,ok
2017-07-11,Sa'ada,534,1,17.0,ok
2017-07-12,Sa'ada,566,1,32.0,ok
2017-07-13,Sa'ada,596,1,30.0,ok
2017-07-14,Sa'ada,596,1,0.0,ok
2017-07-15,Sa'ada,679,1,83.0,ok
2017-07-16,Sa'ada,696,1,17.0,ok
2017-07-17,Sa'ada,751,1,55.0,ok
2017-07-18,Sa'ada,784,1,33.0,ok
2017-07-19,Sa'ada,822,1,38.0,ok
2017-07-20,Sa'ada,862,2,40.0,ok
2017-07-21,Sa'ada,890,2,28.0,ok
2017-07-22,Sa'ada,917,5,27.0,ok
2017-07-23,Sa'ada,938,5,21.0,ok
2017-07-24,Sa'ada,938,5,0.0,ok
2017-07-25,Sa'ada,983,5,45.0,ok
2017-07-26,Sa'ada,1016,5,33.0,ok
2017-07-27,Sa'ada,1039,5,23.0,ok
2017-07-28,Sa'ada,1072,5,33.0,ok
2017-07-29,Sa'ada,1120,5,48.0,ok
2017-07-30,Sa'ada,1142,5,22.0,ok
2017-07-31,Sa'ada,1176,5,34.0,ok
2017-08-01,Sa'ada,1230,5,54.0,ok
2017-08-03,Sa'ada,1354,5,124.0,ok
2017-08-06,Sa'ada,1526,5,172.0,ok
2017-08-13,Sa'ada,1939,5,413.0,ok
2017-08-15,Sa'ada,2024,5,85.0,ok
2017-08-16,Sa'ada,2111,5,87.0,ok
2017-08-17,Sa'ada,2164,5,53.0,ok
2017-08-18,Sa'ada,2210,5,46.0,ok
2017-08-19,Sa'ada,2210,5,0.0,ok
2017-08-20,Sa'ada,2313,5,103.0,ok
2017-08-21,Sa'ada,2359,5,46.0,ok
2017-08-22,Sa'ada,2359,5,0.0,ok
2017-08-23,Sa'ada,2461,5,102.0,ok
2017-08-24,Sa'ada,2508,5,47.0,ok
2017-08-26,Sa'ada,2598,5,90.0,ok
2017-08-27,Sa'ada,2646,5,48.0,ok
2017-08-28,Sa'ada,2690,5,44.0,ok
2017-08-29,Sa'ada,2728,5,38.0,ok
2017-08-30,Sa'ada,2775,5,47.0,ok
2017-08-31,Sa'ada,2802,5,27.0,ok
2017-09-01,Sa'ada,2802,5,0.0,ok
2017-09-02,Sa'ada,2863,5,61.0,ok
2017-09-03,Sa'ada,2920,5,57.0,ok
2017-09-04,Sa'ada,2966,5,46.0,ok
2017-09-05,Sa'ada,3035,5,69.0,ok
2017-09-06,Sa'ada,3105,5,70.0,ok
2017-09-07,Sa'ada,3176,5,71.0,ok
2017-09-08,Sa'ada,3238,5,62.0,ok
2017-09-09,Sa'ada,3307,5,69.0,ok
2017-09-10,Sa'ada,3350,5,43.0,ok
2017-09-11,Sa'ada,3473,5,123.0,ok
2017-09-12,Sa'ada,3590,5,117.0,ok
2017-09-13,Sa'ada,3679,5,89.0,ok
2017-09-14,Sa'ada,3781,5,102.0,ok
2017-09-15,Sa'ada,3872,5,91.0,ok
2017-09-16,Sa'ada,3966,5,94.0,ok
2017-09-17,Sa'ada,4090,5,124.0,ok
2017-09-18,Sa'ada,4218,5,128.0,ok
2017-09-19,Sa'ada,4358,5,140.0,ok
2017-09-20,Sa'ada,4358,5,0.0,ok
2017-09-21,Sa'ada,4617,5,259.0,ok
2017-09-22,Sa'ada,4714,5,97.0,ok
2017-09-23,Sa'ada,4819,5,105.0,ok
2017-09-24,Sa'ada,4919,5,100.0,ok
2017-09-25,Sa'ada,5047,5,128.0,ok
2017-09-26,Sa'ada,5136,5,89.0,ok
2017-09-27,Sa'ada,5136,5,0.0,ok
2017-09-28,Sa'ada,5218,5,82.0,ok
2017-09-30,Sa'ada,5376,5,158.0,ok
2017-10-01,Sa'ada,5435,5,59.0,ok
2017-10-02,Sa'ada,5435,5,0.0,ok
2017-10-03,Sa'ada,5668,5,233.0,ok
2017-10-04,Sa'ada,5772,5,104.0,ok
2017-10-05,Sa'ada,5887,5,115.0,ok
2017-10-08,Sa'ada,6122,5,235.0,ok
2017-10-09,Sa'ada,6352,5,230.0,ok
2017-10-10,Sa'ada,6352,5,0.0,ok
2017-10-11,Sa'ada,6502,5,150.0,ok
2017-10-14,Sa'ada,6759,5,257.0,ok
2017-10-16,Sa'ada,6897,5,138.0,ok
2017-10-17,Sa'ada,6976,5,79.0,ok
2017-10-21,Sa'ada,7255,5,279.0,ok
2017-10-22,Sa'ada,7338,5,83.0,ok
2017-10-25,Sa'ada,7502,5,164.0,ok
2017-10-28,Sa'ada,7816,5,314.0,ok
2017-10-29,Sa'ada,7886,5,70.0,ok
2017-10-30,Sa'ada,7968,5,82.0,ok
2017-11-03,Sa'ada,8264,5,296.0,ok
2017-11-04,Sa'ada,8352,5,88.0,ok
2017-11-05,Sa'ada,8419,5,67.0,ok
2017-11-06,Sa'ada,8495,5,76.0,ok
2017-11-07,Sa'ada,8577,5,82.0,ok
2017-11-08,Sa'ada,8662,5,85.0,ok
2017-11-19,Sa'ada,9322,5,660.0,ok
2017-11-26,Sa'ada,9722,5,400.0,ok
2017-12-17,Sa'ada,10312,5,590.0,ok
2017-12-31,Sa'ada,10647,5,335.0,ok
2018-01-07,Sa'ada,10702,5,55.0,ok
2018-01-14,Sa'ada,10703,5,1.0,ok
2018-01-21,Sa'ada,10705,5,2.0,ok
2018-01-28,Sa'ada,10706,5,1.0,ok
2018-02-04,Sa'ada,10706,5,0.0,ok
2018-02-11,Sa'ada,10706,5,0.0,ok
2018-02-18,Sa'ada,10706,5,0.0,ok
2017-05-22,Sana'a,3815,39,3815.0,ok
2017-05-27,Sana'a,5383,46,1568.0,ok
2017-05-30,Sana'a,6224,50,841.0,ok
2017-06-04,Sana'a,7992,56,1768.0,ok
2017-06-07,Sana'a,9194,59,1202.0,ok
2017-06-10,Sana'a,10963,69,1769.0,ok
2017-06-12,Sana'a,11142,69,179.0,ok
2017-06-13,Sana'a,11836,71,694.0,ok
2017-06-14,Sana'a,12225,73,389.0,ok
2017-06-17,Sana'a,13690,78,1465.0,ok
2017-06-18,Sana'a,14149,83,459.0,ok
2017-06-19,Sana'a,14646,83,497.0,ok
2017-06-20,Sana'a,15040,86,394.0,ok
2017-06-21,Sana'a,15251,87,211.0,ok
2017-06-22,Sana'a,16155,92,904.0,ok
2017-06-23,Sana'a,16641,95,486.0,ok
2017-06-24,Sana'a,17134,95,493.0,ok
2017-06-25,Sana'a,17418,95,284.0,ok
2017-06-26,Sana'a,18145,97,727.0,ok
2017-06-27,Sana'a,18672,98,527.0,ok
2017-06-28,Sana'a,19130,98,458.0,ok
2017-06-29,Sana'a,19898,99,768.0,ok
2017-06-30,Sana'a,20361,99,463.0,ok
2017-07-01,Sana'a,20546,99,185.0,ok
2017-07-02,Sana'a,21157,103,611.0,ok
2017-07-03,Sana'a,21831,105,674.0,ok
2017-07-04,Sana'a,22242,108,411.0,ok
2017-07-05,Sana'a,22651,108,409.0,ok
2017-07-06,Sana'a,23017,109,366.0,ok
2017-07-07,Sana'a,23261,110,244.0,ok
2017-07-10,Sana'a,23971,110,710.0,ok
2017-07-11,Sana'a,24360,111,389.0,ok
2017-07-12,Sana'a,24665,111,305.0,ok
2017-07-13,Sana'a,24846,111,181.0,ok
2017-07-14,Sana'a,24957,111,111.0,ok
2017-07-15,Sana'a,25212,113,255.0,ok
2017-07-16,Sana'a,25414,113,202.0,ok
2017-07-17,Sana'a,25482,113,68.0,ok
2017-07-18,Sana'a,25632,113,150.0,ok
2017-07-19,Sana'a,25779,113,147.0,ok
2017-07-20,Sana'a,26010,113,231.0,ok
2017-07-21,Sana'a,26123,114,113.0,ok
2017-07-22,Sana'a,26138,114,15.0,ok
2017-07-23,Sana'a,26498,114,360.0,ok
2017-07-24,Sana'a,26656,115,158.0,ok
2017-07-25,Sana'a,26798,115,142.0,ok
2017-07-26,Sana'a,26965,115,167.0,ok
2017-07-27,Sana'a,27117,115,152.0,ok
2017-07-28,Sana'a,27232,115,115.0,ok
2017-07-29,Sana'a,27391,115,159.0,ok
2017-07-30,Sana'a,27535,115,144.0,ok
2017-07-31,Sana'a,27613,117,78.0,ok
2017-08-01,Sana'a,27718,117,105.0,ok
2017-08-03,Sana'a,28000,118,282.0,ok
2017-08-06,Sana'a,28505,119,505.0,ok
2017-08-13,Sana'a,29234,122,729.0,ok
2017-08-15,Sana'a,29349,122,115.0,ok
2017-08-16,Sana'a,29474,122,125.0,ok
2017-08-17,Sana'a,29688,122,214.0,ok
2017-08-18,Sana'a,29699,122,11.0,ok
2017-08-19,Sana'a,29868,122,169.0,ok
2017-08-20,Sana'a,29992,122,124.0,ok
2017-08-21,Sana'a,30086,122,94.0,ok
2017-08-22,Sana'a,30187,122,101.0,ok
2017-08-23,Sana'a,30321,122,134.0,ok
2017-08-24,Sana'a,30455,122,134.0,ok
2017-08-26,Sana'a,30644,122,189.0,ok
2017-08-27,Sana'a,30748,122,104.0,ok
2017-08-28,Sana'a,30865,122,117.0,ok
2017-08-29,Sana'a,30982,122,117.0,ok
2017-08-30,Sana'a,31105,122,123.0,ok
2017-08-31,Sana'a,31204,122,99.0,ok
2017-09-01,Sana'a,31281,122,77.0,ok
2017-09-02,Sana'a,31333,122,52.0,ok
2017-09-03,Sana'a,31466,122,133.0,ok
2017-09-04,Sana'a,31646,122,180.0,ok
2017-09-05,Sana'a,31758,122,112.0,ok
2017-09-06,Sana'a,32160,122,402.0,ok
2017-09-07,Sana'a,32283,122,123.0,ok
2017-09-08,Sana'a,32652,122,369.0,ok
2017-09-09,Sana'a,33128,122,476.0,ok
2017-09-10,Sana'a,33390,122,262.0,ok
2017-09-11,Sana'a,33674,122,284.0,ok
2017-09-12,Sana'a,33977,122,303.0,ok
2017-09-13,Sana'a,34276,122,299.0,ok
2017-09-14,Sana'a,34585,122,309.0,ok
2017-09-15,Sana'a,35155,122,570.0,ok
2017-09-16,Sana'a,35943,122,788.0,ok
2017-09-17,Sana'a,36875,122,932.0,ok
2017-09-18,Sana'a,37587,122,712.0,ok
2017-09-19,Sana'a,38167,122,580.0,ok
2017-09-20,Sana'a,40113,122,1946.0,ok
2017-09-21,Sana'a,41626,122,1513.0,ok
2017-09-22,Sana'a,43171,122,1545.0,ok
2017-09-23,Sana'a,45118,122,1947.0,ok
2017-09-24,Sana'a,46440,122,1322.0,ok
2017-09-25,Sana'a,48448,122,2008.0,ok
2017-09-26,Sana'a,49461,122,1013.0,ok
2017-09-27,Sana'a,51882,122,2421.0,ok
2017-09-28,Sana'a,55113,122,3231.0,ok
2017-09-30,Sana'a,57097,122,1984.0,ok
2017-10-01,Sana'a,57456,122,359.0,ok
2017-10-02,Sana'a,57456,122,0.0,ok
2017-10-03,Sana'a,57908,122,452.0,ok
2017-10-04,Sana'a,58191,122,283.0,ok
2017-10-05,Sana'a,58656,122,465.0,ok
2017-10-08,Sana'a,59136,122,480.0,ok
2017-10-09,Sana'a,59585,122,449.0,ok
2017-10-10,Sana'a,59585,122,0.0,ok
2017-10-11,Sana'a,60511,122,926.0,ok
2017-10-14,Sana'a,61036,122,525.0,ok
2017-10-16,Sana'a,61802,122,766.0,ok
2017-10-17,Sana'a,62064,122,262.0,ok
2017-10-21,Sana'a,62960,122,896.0,ok
2017-10-22,Sana'a,63136,122,176.0,ok
2017-10-25,Sana'a,63687,122,551.0,ok
2017-10-28,Sana'a,64308,122,621.0,ok
2017-10-29,Sana'a,64507,122,199.0,ok
2017-10-30,Sana'a,64710,122,203.0,ok
2017-11-03,Sana'a,65339,122,629.0,ok
2017-11-04,Sana'a,65484,122,145.0,ok
2017-11-05,Sana'a,65625,122,141.0,ok
2017-11-06,Sana'a,65786,122,161.0,ok
2017-11-07,Sana'a,65925,122,139.0,ok
2017-11-08,Sana'a,66086,122,161.0,ok
2017-11-19,Sana'a,67611,122,1525.0,ok
2017-11-26,Sana'a,68453,122,842.0,ok
2017-12-17,Sana'a,70322,123,1869.0,ok
2017-12-31,Sana'a,72300,123,1978.0,ok
2018-01-07,Sana'a,73266,123,966.0,ok
2018-01-14,Sana'a,74103,123,837.0,ok
2018-01-21,Sana'a,74781,123,678.0,ok
2018-01-28,Sana'a,75177,123,396.0,ok
2018-02-04,Sana'a,75531,123,354.0,ok
2018-02-11,Sana'a,75856,123,325.0,ok
2018-02-18,Sana'a,76250,123,394.0,ok
2017-05-27,Shabwah,8,0,8.0,ok
2017-05-30,Shabwah,11,0,3.0,ok
2017-06-04,Shabwah,12,0,1.0,ok
2017-06-07,Shabwah,12,0,0.0,ok
2017-06-10,Shabwah,18,0,6.0,ok
2017-06-12,Shabwah,18,0,0.0,ok
2017-06-13,Shabwah,18,0,0.0,ok
2017-06-14,Shabwah,18,0,0.0,ok
2017-06-17,Shabwah,18,0,0.0,ok
2017-06-18,Shabwah,35,0,17.0,ok
2017-06-19,Shabwah,47,0,12.0,ok
2017-06-20,Shabwah,51,0,4.0,ok
2017-06-21,Shabwah,51,0,0.0,ok
2017-06-22,Shabwah,58,0,7.0,ok
2017-06-23,Shabwah,70,0,12.0,ok
2017-06-24,Shabwah,70,0,0.0,ok
2017-06-25,Shabwah,70,0,0.0,ok
2017-06-26,Shabwah,80,0,10.0,ok
2017-06-27,Shabwah,95,0,15.0,ok
2017-06-28,Shabwah,114,0,19.0,ok
2017-06-29,Shabwah,126,0,12.0,ok
2017-06-30,Shabwah,126,0,0.0,ok
2017-07-01,Shabwah,152,0,26.0,ok
2017-07-02,Shabwah,160,0,8.0,ok
2017-07-03,Shabwah,165,0,5.0,ok
2017-07-04,Shabwah,189,0,24.0,ok
2017-07-05,Shabwah,189,0,0.0,ok
2017-07-06,Shabwah,189,0,0.0,ok
2017-07-07,Shabwah,189,0,0.0,ok
2017-07-10,Shabwah,224,1,35.0,ok
2017-07-11,Shabwah,240,1,16.0,ok
2017-07-12,Shabwah,240,1,0.0,ok
2017-07-13,Shabwah,275,1,35.0,ok
2017-07-14,Shabwah,280,1,5.0,ok
2017-07-15,Shabwah,291,1,11.0,ok
2017-07-16,Shabwah,303,1,12.0,ok
2017-07-17,Shabwah,305,1,2.0,ok
2017-07-18,Shabwah,305,1,0.0,ok
2017-07-19,Shabwah,331,1,26.0,ok
2017-07-20,Shabwah,331,1,0.0,ok
2017-07-21,Shabwah,353,1,22.0,ok
2017-07-22,Shabwah,353,1,0.0,ok
2017-07-23,Shabwah,388,1,35.0,ok
2017-07-24,Shabwah,388,1,0.0,ok
2017-07-25,Shabwah,389,1,1.0,ok
2017-07-26,Shabwah,390,1,1.0,ok
2017-07-27,Shabwah,390,1,0.0,ok
2017-07-28,Shabwah,392,1,2.0,ok
2017-07-29,Shabwah,393,1,1.0,ok
2017-07-30,Shabwah,394,1,1.0,ok
2017-07-31,Shabwah,430,1,36.0,ok
2017-08-01,Shabwah,435,1,5.0,ok
2017-08-03,Shabwah,439,1,4.0,ok
2017-08-06,Shabwah,496,1,57.0,ok
2017-08-13,Shabwah,519,1,23.0,ok
2017-08-15,Shabwah,583,1,64.0,ok
2017-08-16,Shabwah,584,1,1.0,ok
2017-08-17,Shabwah,584,1,0.0,ok
2017-08-18,Shabwah,614,1,30.0,ok
2017-08-19,Shabwah,616,1,2.0,ok
2017-08-20,Shabwah,617,1,1.0,ok
2017-08-21,Shabwah,646,1,29.0,ok
2017-08-22,Shabwah,647,1,1.0,ok
2017-08-23,Shabwah,647,1,0.0,ok
2017-08-24,Shabwah,647,1,0.0,ok
2017-08-26,Shabwah,655,1,8.0,ok
2017-08-27,Shabwah,678,1,23.0,ok
2017-08-28,Shabwah,705,1,27.0,ok
2017-08-29,Shabwah,707,1,2.0,ok
2017-08-30,Shabwah,707,1,0.0,ok
2017-08-31,Shabwah,727,1,20.0,ok
2017-09-01,Shabwah,727,1,0.0,ok
2017-09-02,Shabwah,743,1,16.0,ok
2017-09-03,Shabwah,743,1,0.0,ok
2017-09-04,Shabwah,743,1,0.0,ok
2017-09-05,Shabwah,818,3,75.0,ok
2017-09-06,Shabwah,962,3,144.0,ok
2017-09-07,Shabwah,1025,3,63.0,ok
2017-09-08,Shabwah,1025,3,0.0,ok
2017-09-09,Shabwah,1025,3,0.0,ok
2017-09-10,Shabwah,1084,3,59.0,ok
2017-09-11,Shabwah,1111,3,27.0,ok
2017-09-12,Shabwah,1150,3,39.0,ok
2017-09-13,Shabwah,1164,3,14.0,ok
2017-09-14,Shabwah,1164,3,0.0,ok
2017-09-15,Shabwah,1185,3,21.0,ok
2017-09-16,Shabwah,1198,3,13.0,ok
2017-09-17,Shabwah,1198,3,0.0,ok
2017-09-18,Shabwah,1208,3,10.0,ok
2017-09-19,Shabwah,1210,3,2.0,ok
2017-09-20,Shabwah,1210,3,0.0,ok
2017-09-21,Shabwah,1211,3,1.0,ok
2017-09-22,Shabwah,1240,3,29.0,ok
2017-09-23,Shabwah,1242,3,2.0,ok
2017-09-24,Shabwah,1242,3,0.0,ok
2017-09-25,Shabwah,1243,3,1.0,ok
2017-09-26,Shabwah,1245,3,2.0,ok
2017-09-27,Shabwah,1245,3,0.0,ok
2017-09-28,Shabwah,1246,3,1.0,ok
2017-09-30,Shabwah,1293,3,47.0,ok
2017-10-01,Shabwah,1298,3,5.0,ok
2017-10-02,Shabwah,1298,3,0.0,ok
2017-10-03,Shabwah,1324,3,26.0,ok
2017-10-04,Shabwah,1324,3,0.0,ok
2017-10-05,Shabwah,1326,3,2.0,ok
2017-10-08,Shabwah,1328,3,2.0,ok
2017-10-09,Shabwah,1333,3,5.0,ok
2017-10-10,Shabwah,1341,3,8.0,ok
2017-10-11,Shabwah,1344,3,3.0,ok
2017-10-14,Shabwah,1370,3,26.0,ok
2017-10-16,Shabwah,1370,3,0.0,ok
2017-10-17,Shabwah,1372,3,2.0,ok
2017-10-21,Shabwah,1381,3,9.0,ok
2017-10-22,Shabwah,1381,3,0.0,ok
2017-10-25,Shabwah,1384,3,3.0,ok
2017-10-28,Shabwah,1384,3,0.0,ok
2017-10-29,Shabwah,1384,3,0.0,ok
2017-10-30,Shabwah,1384,3,0.0,ok
2017-11-03,Shabwah,1389,3,5.0,ok
2017-11-04,Shabwah,1389,3,0.0,ok
2017-11-05,Shabwah,1389,3,0.0,ok
2017-11-06,Shabwah,1390,3,1.0,ok
2017-11-07,Shabwah,1390,3,0.0,ok
2017-11-08,Shabwah,1390,3,0.0,ok
2017-11-19,Shabwah,1392,3,2.0,ok
2017-11-26,Shabwah,1396,3,4.0,ok
2017-12-17,Shabwah,1397,3,1.0,ok
2017-12-31,Shabwah,1399,3,2.0,ok
2018-01-07,Shabwah,1399,3,0.0,ok
2018-01-14,Shabwah,1399,3,0.0,ok
2018-01-21,Shabwah,1399,3,0.0,ok
2018-01-28,Shabwah,1399,3,0.0,ok
2018-02-04,Shabwah,1399,3,0.0,ok
2018-02-11,Shabwah,1399,3,0.0,ok
2018-02-18,Shabwah,1399,3,0.0,ok
2017-05-22,Taizz,1791,23,1791.0,ok
2017-05-27,Taizz,3394,30,1603.0,ok
2017-05-30,Taizz,4399,38,1005.0,ok
2017-06-04,Taizz,5608,48,1209.0,ok
2017-06-07,Taizz,7227,55,1619.0,ok
2017-06-10,Taizz,9172,68,1945.0,ok
2017-06-12,Taizz,9711,73,539.0,ok
2017-06-13,Taizz,10710,77,999.0,ok
2017-06-14,Taizz,11264,79,554.0,ok
2017-06-17,Taizz,12655,91,1391.0,ok
2017-06-18,Taizz,13194,92,539.0,ok
2017-06-19,Taizz,13532,99,338.0,ok
2017-06-20,Taizz,14113,102,581.0,ok
2017-06-21,Taizz,14513,108,400.0,ok
2017-06-22,Taizz,15084,111,571.0,ok
2017-06-23,Taizz,15360,115,276.0,ok
2017-06-24,Taizz,15817,120,457.0,ok
2017-06-25,Taizz,15995,120,178.0,ok
2017-06-26,Taizz,16388,121,393.0,ok
2017-06-27,Taizz,17042,121,654.0,ok
2017-06-28,Taizz,17265,123,223.0,ok
2017-06-29,Taizz,17636,126,371.0,ok
2017-06-30,Taizz,18139,126,503.0,ok
2017-07-01,Taizz,18729,132,590.0,ok
2017-07-02,Taizz,19079,134,350.0,ok
2017-07-03,Taizz,20222,141,1143.0,ok
2017-07-04,Taizz,20637,142,415.0,ok
2017-07-05,Taizz,21189,146,552.0,ok
2017-07-06,Taizz,21421,146,232.0,ok
2017-07-07,Taizz,21836,146,415.0,ok
2017-07-10,Taizz,22466,150,630.0,ok
2017-07-11,Taizz,22903,150,437.0,ok
2017-07-12,Taizz,22905,150,2.0,ok
2017-07-13,Taizz,23446,154,541.0,ok
2017-07-14,Taizz,23870,155,424.0,ok
2017-07-15,Taizz,24303,157,433.0,ok
2017-07-16,Taizz,24656,157,353.0,ok
2017-07-17,Taizz,25142,159,486.0,ok
2017-07-18,Taizz,25664,160,522.0,ok
2017-07-19,Taizz,25927,161,263.0,ok
2017-07-20,Taizz,26220,162,293.0,ok
2017-07-21,Taizz,26516,162,296.0,ok
2017-07-22,Taizz,27245,164,729.0,ok
2017-07-23,Taizz,27638,164,393.0,ok
2017-07-24,Taizz,27937,166,299.0,ok
2017-07-25,Taizz,28261,168,324.0,ok
2017-07-26,Taizz,28383,168,122.0,ok
2017-07-27,Taizz,28897,169,514.0,ok
2017-07-28,Taizz,29179,169,282.0,ok
2017-07-29,Taizz,29428,169,249.0,ok
2017-07-30,Taizz,29716,170,288.0,ok
2017-07-31,Taizz,30218,170,502.0,ok
2017-08-01,Taizz,30485,170,267.0,ok
2017-08-03,Taizz,31222,170,737.0,ok
2017-08-06,Taizz,31856,170,634.0,ok
2017-08-13,Taizz,33236,174,1380.0,ok
2017-08-15,Taizz,33707,175,471.0,ok
2017-08-16,Taizz,33908,175,201.0,ok
2017-08-17,Taizz,34215,175,307.0,ok
2017-08-18,Taizz,34417,175,202.0,ok
2017-08-19,Taizz,34616,175,199.0,ok
2017-08-20,Taizz,34728,175,112.0,ok
2017-08-21,Taizz,34850,175,122.0,ok
2017-08-22,Taizz,35030,175,180.0,ok
2017-08-23,Taizz,35255,175,225.0,ok
2017-08-24,Taizz,35483,175,228.0,ok
2017-08-26,Taizz,36031,175,548.0,ok
2017-08-27,Taizz,36409,175,378.0,ok
2017-08-28,Taizz,36710,175,301.0,ok
2017-08-29,Taizz,36938,175,228.0,ok
2017-08-30,Taizz,37145,175,207.0,ok
2017-08-31,Taizz,37214,175,69.0,ok
2017-09-01,Taizz,37309,175,95.0,ok
2017-09-02,Taizz,37395,175,86.0,ok
2017-09-03,Taizz,37529,175,134.0,ok
2017-09-04,Taizz,37683,175,154.0,ok
2017-09-05,Taizz,38067,175,384.0,ok
2017-09-06,Taizz,38351,175,284.0,ok
2017-09-07,Taizz,38623,175,272.0,ok
2017-09-08,Taizz,38737,175,114.0,ok
2017-09-09,Taizz,38742,175,5.0,ok
2017-09-10,Taizz,38975,175,233.0,ok
2017-09-11,Taizz,39411,175,436.0,ok
2017-09-12,Taizz,39589,176,178.0,ok
2017-09-13,Taizz,39771,176,182.0,ok
2017-09-14,Taizz,40082,179,311.0,ok
2017-09-15,Taizz,40361,179,279.0,ok
2017-09-16,Taizz,40364,179,3.0,ok
2017-09-17,Taizz,40585,179,221.0,ok
2017-09-18,Taizz,41424,179,839.0,ok
2017-09-19,Taizz,41671,180,247.0,ok
2017-09-20,Taizz,41672,180,1.0,ok
2017-09-21,Taizz,43259,180,1587.0,ok
2017-09-22,Taizz,43384,180,125.0,ok
2017-09-23,Taizz,43652,180,268.0,ok
2017-09-24,Taizz,43973,180,321.0,ok
2017-09-25,Taizz,44495,180,522.0,ok
2017-09-26,Taizz,44788,180,293.0,ok
2017-09-27,Taizz,45030,180,242.0,ok
2017-09-28,Taizz,45303,180,273.0,ok
2017-09-30,Taizz,46076,180,773.0,ok
2017-10-01,Taizz,46573,180,497.0,ok
2017-10-02,Taizz,46573,180,0.0,ok
2017-10-03,Taizz,47174,182,601.0,ok
2017-10-04,Taizz,47453,182,279.0,ok
2017-10-05,Taizz,47616,183,163.0,ok
2017-10-08,Taizz,48083,183,467.0,ok
2017-10-09,Taizz,48553,183,470.0,ok
2017-10-10,Taizz,48553,183,0.0,ok
2017-10-11,Taizz,49043,183,490.0,ok
2017-10-14,Taizz,49828,183,785.0,ok
2017-10-16,Taizz,50169,183,341.0,ok
2017-10-17,Taizz,50321,183,152.0,ok
2017-10-21,Taizz,50822,183,501.0,ok
2017-10-22,Taizz,51066,183,244.0,ok
2017-10-25,Taizz,51634,183,568.0,ok
2017-10-28,Taizz,51798,183,164.0,ok
2017-10-29,Taizz,52096,183,298.0,ok
2017-10-30,Taizz,52096,183,0.0,ok
2017-11-03,Taizz,53332,184,1236.0,ok
2017-11-04,Taizz,53525,184,193.0,ok
2017-11-05,Taizz,53744,184,219.0,ok
2017-11-06,Taizz,53938,184,194.0,ok
2017-11-07,Taizz,54018,184,80.0,ok
2017-11-08,Taizz,54422,184,404.0,ok
2017-11-19,Taizz,57367,184,2945.0,ok
2017-11-26,Taizz,58223,184,856.0,ok
2017-12-17,Taizz,60443,184,2220.0,ok
2017-12-31,Taizz,61631,187,1188.0,ok
2018-01-07,Taizz,62036,187,405.0,ok
2018-01-14,Taizz,62371,187,335.0,ok
2018-01-21,Taizz,63050,187,679.0,ok
2018-01-28,Taizz,63282,187,232.0,ok
2018-02-04,Taizz,63457,188,175.0,ok
2018-02-11,Taizz,63592,188,135.0,ok
2018-02-18,Taizz,63696,188,104.0,ok
