WHOREGION,FLUSEASON,HEMISPHERE,ITZ,COUNTRY_CODE,COUNTRY_AREA_TERRITORY,ISO_WEEKSTARTDATE,ISO_YEAR,ISO_WEEK,MMWR_WEEKSTARTDATE,MMWR_YEAR,MMWR_WEEK,ORIGIN_SOURCE,SPEC_PROCESSED_NB,SPEC_RECEIVED_NB,AH1N12009,AH1,AH3,AH5,AH7N9,ANOTSUBTYPED,ANOTSUBTYPABLE,AOTHER_SUBTYPE,AOTHER_SUBTYPE_DETAILS,INF_A,BVIC_2DEL,BVIC_3DEL,BVIC_NODEL,BVIC_DELUNK,BYAM,BNOTDETERMINED,INF_B,INF_ALL,INF_NEGATIVE,ILI_ACTIVITY,ADENO,BOCA,HUMAN_CORONA,METAPNEUMO,PARAINFLUENZA,RHINO,RSV_PROCESSED,RSV,OTHERRESPVIRUS,OTHER_RESPVIRUS_DETAILS,LAB_RESULT_COMMENT,WCR_COMMENT,ISO2,ISOYW,MMWRYW,PSOURCE_SUBTYPE_INF,PSOURCE_PPOS_INF,PSOURCE_RSV
SEAR,YR,NH,FLU_STH_ASIA,IND,India,2021-08-09,2021,32,2021-08-08,2021,32,NONSENTINEL,2767.0,2767.0,34.0,,339.0,,,,,,,373.0,,,9.0,,,,9.0,382.0,2385.0,3.0,,,,,,,,,,,,Samples tested for Influenza & SARS CoV-2,IN,202132,202132,,,
SEAR,YR,NH,FLU_STH_ASIA,IND,India,2021-08-16,2021,33,2021-08-15,2021,33,NONSENTINEL,3436.0,3436.0,31.0,,429.0,,,,,,,460.0,,,16.0,,,,16.0,476.0,2960.0,3.0,,,,,,,,,,,,Samples tested for Influenza & SARS CoV-2,IN,202133,202133,,,
SEAR,YR,NH,FLU_STH_ASIA,IND,India,2021-08-23,2021,34,2021-08-22,2021,34,NONSENTINEL,2154.0,2154.0,21.0,,326.0,,,,,,,347.0,,,24.0,,,,24.0,371.0,1783.0,3.0,,,,,,,,,,,,Samples tested for Influenza & SARS CoV-2,IN,202134,202134,,,
SEAR,YR,NH,FLU_STH_ASIA,IND,India,2021-08-30,2021,35,2021-08-29,2021,35,NONSENTINEL,2438.0,2438.0,18.0,,288.0,,,,,,,306.0,,,67.0,,,,67.0,373.0,2065.0,3.0,,,,,,,,,,,,Samples tested for Influenza & SARS CoV-2,IN,202135,202135,,,
SEAR,YR,NH,FLU_STH_ASIA,IND,India,2021-09-06,2021,36,2021-09-05,2021,36,NONSENTINEL,2492.0,2492.0,4.0,,180.0,,,,,,,184.0,,,144.0,,,7.0,151.0,335.0,2157.0,3.0,,,,,,,,,,,,Samples tested  for Influenza & SARS CoV-2,IN,202136,202136,,,
SEAR,YR,NH,FLU_STH_ASIA,IND,India,2021-09-13,2021,37,2021-09-12,2021,37,NONSENTINEL,1991.0,1991.0,11.0,,88.0,,,,,,,99.0,,,117.0,,,17.0,134.0,233.0,1758.0,3.0,,,,,,,,,,,,Samples tested  for Influenza & SARS CoV-2,IN,202137,202137,,,
SEAR,YR,NH,FLU_STH_ASIA,IND,India,2021-09-20,2021,38,2021-09-19,2021,38,NONSENTINEL,3088.0,3088.0,5.0,,96.0,,,,,,,101.0,,,204.0,,,16.0,220.0,321.0,2767.0,3.0,,,,,,,,,,,,Samples tested  for Influenza & SARS CoV-2,IN,202138,202138,,,
SEAR,YR,NH,FLU_STH_ASIA,IND,India,2021-09-27,2021,39,2021-09-26,2021,39,NONSENTINEL,2752.0,2752.0,3.0,,67.0,,,,,,,70.0,,,263.0,,,2.0,265.0,335.0,2417.0,3.0,,,,,,,,,,,,Samples tested  for Influenza & SARS CoV-2,IN,202139,202139,,,
SEAR,YR,NH,FLU_STH_ASIA,IND,India,2021-10-04,2021,40,2021-10-03,2021,40,NONSENTINEL,2509.0,2509.0,4.0,,24.0,,,,,,,28.0,,,208.0,,,19.0,227.0,255.0,2254.0,3.0,,,,,,,,,,,,Samples tested  for Influenza & SARS CoV-2,IN,202140,202140,,,
SEAR,YR,NH,FLU_STH_ASIA,IND,India,2021-10-11,2021,41,2021-10-10,2021,41,NONSENTINEL,2005.0,2005.0,2.0,,19.0,,,,,,,21.0,,,166.0,,,10.0,176.0,197.0,1808.0,3.0,,,,,,,,,,,,Samples tested  for Influenza & SARS CoV-2,IN,202141,202141,,,
SEAR,YR,NH,FLU_STH_ASIA,IND,India,2021-10-18,2021,42,2021-10-17,2021,42,NONSENTINEL,2194.0,2194.0,,,6.0,,,,,,,6.0,,,139.0,,,20.0,159.0,165.0,2029.0,3.0,,,,,,,,,,,,Samples tested  for Influenza & SARS CoV-2,IN,202142,202142,,,
SEAR,YR,NH,FLU_STH_ASIA,IND,India,2021-10-25,2021,43,2021-10-24,2021,43,NONSENTINEL,2020.0,2020.0,,,4.0,,,,,,,4.0,,,98.0,,,12.0,110.0,114.0,1906.0,3.0,,,,,,,,,,,,Samples tested  for Influenza & SARS CoV-2,IN,202143,202143,,,
SEAR,YR,NH,FLU_STH_ASIA,IND,India,2021-11-01,2021,44,2021-10-31,2021,44,NONSENTINEL,1631.0,1631.0,,,1.0,,,,,,,1.0,,,40.0,,,6.0,46.0,47.0,1584.0,3.0,,,,,,,,,,,,Samples tested  for Influenza & SARS CoV-2,IN,202144,202144,,,
SEAR,YR,NH,FLU_STH_ASIA,IND,India,2021-11-08,2021,45,2021-11-07,2021,45,NONSENTINEL,903.0,903.0,,,,,,,,,,,,,11.0,,,3.0,14.0,14.0,889.0,2.0,,,,,,,,,,,,Samples tested  for Influenza & SARS CoV-2,IN,202145,202145,,,
SEAR,YR,NH,FLU_STH_ASIA,IND,India,2021-11-15,2021,46,2021-11-14,2021,46,NONSENTINEL,1830.0,1830.0,,,,,,,,,,,,,18.0,,,10.0,28.0,28.0,1802.0,2.0,,,,,,,,,,,,Samples tested  for Influenza & SARS CoV-2,IN,202146,202146,,,
SEAR,YR,NH,FLU_STH_ASIA,IND,India,2021-11-22,2021,47,2021-11-21,2021,47,NONSENTINEL,1144.0,1144.0,1.0,,1.0,,,,,,,2.0,,,3.0,,,11.0,14.0,16.0,1128.0,3.0,,,,,,,,,,,,Samples tested  for Influenza & SARS CoV-2,IN,202147,202147,,,
SEAR,YR,NH,FLU_STH_ASIA,IND,India,2021-11-29,2021,48,2021-11-28,2021,48,NONSENTINEL,987.0,987.0,1.0,,,,,,,,,1.0,,,8.0,,,1.0,9.0,10.0,977.0,3.0,,,,,,,,,,,,Samples tested  for Influenza & SARS CoV-2,IN,202148,202148,,,
SEAR,YR,NH,FLU_STH_ASIA,IND,India,2021-12-06,2021,49,2021-12-05,2021,49,NONSENTINEL,1577.0,1577.0,3.0,,3.0,,,,,,,6.0,,,2.0,,,11.0,13.0,19.0,1558.0,3.0,,,,,,,,,,,,Samples tested  for Influenza & SARS CoV-2,IN,202149,202149,,,
SEAR,YR,NH,FLU_STH_ASIA,IND,India,2021-12-13,2021,50,2021-12-12,2021,50,NONSENTINEL,837.0,837.0,,,,,,,,,,,,,2.0,,,,2.0,2.0,835.0,3.0,,,,,,,,,,,,Samples tested  for Influenza & SARS CoV-2,IN,202150,202150,,,
SEAR,YR,NH,FLU_STH_ASIA,IND,India,2021-12-20,2021,51,2021-12-19,2021,51,NONSENTINEL,2404.0,2404.0,,,1.0,,,,,,,1.0,,,,,,3.0,3.0,4.0,2400.0,3.0,,,,,,,,,,,,Samples tested  for Influenza & SARS CoV-2,IN,202151,202151,,,
SEAR,YR,NH,FLU_STH_ASIA,IND,India,2021-12-27,2021,52,2021-12-26,2021,52,NONSENTINEL,1973.0,1973.0,,,3.0,,,,,,,3.0,,,,,,1.0,1.0,4.0,1969.0,3.0,,,,,,,,,,,,Samples tested  for Influenza & SARS CoV-2,IN,202152,202152,,,
SEAR,YR,NH,FLU_STH_ASIA,IND,India,2022-01-03,2022,1,2022-01-02,2022,1,NONSENTINEL,1704.0,1704.0,,,,,,,,,,,,,,,,5.0,5.0,5.0,1699.0,3.0,,,,,,,,,,,,Samples tested  for Influenza & SARS CoV-2,IN,202201,202201,,,
SEAR,YR,NH,FLU_STH_ASIA,IND,India,2022-01-10,2022,2,2022-01-09,2022,2,NONSENTINEL,3258.0,3258.0,,,,,,,,,,,,,3.0,,,3.0,6.0,6.0,3252.0,3.0,,,,,,,,,,,,Samples tested  for Influenza & SARS CoV-2,IN,202202,202202,,,
SEAR,YR,NH,FLU_STH_ASIA,IND,India,2022-01-17,2022,3,2022-01-16,2022,3,NONSENTINEL,3155.0,3155.0,,,,,,,,,,,,,1.0,,,,1.0,1.0,3154.0,3.0,,,,,,,,,,,,Samples tested  for Influenza & SARS CoV-2,IN,202203,202203,,,
SEAR,YR,NH,FLU_STH_ASIA,IND,India,2022-01-24,2022,4,2022-01-23,2022,4,NONSENTINEL,2628.0,2628.0,,,,,,,,,,,,,,,,,,,2628.0,2.0,,,,,,,,,,,,Samples tested  for Influenza & SARS CoV-2,IN,202204,202204,,,
SEAR,YR,NH,FLU_STH_ASIA,IND,India,2022-01-31,2022,5,2022-01-30,2022,5,NONSENTINEL,1790.0,1790.0,,,,,,,,,,,,,,,,,,,1790.0,2.0,,,,,,,,,,,,Samples tested  for Influenza & SARS CoV-2,IN,202205,202205,,,
SEAR,YR,NH,FLU_STH_ASIA,IND,India,2022-02-07,2022,6,2022-02-06,2022,6,NONSENTINEL,1848.0,1848.0,,,,,,,,,,,,,,,,,,,1848.0,2.0,,,,,,,,,,,,Samples tested  for Influenza & SARS CoV-2,IN,202206,202206,,,
SEAR,YR,NH,FLU_STH_ASIA,IND,India,2022-02-14,2022,7,2022-02-13,2022,7,NONSENTINEL,1358.0,1358.0,,,,,,,,,,,,,,,,,,,1358.0,2.0,,,,,,,,,,,,Samples tested  for Influenza & SARS CoV-2,IN,202207,202207,,,
SEAR,YR,NH,FLU_STH_ASIA,IND,India,2022-02-21,2022,8,2022-02-20,2022,8,NONSENTINEL,894.0,894.0,,,,,,,,,,,,,,,,,,,894.0,2.0,,,,,,,,,,,,Samples tested  for Influenza & SARS CoV-2,IN,202208,202208,,,
SEAR,YR,NH,FLU_STH_ASIA,IND,India,2022-02-28,2022,9,2022-02-27,2022,9,NONSENTINEL,685.0,685.0,,,,,,,,,,,,,,,,,,,685.0,2.0,,,,,,,,,,,,Samples tested  for Influenza & SARS CoV-2,IN,202209,202209,,,
SEAR,YR,NH,FLU_STH_ASIA,IND,India,2022-03-07,2022,10,2022-03-06,2022,10,NONSENTINEL,525.0,525.0,,,,,,,,,,,,,,,,,,,525.0,2.0,,,,,,,,,,,,Samples tested  for Influenza & SARS CoV-2,IN,202210,202210,,,
SEAR,YR,NH,FLU_STH_ASIA,IND,India,2022-03-14,2022,11,2022-03-13,2022,11,NONSENTINEL,244.0,244.0,,,32.0,,,,,,,32.0,,,20.0,,,,20.0,52.0,192.0,3.0,,,,,,,,,,,,Samples tested  for Influenza & SARS CoV-2,IN,202211,202211,,,
SEAR,YR,NH,FLU_STH_ASIA,IND,India,2022-03-21,2022,12,2022-03-20,2022,12,NONSENTINEL,174.0,174.0,,,13.0,,,,,,,13.0,,,11.0,,,,11.0,24.0,150.0,3.0,,,,,,,,,,,,Samples tested  for Influenza & SARS CoV-2,IN,202212,202212,,,
SEAR,YR,NH,FLU_STH_ASIA,IND,India,2022-03-28,2022,13,2022-03-27,2022,13,NONSENTINEL,398.0,398.0,3.0,,17.0,,,,,,,20.0,,,26.0,,,,26.0,46.0,352.0,3.0,,,,,,,,,,,,Samples tested  for Influenza & SARS CoV-2,IN,202213,202213,,,
SEAR,YR,NH,FLU_STH_ASIA,IND,India,2022-04-04,2022,14,2022-04-03,2022,14,NONSENTINEL,167.0,167.0,,,3.0,,,,,,,3.0,,,18.0,,,,18.0,21.0,146.0,3.0,,,,,,,,,,,,Samples tested  for Influenza & SARS CoV-2,IN,202214,202214,,,
SEAR,YR,NH,FLU_STH_ASIA,IND,India,2022-04-11,2022,15,2022-04-10,2022,15,NONSENTINEL,466.0,466.0,,,,,,,,,,,,,,,,,,,466.0,2.0,,,,,,,,,,,,Samples tested  for Influenza & SARS CoV-2,IN,202215,202215,,,
SEAR,YR,NH,FLU_STH_ASIA,IND,India,2022-04-18,2022,16,2022-04-17,2022,16,NONSENTINEL,199.0,199.0,,,,,,,,,,,,,,,,,,,199.0,2.0,,,,,,,,,,,,Samples tested  for Influenza & SARS CoV-2,IN,202216,202216,,,
SEAR,YR,NH,FLU_STH_ASIA,IND,India,2022-04-25,2022,17,2022-04-24,2022,17,NONSENTINEL,215.0,215.0,,,,,,,,,,,,,,,,,,,215.0,2.0,,,,,,,,,,,,Samples tested  for Influenza & SARS CoV-2,IN,202217,202217,,,
SEAR,YR,NH,FLU_STH_ASIA,IND,India,2022-05-02,2022,18,2022-05-01,2022,18,NONSENTINEL,198.0,198.0,1.0,,,,,,,,,1.0,,,,,,,,1.0,197.0,3.0,,,,,,,,,,,,Samples tested  for Influenza & SARS CoV-2,IN,202218,202218,,,
SEAR,YR,NH,FLU_STH_ASIA,IND,India,2022-05-09,2022,19,2022-05-08,2022,19,NONSENTINEL,112.0,112.0,,,,,,,,,,,,,,,,,,,112.0,2.0,,,,,,,,,,,,Samples tested  for Influenza & SARS CoV-2,IN,202219,202219,,,
SEAR,YR,NH,FLU_STH_ASIA,IND,India,2022-05-16,2022,20,2022-05-15,2022,20,NONSENTINEL,176.0,176.0,,,,,,,,,,,,,,,,,,,176.0,2.0,,,,,,,,,,,,Samples tested  for Influenza & SARS CoV-2,IN,202220,202220,,,
SEAR,YR,NH,FLU_STH_ASIA,IND,India,2022-05-23,2022,21,2022-05-22,2022,21,NONSENTINEL,117.0,117.0,,,,,,,,,,,,,,,,,,,117.0,2.0,,,,,,,,,,,,Samples tested  for Influenza & SARS CoV-2,IN,202221,202221,,,
SEAR,YR,NH,FLU_STH_ASIA,IND,India,2022-05-30,2022,22,2022-05-29,2022,22,NONSENTINEL,132.0,132.0,,,,,,,,,,,,,,,,,,,132.0,2.0,,,,,,,,,,,,Samples tested  for Influenza & SARS CoV-2,IN,202222,202222,,,
SEAR,YR,NH,FLU_STH_ASIA,IND,India,2022-06-06,2022,23,2022-06-05,2022,23,NONSENTINEL,135.0,135.0,,,,,,,,,,,,,,,,,,,135.0,2.0,,,,,,,,,,,,Samples tested  for Influenza & SARS CoV-2,IN,202223,202223,,,
SEAR,YR,NH,FLU_STH_ASIA,IND,India,2022-06-13,2022,24,2022-06-12,2022,24,NONSENTINEL,210.0,210.0,1.0,,,,,,,,,1.0,,,,,,,,1.0,209.0,3.0,,,,,,,,,,,,Samples tested  for Influenza & SARS CoV-2,IN,202224,202224,,,
SEAR,YR,NH,FLU_STH_ASIA,IND,India,2022-06-20,2022,25,2022-06-19,2022,25,NONSENTINEL,170.0,170.0,,,,,,,,,,,,,,,,,,,170.0,2.0,,,,,,,,,,,,Samples tested  for Influenza & SARS CoV-2,IN,202225,202225,,,
SEAR,YR,NH,FLU_STH_ASIA,IND,India,2022-06-27,2022,26,2022-06-26,2022,26,NONSENTINEL,176.0,176.0,2.0,,,,,,,,,2.0,,,,,,,,2.0,174.0,3.0,,,,,,,,,,,,Samples tested  for Influenza & SARS CoV-2,IN,202226,202226,,,
SEAR,YR,NH,FLU_STH_ASIA,IND,India,2022-07-04,2022,27,2022-07-03,2022,27,NONSENTINEL,293.0,293.0,8.0,,,,,,,,,8.0,,,,,,,,8.0,285.0,3.0,,,,,,,,,,,,Samples tested  for Influenza & SARS CoV-2,IN,202227,202227,,,
SEAR,YR,NH,FLU_STH_ASIA,IND,India,2022-07-11,2022,28,2022-07-10,2022,28,NONSENTINEL,220.0,220.0,10.0,,1.0,,,,,,,11.0,,,,,,,,11.0,209.0,3.0,,,,,,,,,,,,Samples tested  for Influenza & SARS CoV-2,IN,202228,202228,,,
SEAR,YR,NH,FLU_STH_ASIA,IND,India,2022-07-18,2022,29,2022-07-17,2022,29,NONSENTINEL,249.0,249.0,48.0,,,,,,,,,48.0,,,,,,,,48.0,201.0,3.0,,,,,,,,,,,,Samples tested  for Influenza & SARS CoV-2,IN,202229,202229,,,
SEAR,YR,NH,FLU_STH_ASIA,IND,India,2022-07-25,2022,30,2022-07-24,2022,30,NONSENTINEL,353.0,353.0,53.0,,4.0,,,,,,,57.0,,,,,,,,57.0,296.0,3.0,,,,,,,,,,,,Samples tested  for Influenza & SARS CoV-2,IN,202230,202230,,,
SEAR,YR,NH,FLU_STH_ASIA,IND,India,2022-08-01,2022,31,2022-07-31,2022,31,NONSENTINEL,312.0,312.0,64.0,,2.0,,,,,,,66.0,,,,,,,,66.0,246.0,3.0,,,,,,,,,,,,Samples tested  for Influenza & SARS CoV-2,IN,202231,202231,,,
SEAR,YR,NH,FLU_STH_ASIA,IND,India,2022-08-08,2022,32,2022-08-07,2022,32,NONSENTINEL,328.0,328.0,96.0,,1.0,,,,,,,97.0,,,,,,1.0,1.0,98.0,230.0,3.0,,,,,,,,,,,,Samples tested  for Influenza & SARS CoV-2,IN,202232,202232,,,
SEAR,YR,NH,FLU_STH_ASIA,IND,India,2022-08-15,2022,33,2022-08-14,2022,33,NONSENTINEL,293.0,293.0,72.0,,5.0,,,,,,,77.0,,,,,,,,77.0,216.0,3.0,,,,,,,,,,,,Samples tested  for Influenza & SARS CoV-2,IN,202233,202233,,,
SEAR,YR,NH,FLU_STH_ASIA,IND,India,2022-08-22,2022,34,2022-08-21,2022,34,NONSENTINEL,228.0,228.0,47.0,,3.0,,,,,,,50.0,,,,,,,,50.0,178.0,3.0,,,,,,,,,,,,Samples tested  for Influenza & SARS CoV-2,IN,202234,202234,,,
SEAR,YR,NH,FLU_STH_ASIA,IND,India,2022-08-29,2022,35,2022-08-28,2022,35,NONSENTINEL,230.0,230.0,41.0,,2.0,,,,,,,43.0,,,,,,,,43.0,187.0,3.0,,,,,,,,,,,,Samples tested  for Influenza & SARS CoV-2,IN,202235,202235,,,
SEAR,YR,NH,FLU_STH_ASIA,IND,India,2022-09-05,2022,36,2022-09-04,2022,36,NONSENTINEL,178.0,178.0,17.0,,2.0,,,,,,,19.0,,,,,,,,19.0,159.0,3.0,,,,,,,,,,,,Samples tested  for Influenza & SARS CoV-2,IN,202236,202236,,,
SEAR,YR,NH,FLU_STH_ASIA,IND,India,2022-09-12,2022,37,2022-09-11,2022,37,NONSENTINEL,178.0,178.0,9.0,,4.0,,,,,,,13.0,,,,,,,,13.0,165.0,3.0,,,,,,,,,,,,Samples tested  for Influenza & SARS CoV-2,IN,202237,202237,,,
SEAR,YR,NH,FLU_STH_ASIA,IND,India,2022-09-19,2022,38,2022-09-18,2022,38,NONSENTINEL,231.0,231.0,12.0,,6.0,,,,,,,18.0,,,,,,,,18.0,213.0,3.0,,,,,,,,,,,,Samples tested  for Influenza & SARS CoV-2,IN,202238,202238,,,
SEAR,YR,NH,FLU_STH_ASIA,IND,India,2022-09-26,2022,39,2022-09-25,2022,39,NONSENTINEL,224.0,224.0,13.0,,7.0,,,,,,,20.0,,,,,,,,20.0,204.0,3.0,,,,,,,,,,,,Samples tested  for Influenza & SARS CoV-2,IN,202239,202239,,,
SEAR,YR,NH,FLU_STH_ASIA,IND,India,2022-10-03,2022,40,2022-10-02,2022,40,NONSENTINEL,171.0,171.0,2.0,,3.0,,,,,,,5.0,,,,,,,,5.0,166.0,3.0,,,,,,,,,,,,Samples tested  for Influenza & SARS CoV-2,IN,202240,202240,,,
SEAR,YR,NH,FLU_STH_ASIA,IND,India,2022-10-10,2022,41,2022-10-09,2022,41,NONSENTINEL,150.0,150.0,3.0,,3.0,,,,,,,6.0,,,,,,,,6.0,144.0,3.0,,,,,,,,,,,,Samples tested  for Influenza & SARS CoV-2,IN,202241,202241,,,
SEAR,YR,NH,FLU_STH_ASIA,IND,India,2022-10-17,2022,42,2022-10-16,2022,42,NONSENTINEL,152.0,152.0,,,7.0,,,,,,,7.0,,,,,,,,7.0,145.0,3.0,,,,,,,,,,,,Samples tested  for Influenza & SARS CoV-2,IN,202242,202242,,,
SEAR,YR,NH,FLU_STH_ASIA,IND,India,2022-10-24,2022,43,2022-10-23,2022,43,NONSENTINEL,135.0,135.0,2.0,,7.0,,,,,,,9.0,,,,,,,,9.0,126.0,3.0,,,,,,,,,,,,Samples tested  for Influenza & SARS CoV-2,IN,202243,202243,,,
SEAR,YR,NH,FLU_STH_ASIA,IND,India,2022-10-31,2022,44,2022-10-30,2022,44,NONSENTINEL,91.0,91.0,1.0,,,,,,,,,1.0,,,,,,,,1.0,90.0,3.0,,,,,,,,,,,,Samples tested  for Influenza & SARS CoV-2,IN,202244,202244,,,
SEAR,YR,NH,FLU_STH_ASIA,IND,India,2022-11-07,2022,45,2022-11-06,2022,45,NONSENTINEL,136.0,136.0,,,6.0,,,,,,,6.0,,,,,,,,6.0,130.0,3.0,,,,,,,,,,,,Samples tested  for Influenza & SARS CoV-2,IN,202245,202245,,,
SEAR,YR,NH,FLU_STH_ASIA,IND,India,2022-11-14,2022,46,2022-11-13,2022,46,NONSENTINEL,119.0,119.0,,,1.0,,,,,,,1.0,,,,,,,,1.0,118.0,3.0,,,,,,,,,,,,Samples tested  for Influenza & SARS CoV-2,IN,202246,202246,,,
SEAR,YR,NH,FLU_STH_ASIA,IND,India,2022-11-21,2022,47,2022-11-20,2022,47,NONSENTINEL,113.0,113.0,,,2.0,,,,,,,2.0,,,,,,,,2.0,111.0,3.0,,,,,,,,,,,,Samples tested  for Influenza & SARS CoV-2,IN,202247,202247,,,
SEAR,YR,NH,FLU_STH_ASIA,IND,India,2022-11-28,2022,48,2022-11-27,2022,48,NONSENTINEL,151.0,151.0,,,4.0,,,,,,,4.0,,,,,,,,4.0,147.0,3.0,,,,,,,,,,,,Samples tested  for Influenza & SARS CoV-2,IN,202248,202248,,,
SEAR,YR,NH,FLU_STH_ASIA,IND,India,2022-12-05,2022,49,2022-12-04,2022,49,NONSENTINEL,128.0,128.0,,,3.0,,,,,,,3.0,,,2.0,,,,2.0,5.0,123.0,3.0,,,,,,,,,,,,Samples tested  for Influenza & SARS CoV-2,IN,202249,202249,,,
SEAR,YR,NH,FLU_STH_ASIA,IND,India,2022-12-12,2022,50,2022-12-11,2022,50,NONSENTINEL,85.0,85.0,,,2.0,,,,,,,2.0,,,,,,,,2.0,83.0,3.0,,,,,,,,,,,,Samples tested  for Influenza & SARS CoV-2,IN,202250,202250,,,
SEAR,YR,NH,FLU_STH_ASIA,IND,India,2022-12-19,2022,51,2022-12-18,2022,51,NONSENTINEL,57.0,57.0,,,4.0,,,,,,,4.0,,,1.0,,,,1.0,5.0,52.0,3.0,,,,,,,,,,,,Samples tested  for Influenza & SARS CoV-2,IN,202251,202251,,,
SEAR,YR,NH,FLU_STH_ASIA,IND,India,2022-12-26,2022,52,2022-12-25,2022,52,NONSENTINEL,109.0,109.0,,,18.0,,,,,,,18.0,,,1.0,,,,1.0,19.0,90.0,3.0,,,,,,,,,,,,Samples tested  for Influenza & SARS CoV-2,IN,202252,202252,,,
SEAR,YR,NH,FLU_STH_ASIA,IND,India,2023-01-02,2023,1,2023-01-01,2023,1,NONSENTINEL,221.0,221.0,,,19.0,,,,,,,19.0,,,2.0,,,,2.0,21.0,200.0,3.0,,,,,,,,,,,,Samples tested  for Influenza & SARS CoV-2,IN,202301,202301,,,
SEAR,YR,NH,FLU_STH_ASIA,IND,India,2023-01-09,2023,2,2023-01-08,2023,2,NONSENTINEL,154.0,154.0,,,18.0,,,,,,,18.0,,,,,,,,18.0,136.0,3.0,,,,,,,,,,,,Samples tested  for Influenza & SARS CoV-2,IN,202302,202302,,,
SEAR,YR,NH,FLU_STH_ASIA,IND,India,2023-01-16,2023,3,2023-01-15,2023,3,NONSENTINEL,39.0,39.0,,,2.0,,,,,,,2.0,,,,,,,,2.0,37.0,3.0,,,,,,,,,,,,Samples tested  for Influenza & SARS CoV-2,IN,202303,202303,,,
SEAR,YR,NH,FLU_STH_ASIA,IND,India,2023-01-23,2023,4,2023-01-22,2023,4,NONSENTINEL,139.0,139.0,4.0,,10.0,,,,,,,14.0,,,,,,,,14.0,125.0,3.0,,,,,,,,,,,,Samples tested  for Influenza & SARS CoV-2,IN,202304,202304,,,
SEAR,YR,NH,FLU_STH_ASIA,IND,India,2023-01-30,2023,5,2023-01-29,2023,5,NONSENTINEL,130.0,130.0,,,17.0,,,,,,,17.0,,,,,,,,17.0,113.0,3.0,,,,,,,,,,,,Samples tested  for Influenza & SARS CoV-2,IN,202305,202305,,,
SEAR,YR,NH,FLU_STH_ASIA,IND,India,2023-02-06,2023,6,2023-02-05,2023,6,NONSENTINEL,135.0,135.0,,,21.0,,,,,,,21.0,,,1.0,,,,1.0,22.0,113.0,3.0,,,,,,,,,,,,Samples tested  for Influenza & SARS CoV-2,IN,202306,202306,,,
SEAR,YR,NH,FLU_STH_ASIA,IND,India,2023-02-13,2023,7,2023-02-12,2023,7,NONSENTINEL,126.0,126.0,,,19.0,,,,,,,19.0,,,1.0,,,,1.0,20.0,106.0,3.0,,,,,,,,,,,,Samples tested  for Influenza & SARS CoV-2,IN,202307,202307,,,
SEAR,YR,NH,FLU_STH_ASIA,IND,India,2023-02-20,2023,8,2023-02-19,2023,8,NONSENTINEL,192.0,192.0,,,45.0,,,,,,,45.0,,,5.0,,,,5.0,50.0,142.0,3.0,,,,,,,,,,,,Samples tested  for Influenza & SARS CoV-2,IN,202308,202308,,,
SEAR,YR,NH,FLU_STH_ASIA,IND,India,2023-02-27,2023,9,2023-02-26,2023,9,NONSENTINEL,147.0,147.0,,,40.0,,,,,,,40.0,,,9.0,,,,9.0,49.0,98.0,3.0,,,,,,,,,,,,Samples tested  for Influenza & SARS CoV-2,IN,202309,202309,,,
SEAR,YR,NH,FLU_STH_ASIA,IND,India,2023-03-06,2023,10,2023-03-05,2023,10,NONSENTINEL,183.0,183.0,,,31.0,,,,,,,31.0,,,16.0,,,,16.0,47.0,136.0,3.0,,,,,,,,,,,,Samples tested  for Influenza & SARS CoV-2,IN,202310,202310,,,
SEAR,YR,NH,FLU_STH_ASIA,IND,India,2023-03-13,2023,11,2023-03-12,2023,11,NONSENTINEL,251.0,251.0,,,32.0,,,,,,,32.0,,,22.0,,,,22.0,54.0,197.0,3.0,,,,,,,,,,,,Samples tested  for Influenza & SARS CoV-2,IN,202311,202311,,,
SEAR,YR,NH,FLU_STH_ASIA,IND,India,2023-03-20,2023,12,2023-03-19,2023,12,NONSENTINEL,180.0,180.0,1.0,,13.0,,,,,,,14.0,,,11.0,,,,11.0,25.0,155.0,3.0,,,,,,,,,,,,Samples tested  for Influenza & SARS CoV-2,IN,202312,202312,,,
SEAR,YR,NH,FLU_STH_ASIA,IND,India,2023-03-27,2023,13,2023-03-26,2023,13,NONSENTINEL,190.0,190.0,2.0,,11.0,,,,,,,13.0,,,19.0,,,,19.0,32.0,158.0,3.0,,,,,,,,,,,,Samples tested  for Influenza & SARS CoV-2,IN,202313,202313,,,
SEAR,YR,NH,FLU_STH_ASIA,IND,India,2023-04-03,2023,14,2023-04-02,2023,14,NONSENTINEL,167.0,167.0,,,3.0,,,,,,,3.0,,,18.0,,,,18.0,21.0,146.0,3.0,,,,,,,,,,,,Samples tested  for Influenza & SARS CoV-2,IN,202314,202314,,,
SEAR,YR,NH,FLU_STH_ASIA,IND,India,2023-04-10,2023,15,2023-04-09,2023,15,NONSENTINEL,144.0,144.0,,,3.0,,,,,,,3.0,,,13.0,,,,13.0,16.0,128.0,3.0,,,,,,,,,,,,Samples tested  for Influenza & SARS CoV-2,IN,202315,202315,,,
SEAR,YR,NH,FLU_STH_ASIA,IND,India,2023-04-17,2023,16,2023-04-16,2023,16,NONSENTINEL,148.0,148.0,,,1.0,,,,,,,1.0,,,8.0,,,,8.0,9.0,139.0,3.0,,,,,,,,,,,,Samples tested  for Influenza & SARS CoV-2,IN,202316,202316,,,
SEAR,YR,NH,FLU_STH_ASIA,IND,India,2023-04-24,2023,17,2023-04-23,2023,17,NONSENTINEL,143.0,143.0,2.0,,1.0,,,,,,,3.0,,,7.0,,,,7.0,10.0,26.0,3.0,,,,,,,,,,,,Samples tested for Influenza & SARS CoV-2,IN,202317,202317,,,
SEAR,YR,NH,FLU_STH_ASIA,IND,India,2023-05-01,2023,18,2023-04-30,2023,18,NONSENTINEL,123.0,123.0,1.0,,1.0,,,,,,,2.0,,,5.0,,,,5.0,7.0,40.0,3.0,,,,,,,,,,,,Samples tested for Influenza & SARS CoV-2,IN,202318,202318,,,
SEAR,YR,NH,FLU_STH_ASIA,IND,India,2023-05-08,2023,19,2023-05-07,2023,19,NONSENTINEL,151.0,151.0,10.0,,,,,,,,,10.0,,,2.0,,,,2.0,12.0,139.0,3.0,,,,,,,,,,,,Samples tested for Influenza & SARS CoV-2,IN,202319,202319,,,
SEAR,YR,NH,FLU_STH_ASIA,IND,India,2023-05-15,2023,20,2023-05-14,2023,20,NONSENTINEL,155.0,155.0,5.0,,2.0,,,,,,,7.0,,,3.0,,,,3.0,10.0,54.0,3.0,,,,,,,,,,,,Samples tested for Influenza & SARS CoV-2,IN,202320,202320,,,
SEAR,YR,NH,FLU_STH_ASIA,IND,India,2023-05-22,2023,21,2023-05-21,2023,21,NONSENTINEL,133.0,133.0,10.0,,,,,,,,,10.0,,,1.0,,,,1.0,11.0,68.0,3.0,,,,,,,,,,,,samples tested  for Influenza & SARS CoV-2,IN,202321,202321,,,
SEAR,YR,NH,FLU_STH_ASIA,IND,India,2023-05-29,2023,22,2023-05-28,2023,22,NONSENTINEL,155.0,155.0,24.0,,,,,,,,,24.0,,,3.0,,,,3.0,27.0,128.0,,,,,,,,,,,,,samples tested  for Influenza & SARS CoV-2,IN,202322,202322,,,
SEAR,YR,NH,FLU_STH_ASIA,IND,India,2023-06-05,2023,23,2023-06-04,2023,23,NONSENTINEL,207.0,207.0,24.0,,,,,,,,,24.0,,,,,,,,24.0,183.0,3.0,,,,,,,,,,,,samples tested  for Influenza & SARS CoV-2,IN,202323,202323,,,
SEAR,YR,NH,FLU_STH_ASIA,IND,India,2023-06-12,2023,24,2023-06-11,2023,24,NONSENTINEL,254.0,254.0,31.0,,3.0,,,,,,,34.0,,,2.0,,,,2.0,36.0,132.0,3.0,,,,,,,,,,,,samples tested  for Influenza & SARS CoV-2,IN,202324,202324,,,
SEAR,YR,NH,FLU_STH_ASIA,IND,India,2023-06-19,2023,25,2023-06-18,2023,25,NONSENTINEL,61.0,61.0,,,,,,,,,,,,,3.0,,,,3.0,3.0,58.0,3.0,,,,,,,,,,,,samples tested  for Influenza & SARS CoV-2,IN,202325,202325,,,
SEAR,YR,NH,FLU_STH_ASIA,IND,India,2023-06-26,2023,26,2023-06-25,2023,26,NONSENTINEL,165.0,165.0,33.0,,2.0,,,,,,,35.0,,,,,,1.0,1.0,36.0,64.0,3.0,,,,,,,,,,,,samples tested  for Influenza & SARS CoV-2,IN,202326,202326,,,
SEAR,YR,NH,FLU_STH_ASIA,IND,India,2023-07-03,2023,27,2023-07-02,2023,27,NONSENTINEL,202.0,202.0,28.0,,,,,,,,,28.0,,,4.0,,,,4.0,32.0,70.0,3.0,,,,,,,,,,,,samples tested  for Influenza & SARS CoV-2,IN,202327,202327,,,
SEAR,YR,NH,FLU_STH_ASIA,IND,India,2023-07-10,2023,28,2023-07-09,2023,28,NONSENTINEL,143.0,143.0,19.0,,,,,,,,,19.0,,,1.0,,,1.0,2.0,21.0,,3.0,,,,,,,,,,,,samples tested  for Influenza & SARS CoV-2,IN,202328,202328,,,
SEAR,YR,NH,FLU_STH_ASIA,IND,India,2023-07-17,2023,29,2023-07-16,2023,29,NONSENTINEL,167.0,167.0,14.0,,,,,,,,,14.0,,,3.0,,,,3.0,17.0,,,,,,,,,,,,,,samples tested  for Influenza & SARS CoV-2,IN,202329,202329,,,
SEAR,YR,NH,FLU_STH_ASIA,IND,India,2023-07-24,2023,30,2023-07-23,2023,30,NONSENTINEL,38.0,38.0,,,2.0,,,,,,,2.0,,,2.0,,,,2.0,4.0,,,,,,,,,,,,,,samples tested  for Influenza & SARS CoV-2,IN,202330,202330,,,
SEAR,YR,NH,FLU_STH_ASIA,IND,India,2023-07-31,2023,31,2023-07-30,2023,31,NONSENTINEL,52.0,52.0,,,7.0,,,,,,,7.0,,,5.0,,,,5.0,12.0,,3.0,,,,,,,,,,,,samples tested  for Influenza & SARS CoV-2,IN,202331,202331,,,
SEAR,YR,NH,FLU_STH_ASIA,IND,India,2023-08-07,2023,32,2023-08-06,2023,32,NONSENTINEL,123.0,123.0,12.0,,10.0,,,,,,,22.0,,,4.0,,,1.0,5.0,27.0,96.0,3.0,,,,,,,,,,,,samples tested  for Influenza & SARS CoV-2,IN,202332,202332,,,
SEAR,YR,NH,FLU_STH_ASIA,IND,India,2023-08-14,2023,33,2023-08-13,2023,33,NONSENTINEL,131.0,131.0,8.0,,5.0,,,,,,,13.0,,,9.0,,,1.0,10.0,23.0,108.0,3.0,,,,,,,,,,,,samples tested  for Influenza & SARS CoV-2,IN,202333,202333,,,
SEAR,YR,NH,FLU_STH_ASIA,IND,India,2023-08-21,2023,34,2023-08-20,2023,34,NONSENTINEL,145.0,145.0,10.0,,16.0,,,,,,,26.0,,,12.0,,,,12.0,38.0,107.0,,,,,,,,,,,,,Samples tested  for Influenza & SARS CoV-2,IN,202334,202334,,,
SEAR,YR,NH,FLU_STH_ASIA,IND,India,2023-08-28,2023,35,2023-08-27,2023,35,NONSENTINEL,174.0,174.0,6.0,,21.0,,,,,,,27.0,,,13.0,,,1.0,14.0,41.0,97.0,,,,,,,,,,,,,Samples tested  for Influenza & SARS CoV-2,IN,202335,202335,,,
SEAR,YR,NH,FLU_STH_ASIA,IND,India,2023-09-04,2023,36,2023-09-03,2023,36,NONSENTINEL,162.0,162.0,8.0,,14.0,,,,,,,22.0,,,22.0,,,,22.0,44.0,79.0,,,,,,,,,,,,,samples tested  for Influenza & SARS CoV-2,IN,202336,202336,,,
SEAR,YR,NH,FLU_STH_ASIA,IND,India,2023-09-11,2023,37,2023-09-10,2023,37,NONSENTINEL,162.0,162.0,8.0,,14.0,,,,,,,22.0,,,22.0,,,,22.0,44.0,79.0,,,,,,,,,,,,,samples tested  for Influenza & SARS CoV-2,IN,202337,202337,,,
SEAR,YR,NH,FLU_STH_ASIA,IND,India,2023-09-18,2023,38,2023-09-17,2023,38,NONSENTINEL,199.0,199.0,15.0,,23.0,,,,,,,38.0,,,15.0,,,,15.0,53.0,83.0,,,,,,,,,,,,,samples tested  for Influenza & SARS CoV-2,IN,202338,202338,,,
SEAR,YR,NH,FLU_STH_ASIA,IND,India,2023-09-25,2023,39,2023-09-24,2023,39,NONSENTINEL,169.0,169.0,7.0,,13.0,,,,,,,20.0,,,22.0,,,3.0,25.0,45.0,124.0,,,,,,,,,,,,,samples tested  for Influenza & SARS CoV-2,IN,202339,202339,,,
SEAR,YR,NH,FLU_STH_ASIA,IND,India,2023-10-02,2023,40,2023-10-01,2023,40,NONSENTINEL,158.0,158.0,13.0,,19.0,,,,,,,32.0,,,14.0,,,3.0,17.0,49.0,109.0,,,,,,,,,,,,,samples tested  for Influenza & SARS CoV-2,IN,202340,202340,,,
SEAR,YR,NH,FLU_STH_ASIA,IND,India,2023-10-09,2023,41,2023-10-08,2023,41,NONSENTINEL,150.0,150.0,12.0,,17.0,,,,,,,29.0,,,15.0,,,2.0,17.0,46.0,104.0,,,,,,,,,,,,,samples tested  for Influenza & SARS CoV-2,IN,202341,202341,,,
SEAR,YR,NH,FLU_STH_ASIA,IND,India,2023-10-16,2023,42,2023-10-15,2023,42,NONSENTINEL,155.0,155.0,17.0,,11.0,,,,,,,28.0,,,13.0,,,2.0,15.0,43.0,112.0,,,,,,,,,,,,,samples tested  for Influenza & SARS CoV-2,IN,202342,202342,,,
SEAR,YR,NH,FLU_STH_ASIA,IND,India,2023-10-23,2023,43,2023-10-22,2023,43,NONSENTINEL,139.0,139.0,11.0,,4.0,,,,,,,15.0,,,4.0,,,4.0,8.0,23.0,116.0,,,,,,,,,,,,,samples tested  for Influenza & SARS CoV-2,IN,202343,202343,,,
SEAR,YR,NH,FLU_STH_ASIA,IND,India,2023-10-30,2023,44,2023-10-29,2023,44,NONSENTINEL,147.0,147.0,14.0,,11.0,,,,,,,25.0,,,5.0,,,2.0,7.0,32.0,115.0,,,,,,,,,,,,,Samples tested  for Influenza & SARS CoV-2,IN,202344,202344,,,
SEAR,YR,NH,FLU_STH_ASIA,IND,India,2023-11-06,2023,45,2023-11-05,2023,45,NONSENTINEL,104.0,104.0,12.0,,3.0,,,,,,,15.0,,,3.0,,,,3.0,18.0,86.0,,,,,,,,,,,,,Samples tested  for Influenza & SARS CoV-2,IN,202345,202345,,,
SEAR,YR,NH,FLU_STH_ASIA,IND,India,2023-11-13,2023,46,2023-11-12,2023,46,NONSENTINEL,45.0,45.0,10.0,,1.0,,,,,,,11.0,,,1.0,,,,1.0,12.0,33.0,,,,,,,,,,,,,samples tested  for Influenza & SARS CoV-2,IN,202346,202346,,,
SEAR,YR,NH,FLU_STH_ASIA,IND,India,2023-11-20,2023,47,2023-11-19,2023,47,NONSENTINEL,132.0,132.0,9.0,,1.0,,,,,,,10.0,,,4.0,,,3.0,7.0,17.0,72.0,3.0,,,,,,,,,,,,samples tested  for Influenza & SARS CoV-2,IN,202347,202347,,,
SEAR,YR,NH,FLU_STH_ASIA,IND,India,2023-11-27,2023,48,2023-11-26,2023,48,NONSENTINEL,116.0,116.0,5.0,,1.0,,,,,,,6.0,,,7.0,,,,7.0,13.0,103.0,3.0,,,,,,,,,,,,samples tested  for Influenza & SARS CoV-2,IN,202348,202348,,,
SEAR,YR,NH,FLU_STH_ASIA,IND,India,2023-12-04,2023,49,2023-12-03,2023,49,NONSENTINEL,162.0,162.0,9.0,,8.0,,,,,,,17.0,,,2.0,,,11.0,13.0,30.0,132.0,3.0,,,,,,,,,,,,samples tested  for Influenza & SARS CoV-2,IN,202349,202349,,,
SEAR,YR,NH,FLU_STH_ASIA,IND,India,2023-12-11,2023,50,2023-12-10,2023,50,NONSENTINEL,149.0,149.0,8.0,,5.0,,,,,,,13.0,,,6.0,,,,6.0,19.0,130.0,3.0,,,,,,,,,,,,samples tested  for Influenza & SARS CoV-2,IN,202350,202350,,,
SEAR,YR,NH,FLU_STH_ASIA,IND,India,2023-12-18,2023,51,2023-12-17,2023,51,NONSENTINEL,200.0,200.0,14.0,,6.0,,,,,,,20.0,,,10.0,,,,10.0,30.0,170.0,3.0,,,,,,,,,,,,samples tested  for Influenza & SARS CoV-2,IN,202351,202351,,,
SEAR,YR,NH,FLU_STH_ASIA,IND,India,2023-12-25,2023,52,2023-12-24,2023,52,NONSENTINEL,200.0,200.0,7.0,,4.0,,,,,,,11.0,,,,,,8.0,8.0,19.0,181.0,3.0,,,,,,,,,,,,samples tested  for Influenza & SARS CoV-2,IN,202352,202352,,,
SEAR,YR,NH,FLU_STH_ASIA,IND,India,2024-01-01,2024,1,2023-12-31,2024,1,NONSENTINEL,135.0,135.0,2.0,,,,,,,,,2.0,,,1.0,,,,1.0,3.0,132.0,3.0,,,,,,,,,,,,samples tested  for Influenza & SARS CoV-2,IN,202401,202401,,,
SEAR,YR,NH,FLU_STH_ASIA,IND,India,2024-01-08,2024,2,2024-01-07,2024,2,NONSENTINEL,159.0,159.0,2.0,,,,,,,,,2.0,,,,,,3.0,3.0,5.0,154.0,3.0,,,,,,,,,,,,samples tested  for Influenza & SARS CoV-2,IN,202402,202402,,,
SEAR,YR,NH,FLU_STH_ASIA,IND,India,2024-01-15,2024,3,2024-01-14,2024,3,NONSENTINEL,229.0,229.0,5.0,,1.0,,,,,,,6.0,,,,,,3.0,3.0,9.0,220.0,3.0,,,,,,,,,,,,Samples tested  for Influenza & SARS CoV-2,IN,202403,202403,,,
SEAR,YR,NH,FLU_STH_ASIA,IND,India,2024-01-22,2024,4,2024-01-21,2024,4,NONSENTINEL,33.0,33.0,,,,,,,,,,,,,,,,3.0,3.0,3.0,30.0,3.0,,,,,,,,,,,,Samples tested  for Influenza & SARS CoV-2,IN,202404,202404,,,
SEAR,YR,NH,FLU_STH_ASIA,IND,India,2024-01-29,2024,5,2024-01-28,2024,5,NONSENTINEL,188.0,188.0,13.0,,,,,,,,,13.0,,,,,,1.0,1.0,14.0,174.0,3.0,,,,,,,,,,,,Samples tested  for Influenza & SARS CoV-2,IN,202405,202405,,,
SEAR,YR,NH,FLU_STH_ASIA,IND,India,2024-02-05,2024,6,2024-02-04,2024,6,NONSENTINEL,130.0,130.0,7.0,,,,,,,,,7.0,,,,,,2.0,2.0,9.0,121.0,3.0,,,,,,,,,,,,Samples tested  for Influenza & SARS CoV-2,IN,202406,202406,,,
SEAR,YR,NH,FLU_STH_ASIA,IND,India,2024-02-12,2024,7,2024-02-11,2024,7,NONSENTINEL,134.0,134.0,12.0,,2.0,,,,,,,14.0,,,,,,1.0,1.0,15.0,119.0,3.0,,,,,,,,,,,,Samples tested  for Influenza & SARS CoV-2,IN,202407,202407,,,
SEAR,YR,NH,FLU_STH_ASIA,IND,India,2024-02-19,2024,8,2024-02-18,2024,8,NONSENTINEL,128.0,128.0,9.0,,6.0,,,,,,,15.0,,,,,,,,15.0,113.0,3.0,,,,,,,,,,,,Samples tested  for Influenza & SARS CoV-2,IN,202408,202408,,,
SEAR,YR,NH,FLU_STH_ASIA,IND,India,2024-03-04,2024,10,2024-03-03,2024,10,NONSENTINEL,126.0,126.0,17.0,,1.0,,,,,,,18.0,,,1.0,,,,1.0,19.0,107.0,3.0,,,,,,,,,,,,Samples tested  for Influenza & SARS CoV-2,IN,202410,202410,,,
SEAR,YR,NH,FLU_STH_ASIA,IND,India,2024-03-11,2024,11,2024-03-10,2024,11,NONSENTINEL,160.0,160.0,18.0,,2.0,,,,,,,20.0,,,,,,,,20.0,140.0,3.0,,,,,,,,,,,,Samples tested  for Influenza & SARS CoV-2,IN,202411,202411,,,
SEAR,YR,NH,FLU_STH_ASIA,IND,India,2024-03-18,2024,12,2024-03-17,2024,12,NONSENTINEL,119.0,119.0,21.0,,,,,,,,,21.0,,,,,,,,21.0,98.0,3.0,,,,,,,,,,,,Samples tested  for Influenza & SARS CoV-2,IN,202412,202412,,,
SEAR,YR,NH,FLU_STH_ASIA,IND,India,2024-03-25,2024,13,2024-03-24,2024,13,NONSENTINEL,103.0,103.0,17.0,,,,,,,,,17.0,,,,,,,,17.0,86.0,3.0,,,,,,,,,,,,Samples tested  for Influenza & SARS CoV-2,IN,202413,202413,,,
SEAR,YR,NH,FLU_STH_ASIA,IND,India,2024-04-01,2024,14,2024-03-31,2024,14,NONSENTINEL,128.0,128.0,18.0,,,,,,,,,18.0,,,,,,,,18.0,110.0,3.0,,,,,,,,,,,,Samples tested  for Influenza & SARS CoV-2,IN,202414,202414,,,
SEAR,YR,NH,FLU_STH_ASIA,IND,India,2024-04-08,2024,15,2024-04-07,2024,15,NONSENTINEL,67.0,67.0,6.0,,,,,,,,,6.0,,,,,,,,6.0,61.0,3.0,,,,,,,,,,,,Samples tested  for Influenza & SARS CoV-2,IN,202415,202415,,,
SEAR,YR,NH,FLU_STH_ASIA,IND,India,2024-04-15,2024,16,2024-04-14,2024,16,NONSENTINEL,106.0,106.0,16.0,,3.0,,,,,,,19.0,,,,,,1.0,1.0,20.0,86.0,3.0,,,,,,,,,,,,Samples tested  for Influenza & SARS CoV-2,IN,202416,202416,,,
SEAR,YR,NH,FLU_STH_ASIA,IND,India,2024-04-22,2024,17,2024-04-21,2024,17,NONSENTINEL,144.0,144.0,19.0,,,,,,,,,19.0,,,1.0,,,1.0,2.0,21.0,123.0,3.0,,,,,,,,,,,,Samples tested  for Influenza & SARS CoV-2,IN,202417,202417,,,
SEAR,YR,NH,FLU_STH_ASIA,IND,India,2024-04-29,2024,18,2024-04-28,2024,18,NONSENTINEL,61.0,61.0,12.0,,,,,,,,,12.0,,,,,,,,12.0,49.0,3.0,,,,,,,,,,,,Samples tested  for Influenza & SARS CoV-2,IN,202418,202418,,,
SEAR,YR,NH,FLU_STH_ASIA,IND,India,2024-05-06,2024,19,2024-05-05,2024,19,NONSENTINEL,74.0,74.0,13.0,,,,,,,,,13.0,,,,,,,,13.0,61.0,3.0,,,,,,,,,,,,Samples tested for Influenza & SARS CoV-2.,IN,202419,202419,,,
SEAR,YR,NH,FLU_STH_ASIA,IND,India,2024-05-13,2024,20,2024-05-12,2024,20,NONSENTINEL,101.0,101.0,11.0,,,,,,,,,11.0,,,,,,,,11.0,90.0,3.0,,,,,,,,,,,,Samples tested for Influenza & SARS CoV-2.,IN,202420,202420,,,
SEAR,YR,NH,FLU_STH_ASIA,IND,India,2024-05-20,2024,21,2024-05-19,2024,21,NONSENTINEL,88.0,88.0,12.0,,,,,,,,,12.0,,,,,,,,12.0,76.0,3.0,,,,,,,,,,,,Samples tested for Influenza & SARS CoV-2.,IN,202421,202421,,,
SEAR,YR,NH,FLU_STH_ASIA,IND,India,2024-05-27,2024,22,2024-05-26,2024,22,NONSENTINEL,100.0,100.0,15.0,,,,,,,,,15.0,,,2.0,,,,2.0,17.0,45.0,3.0,,,,,,,,,,,,Samples tested for Influenza & SARS CoV-2.,IN,202422,202422,,,
SEAR,YR,NH,FLU_STH_ASIA,IND,India,2024-06-03,2024,23,2024-06-02,2024,23,NONSENTINEL,110.0,110.0,9.0,,,,,,,,,9.0,,,,,,,,9.0,101.0,3.0,,,,,,,,,,,,Samples tested for Influenza & SARS CoV-2.,IN,202423,202423,,,
SEAR,YR,NH,FLU_STH_ASIA,IND,India,2024-06-10,2024,24,2024-06-09,2024,24,NONSENTINEL,50.0,50.0,4.0,,1.0,,,,,,,5.0,,,,,,,,5.0,45.0,3.0,,,,,,,,,,,,Samples tested for Influenza & SARS CoV-2.,IN,202424,202424,,,
SEAR,YR,NH,FLU_STH_ASIA,IND,India,2024-06-17,2024,25,2024-06-16,2024,25,NONSENTINEL,64.0,64.0,5.0,,,,,,,,,5.0,,,,,,,,5.0,59.0,3.0,,,,,,,,,,,,Samples tested for Influenza & SARS CoV-2.,IN,202425,202425,,,
SEAR,YR,NH,FLU_STH_ASIA,IND,India,2024-06-24,2024,26,2024-06-23,2024,26,NONSENTINEL,74.0,74.0,4.0,,,,,,,,,4.0,,,,,,,,4.0,70.0,3.0,,,,,,,,,,,,Samples tested for Influenza & SARS CoV-2.,IN,202426,202426,,,
SEAR,YR,NH,FLU_STH_ASIA,IND,India,2024-07-01,2024,27,2024-06-30,2024,27,NONSENTINEL,172.0,172.0,39.0,,1.0,,,,,,,40.0,,,,,,1.0,1.0,41.0,131.0,3.0,,,,,,,,,,,,Samples tested for Influenza & SARS CoV-2.,IN,202427,202427,,,
SEAR,YR,NH,FLU_STH_ASIA,IND,India,2024-07-08,2024,28,2024-07-07,2024,28,NONSENTINEL,102.0,102.0,27.0,,1.0,,,,,,,28.0,,,,,,,,28.0,74.0,3.0,,,,,,,,,,,,Samples tested for Influenza & SARS CoV-2.,IN,202428,202428,,,
SEAR,YR,NH,FLU_STH_ASIA,IND,India,2024-07-15,2024,29,2024-07-14,2024,29,NONSENTINEL,227.0,227.0,77.0,,2.0,,,,,,,79.0,,,,,,1.0,1.0,80.0,147.0,3.0,,,,,,,,,,,,Samples tested for Influenza & SARS CoV-2.,IN,202429,202429,,,
SEAR,YR,NH,FLU_STH_ASIA,IND,India,2024-07-22,2024,30,2024-07-21,2024,30,NONSENTINEL,332.0,332.0,73.0,,3.0,,,,,,,76.0,,,,,,1.0,1.0,77.0,255.0,3.0,,,,,,,,,,,,Samples tested for Influenza & SARS CoV-2.,IN,202430,202430,,,
SEAR,YR,NH,FLU_STH_ASIA,IND,India,2024-07-29,2024,31,2024-07-28,2024,31,NONSENTINEL,189.0,189.0,60.0,,6.0,,,,,,,66.0,,,,,,,,66.0,123.0,3.0,,,,,,,,,,,,Samples tested for Influenza & SARS CoV-2.,IN,202431,202431,,,
SEAR,YR,NH,FLU_STH_ASIA,IND,India,2024-08-05,2024,32,2024-08-04,2024,32,NONSENTINEL,195.0,195.0,67.0,,5.0,,,,,,,72.0,,,1.0,,,,1.0,73.0,122.0,3.0,,,,,,,,,,,,Samples tested for Influenza & SARS CoV-2.,IN,202432,202432,,,
SEAR,YR,NH,FLU_STH_ASIA,IND,India,2024-08-12,2024,33,2024-08-11,2024,33,NONSENTINEL,200.0,200.0,45.0,,7.0,,,,,,,52.0,,,8.0,,,,8.0,60.0,140.0,3.0,,,,,,,,,,,,Samples tested for Influenza & SARS CoV-2.,IN,202433,202433,,,
SEAR,YR,NH,FLU_STH_ASIA,IND,India,2024-08-19,2024,34,2024-08-18,2024,34,NONSENTINEL,190.0,190.0,36.0,,4.0,,,,,,,40.0,,,,,,1.0,1.0,41.0,149.0,3.0,,,,,,,,,,,,Samples tested for Influenza & SARS CoV-2.,IN,202434,202434,,,
SEAR,YR,NH,FLU_STH_ASIA,IND,India,2024-08-26,2024,35,2024-08-25,2024,35,NONSENTINEL,103.0,103.0,15.0,,2.0,,,,,,,17.0,,,,,,,,17.0,86.0,3.0,,,,,,,,,,,,Samples tested for Influenza & SARS CoV-2.,IN,202435,202435,,,
SEAR,YR,NH,FLU_STH_ASIA,IND,India,2024-09-02,2024,36,2024-09-01,2024,36,NONSENTINEL,49.0,49.0,6.0,,2.0,,,,,,,8.0,,,,,,,,8.0,41.0,3.0,,,,,,,,,,,,Samples tested for Influenza & SARS CoV-2.,IN,202436,202436,,,
SEAR,YR,NH,FLU_STH_ASIA,IND,India,2024-09-09,2024,37,2024-09-08,2024,37,NONSENTINEL,117.0,117.0,15.0,,7.0,,,,,,,22.0,,,8.0,,,,8.0,30.0,53.0,3.0,,,,,,,,,,,,Samples tested for Influenza & SARS CoV-2.,IN,202437,202437,,,
SEAR,YR,NH,FLU_STH_ASIA,IND,India,2024-09-16,2024,38,2024-09-15,2024,38,NONSENTINEL,94.0,94.0,7.0,,7.0,,,,,,,14.0,,,8.0,,,,8.0,22.0,72.0,3.0,,,,,,,,,,,,Samples tested for Influenza & SARS CoV-2.,IN,202438,202438,,,
SEAR,YR,NH,FLU_STH_ASIA,IND,India,2024-09-23,2024,39,2024-09-22,2024,39,NONSENTINEL,113.0,113.0,3.0,,11.0,,,,,,,14.0,,,12.0,,,,12.0,26.0,87.0,3.0,,,,,,,,,,,,Samples tested for Influenza & SARS CoV-2.,IN,202439,202439,,,
SEAR,YR,NH,FLU_STH_ASIA,IND,India,2024-09-30,2024,40,2024-09-29,2024,40,NONSENTINEL,57.0,57.0,3.0,,,,,,,,,3.0,,,,,,2.0,2.0,5.0,52.0,3.0,,,,,,,,,,,,Samples tested for Influenza & SARS CoV-2.,IN,202440,202440,,,
SEAR,YR,NH,FLU_STH_ASIA,IND,India,2024-10-07,2024,41,2024-10-06,2024,41,NONSENTINEL,77.0,77.0,1.0,,3.0,,,,,,,4.0,,,,,,6.0,6.0,10.0,67.0,3.0,,,,,,,,,,,,Samples tested for Influenza & SARS CoV-2.,IN,202441,202441,,,
SEAR,YR,NH,FLU_STH_ASIA,IND,India,2024-10-14,2024,42,2024-10-13,2024,42,NONSENTINEL,74.0,74.0,3.0,,4.0,,,,,,,7.0,,,,,,11.0,11.0,18.0,59.0,3.0,,,,,,,,,,,,Samples tested for Influenza & SARS CoV-2.,IN,202442,202442,,,
SEAR,YR,NH,FLU_STH_ASIA,IND,India,2024-10-21,2024,43,2024-10-20,2024,43,NONSENTINEL,65.0,65.0,0.0,,0.0,,,,,,,,,,,,,6.0,6.0,6.0,59.0,3.0,,,,,,,,,,,,Samples tested for Influenza & SARS CoV-2.,IN,202443,202443,,,
SEAR,YR,NH,FLU_STH_ASIA,IND,India,2024-10-28,2024,44,2024-10-27,2024,44,NONSENTINEL,17.0,17.0,1.0,,,,,,,,,1.0,,,,,,,,1.0,16.0,3.0,,,,,,,,,,,,Samples tested for Influenza & SARS CoV-2.,IN,202444,202444,,,
SEAR,YR,NH,FLU_STH_ASIA,IND,India,2024-11-04,2024,45,2024-11-03,2024,45,NONSENTINEL,71.0,71.0,0.0,,1.0,,,,,,,1.0,,,9.0,,,,9.0,10.0,61.0,3.0,,,,,,,,,,,,Samples tested for Influenza & SARS CoV-2.,IN,202445,202445,,,
SEAR,YR,NH,FLU_STH_ASIA,IND,India,2024-11-11,2024,46,2024-11-10,2024,46,NONSENTINEL,65.0,65.0,0.0,,2.0,,,,,,,2.0,,,2.0,,,11.0,13.0,15.0,50.0,3.0,,,,,,,,,,,,Samples tested for Influenza & SARS CoV-2.,IN,202446,202446,,,
SEAR,YR,NH,FLU_STH_ASIA,IND,India,2024-11-18,2024,47,2024-11-17,2024,47,NONSENTINEL,37.0,37.0,,,2.0,,,,,,,2.0,,,3.0,,,,3.0,5.0,32.0,3.0,,,,,,,,,,,,Samples tested for Influenza & SARS CoV-2.,IN,202447,202447,,,
SEAR,YR,NH,FLU_STH_ASIA,IND,India,2024-11-25,2024,48,2024-11-24,2024,48,NONSENTINEL,46.0,46.0,,,,,,,,,,,,,3.0,,,,3.0,3.0,43.0,3.0,,,,,,,,,,,,Samples tested for Influenza & SARS CoV-2.,IN,202448,202448,,,
SEAR,YR,NH,FLU_STH_ASIA,IND,India,2024-12-02,2024,49,2024-12-01,2024,49,NONSENTINEL,36.0,36.0,,,,,,,,,,,,,7.0,,,,7.0,7.0,29.0,3.0,,,,,,,,,,,,Samples tested for Influenza & SARS CoV-2.,IN,202449,202449,,,
SEAR,YR,NH,FLU_STH_ASIA,IND,India,2024-12-09,2024,50,2024-12-08,2024,50,NONSENTINEL,17.0,17.0,,,,,,,,,,,,,,,,,,,17.0,3.0,,,,,,,,,,,,Samples tested for Influenza & SARS CoV-2.,IN,202450,202450,,,
SEAR,YR,NH,FLU_STH_ASIA,IND,India,2024-12-16,2024,51,2024-12-15,2024,51,NONSENTINEL,25.0,25.0,,,1.0,,,,,,,1.0,,,1.0,,,,1.0,2.0,23.0,3.0,,,,,,,,,,,,Samples tested for Influenza & SARS CoV-2.,IN,202451,202451,,,
SEAR,YR,NH,FLU_STH_ASIA,IND,India,2024-12-23,2024,52,2024-12-22,2024,52,NONSENTINEL,22.0,22.0,,,1.0,,,,,,,1.0,,,1.0,,,,1.0,2.0,20.0,3.0,,,,,,,,,,,,Samples tested for Influenza & SARS CoV-2.,IN,202452,202452,,,
SEAR,YR,NH,FLU_STH_ASIA,IND,India,2024-12-30,2025,1,2024-12-29,2025,1,NONSENTINEL,24.0,24.0,1.0,,1.0,,,,,,,2.0,,,4.0,,,,4.0,6.0,18.0,3.0,,,,,,,,,,,,Samples tested for Influenza & SARS CoV-2.,IN,202501,202501,,,
SEAR,YR,NH,FLU_STH_ASIA,IND,India,2025-01-06,2025,2,2025-01-05,2025,2,NONSENTINEL,30.0,30.0,1.0,,,,,,,,,1.0,,,2.0,,,,2.0,3.0,27.0,3.0,,,,,,,,,,,,Samples tested for Influenza & SARS CoV-2.,IN,202502,202502,,,
SEAR,YR,NH,FLU_STH_ASIA,IND,India,2025-01-13,2025,3,2025-01-12,2025,3,NONSENTINEL,33.0,33.0,,,1.0,,,,,,,1.0,,,2.0,,,,2.0,3.0,30.0,3.0,,,,,,,,,,,,Samples tested for Influenza & SARS CoV-2.,IN,202503,202503,,,
SEAR,YR,NH,FLU_STH_ASIA,IND,India,2025-01-20,2025,4,2025-01-19,2025,4,NONSENTINEL,57.0,57.0,,,,,,,,,,,,,1.0,,,,1.0,1.0,56.0,3.0,,,,,,,,,,,,Samples tested for Influenza & SARS CoV-2.,IN,202504,202504,,,
SEAR,YR,NH,FLU_STH_ASIA,IND,India,2025-01-27,2025,5,2025-01-26,2025,5,NONSENTINEL,71.0,71.0,0.0,,2.0,,,,,,,2.0,,,1.0,,,,1.0,3.0,68.0,3.0,,,,,,,,,,,,Samples tested for Influenza & SARS CoV-2.,IN,202505,202505,,,
SEAR,YR,NH,FLU_STH_ASIA,IND,India,2025-02-03,2025,6,2025-02-02,2025,6,NONSENTINEL,76.0,76.0,,,2.0,,,,,,,2.0,,,1.0,,,,1.0,3.0,73.0,3.0,,,,,,,,,,,,Samples tested for Influenza & SARS CoV-2.,IN,202506,202506,,,
SEAR,YR,NH,FLU_STH_ASIA,IND,India,2025-02-10,2025,7,2025-02-09,2025,7,NONSENTINEL,60.0,60.0,,,4.0,,,,,,,4.0,,,3.0,,,,3.0,7.0,53.0,3.0,,,,,,,,,,,,Samples tested for Influenza & SARS CoV-2.,IN,202507,202507,,,
SEAR,YR,NH,FLU_STH_ASIA,IND,India,2025-02-17,2025,8,2025-02-16,2025,8,NONSENTINEL,31.0,31.0,1.0,,2.0,,,,,,,3.0,,,0.0,,,,,3.0,28.0,3.0,,,,,,,,,,,,Samples tested for Influenza & SARS CoV-2.,IN,202508,202508,,,
SEAR,YR,NH,FLU_STH_ASIA,IND,India,2025-02-24,2025,9,2025-02-23,2025,9,NONSENTINEL,71.0,71.0,1.0,,6.0,,,,,,,7.0,,,3.0,,,,3.0,10.0,61.0,3.0,,,,,,,,,,,,Samples tested for Influenza & SARS CoV-2.,IN,202509,202509,,,
SEAR,YR,NH,FLU_STH_ASIA,IND,India,2025-03-03,2025,10,2025-03-02,2025,10,NONSENTINEL,101.0,101.0,,,2.0,,,,,,,2.0,,,4.0,,,2.0,6.0,8.0,93.0,3.0,,,,,,,,,,,,Samples tested for Influenza & SARS CoV-2.,IN,202510,202510,,,
SEAR,YR,NH,FLU_STH_ASIA,IND,India,2025-03-10,2025,11,2025-03-09,2025,11,NONSENTINEL,35.0,35.0,,,2.0,,,,,,,2.0,,,4.0,,,,4.0,6.0,29.0,3.0,,,,,,,,,,,,Samples tested for Influenza & SARS CoV-2.,IN,202511,202511,,,
SEAR,YR,NH,FLU_STH_ASIA,IND,India,2025-03-17,2025,12,2025-03-16,2025,12,NONSENTINEL,40.0,40.0,1.0,,6.0,,,,,,,7.0,,,5.0,,,,5.0,12.0,28.0,3.0,,,,,,,,,,,,Samples tested for Influenza & SARS CoV-2.,IN,202512,202512,,,
SEAR,YR,NH,FLU_STH_ASIA,IND,India,2025-03-24,2025,13,2025-03-23,2025,13,NONSENTINEL,35.0,35.0,1.0,,4.0,,,,,,,5.0,,,1.0,,,,1.0,6.0,29.0,3.0,,,,,,,,,,,,Samples tested for Influenza & SARS CoV-2.,IN,202513,202513,,,
SEAR,YR,NH,FLU_STH_ASIA,IND,India,2025-03-31,2025,14,2025-03-30,2025,14,NONSENTINEL,30.0,30.0,0.0,,11.0,,,,,,,11.0,,,1.0,,,,1.0,12.0,18.0,3.0,,,,,,,,,,,,Samples tested for Influenza & SARS CoV-2.,IN,202514,202514,,,
SEAR,YR,NH,FLU_STH_ASIA,IND,India,2025-04-07,2025,15,2025-04-06,2025,15,NONSENTINEL,20.0,20.0,,,4.0,,,,,,,4.0,,,1.0,,,,1.0,5.0,15.0,3.0,,,,,,,,,,,,Samples tested for Influenza & SARS CoV-2.,IN,202515,202515,,,
SEAR,YR,NH,FLU_STH_ASIA,IND,India,2025-04-14,2025,16,2025-04-13,2025,16,NONSENTINEL,21.0,21.0,,,1.0,,,,,,,1.0,,,1.0,,,,1.0,2.0,19.0,3.0,,,,,,,,,,,,Samples tested for Influenza & SARS CoV-2.,IN,202516,202516,,,
SEAR,YR,NH,FLU_STH_ASIA,IND,India,2025-04-21,2025,17,2025-04-20,2025,17,NONSENTINEL,25.0,25.0,,,4.0,,,,,,,4.0,,,1.0,,,,1.0,5.0,20.0,3.0,,,,,,,,,,,,Samples tested for Influenza & SARS CoV-2.,IN,202517,202517,,,
SEAR,YR,NH,FLU_STH_ASIA,IND,India,2025-04-28,2025,18,2025-04-27,2025,18,NONSENTINEL,15.0,15.0,0.0,,2.0,,,,,,,2.0,,,1.0,,,,1.0,3.0,12.0,3.0,,,,,,,,,,,,Samples tested for Influenza & SARS CoV-2.,IN,202518,202518,,,
SEAR,YR,NH,FLU_STH_ASIA,IND,India,2025-05-05,2025,19,2025-05-04,2025,19,NONSENTINEL,14.0,14.0,,,1.0,,,,,,,1.0,,,2.0,,,,2.0,3.0,11.0,3.0,,,,,,,,,,,,Samples tested for Influenza & SARS CoV-2.,IN,202519,202519,,,
SEAR,YR,NH,FLU_STH_ASIA,IND,India,2025-05-12,2025,20,2025-05-11,2025,20,NONSENTINEL,15.0,15.0,,,,,,,,,,,,,,,,,,,15.0,3.0,,,,,,,,,,,,Samples tested for Influenza & SARS CoV-2.,IN,202520,202520,,,
SEAR,YR,NH,FLU_STH_ASIA,IND,India,2025-05-19,2025,21,2025-05-18,2025,21,NONSENTINEL,29.0,29.0,,,2.0,,,,,,,2.0,,,1.0,,,,1.0,3.0,26.0,3.0,,,,,,,,,,,,Samples tested for Influenza & SARS CoV-2.,IN,202521,202521,,,
SEAR,YR,NH,FLU_STH_ASIA,IND,India,2025-05-26,2025,22,2025-05-25,2025,22,NONSENTINEL,36.0,36.0,,,1.0,,,,,,,1.0,,,,,,,,1.0,,3.0,,,,,,,,,,,,Samples tested for Influenza & SARS CoV-2.,IN,202522,202522,,,
SEAR,YR,NH,FLU_STH_ASIA,IND,India,2025-06-02,2025,23,2025-06-01,2025,23,NONSENTINEL,54.0,54.0,,,3.0,,,,,,,3.0,,,,,,,,3.0,51.0,3.0,,,,,,,,,,,,Samples tested for Influenza & SARS CoV-2.,IN,202523,202523,,,
SEAR,YR,NH,FLU_STH_ASIA,IND,India,2025-06-09,2025,24,2025-06-08,2025,24,NONSENTINEL,39.0,39.0,0.0,,1.0,0.0,0.0,0.0,,0.0,0,1.0,,,0.0,,0.0,0.0,0.0,1.0,38.0,3.0,,,,,,,,,,,,Samples tested for Influenza & SARS CoV-2.,IN,202524,202524,,,
SEAR,YR,NH,FLU_STH_ASIA,IND,India,2025-06-16,2025,25,2025-06-15,2025,25,NONSENTINEL,59.0,59.0,2.0,,2.0,,,,,,,4.0,,,0.0,,0.0,0.0,0.0,4.0,57.0,3.0,,,,,,,,,,,,Samples tested for Influenza & SARS CoV-2.,IN,202525,202525,,,
SEAR,YR,NH,FLU_STH_ASIA,IND,India,2025-06-23,2025,26,2025-06-22,2025,26,NONSENTINEL,42.0,42.0,1.0,,6.0,,,,,,,7.0,,,0.0,,,0.0,0.0,7.0,35.0,3.0,,,,,,,,,,,,Samples tested for Influenza & SARS CoV-2.,IN,202526,202526,,,
SEAR,YR,NH,FLU_STH_ASIA,IND,India,2025-06-30,2025,27,2025-06-29,2025,27,NONSENTINEL,27.0,27.0,0.0,,2.0,,,,,,,2.0,,,1.0,,,0.0,1.0,3.0,24.0,3.0,,,,,,,,,,,,Samples tested for Influenza & SARS CoV-2.,IN,202527,202527,,,
SEAR,YR,NH,FLU_STH_ASIA,IND,India,2025-07-07,2025,28,2025-07-06,2025,28,NONSENTINEL,25.0,25.0,0.0,,3.0,,,,,,,3.0,,,,,,,,3.0,22.0,3.0,,,,,,,,,,,,Samples tested for Influenza & SARS CoV-2.,IN,202528,202528,,,
SEAR,YR,NH,FLU_STH_ASIA,IND,India,2025-07-14,2025,29,2025-07-13,2025,29,NONSENTINEL,27.0,27.0,0.0,,5.0,,,,,,,5.0,,,0.0,,0.0,0.0,0.0,5.0,22.0,3.0,,,,,,,,,,,,Samples tested for Influenza & SARS CoV-2.,IN,202529,202529,,,
SEAR,YR,NH,FLU_STH_ASIA,IND,India,2025-07-21,2025,30,2025-07-20,2025,30,NONSENTINEL,51.0,51.0,1.0,,13.0,,,,,,,14.0,,,1.0,,,,1.0,15.0,37.0,3.0,,,,,,,,,,,,Samples tested for Influenza & SARS CoV-2.,IN,202530,202530,,,
SEAR,YR,NH,FLU_STH_ASIA,IND,India,2025-07-28,2025,31,2025-07-27,2025,31,NONSENTINEL,52.0,52.0,,,8.0,,,,,,,8.0,,,1.0,,,,1.0,9.0,43.0,3.0,,,,,,,,,,,,Samples tested for Influenza & SARS CoV-2.,IN,202531,202531,,,
SEAR,YR,NH,FLU_STH_ASIA,IND,India,2025-08-04,2025,32,2025-08-03,2025,32,NONSENTINEL,53.0,53.0,0.0,,11.0,,,,,,,11.0,,,1.0,,,,1.0,12.0,41.0,3.0,,,,,,,,,,,,Samples tested for Influenza & SARS CoV-2.,IN,202532,202532,,,
SEAR,YR,NH,FLU_STH_ASIA,IND,India,2025-08-11,2025,33,2025-08-10,2025,33,NONSENTINEL,61.0,61.0,,,25.0,,,,,,,25.0,,,2.0,,,,2.0,27.0,34.0,3.0,,,,,,,,,,,,Samples tested for Influenza & SARS CoV-2.,IN,202533,202533,,,
SEAR,YR,NH,FLU_STH_ASIA,IND,India,2025-08-18,2025,34,2025-08-17,2025,34,NONSENTINEL,63.0,63.0,,,18.0,,,,,,,18.0,,,1.0,,,,1.0,19.0,44.0,3.0,,,,,,,,,,,,Samples tested for Influenza & SARS CoV-2.,IN,202534,202534,,,
SEAR,YR,NH,FLU_STH_ASIA,IND,India,2025-08-25,2025,35,2025-08-24,2025,35,NONSENTINEL,40.0,40.0,,,12.0,,,,,,,12.0,,,3.0,,,,3.0,15.0,25.0,3.0,,,,,,,,,,,,Samples tested for Influenza & SARS CoV-2.,IN,202535,202535,,,
SEAR,YR,NH,FLU_STH_ASIA,IND,India,2025-09-01,2025,36,2025-08-31,2025,36,NONSENTINEL,48.0,48.0,1.0,,6.0,,,,,,,7.0,,,,,,,,7.0,41.0,3.0,,,,,,,,,,,,Samples tested for Influenza & SARS CoV-2.,IN,202536,202536,,,
SEAR,YR,NH,FLU_STH_ASIA,IND,India,2025-09-08,2025,37,2025-09-07,2025,37,NONSENTINEL,32.0,32.0,,,8.0,,,,,,,8.0,,,1.0,,,,1.0,9.0,23.0,3.0,,,,,,,,,,,,Samples tested for Influenza & SARS CoV-2.,IN,202537,202537,,,
SEAR,YR,NH,FLU_STH_ASIA,IND,India,2025-09-15,2025,38,2025-09-14,2025,38,NONSENTINEL,11.0,11.0,0.0,,1.0,,,,,,,1.0,,,,,,,,1.0,10.0,3.0,,,,,,,,,,,,Samples tested for Influenza & SARS CoV-2.,IN,202538,202538,,,
SEAR,YR,NH,FLU_STH_ASIA,IND,India,2025-09-22,2025,39,2025-09-21,2025,39,NONSENTINEL,6.0,6.0,,,,,,,,,,,,,,,,,,,6.0,3.0,,,,,,,,,,,,Samples tested for Influenza & SARS CoV-2.,IN,202539,202539,,,
SEAR,YR,NH,FLU_STH_ASIA,IND,India,2025-09-29,2025,40,2025-09-28,2025,40,NONSENTINEL,33.0,33.0,1.0,,2.0,,,,,,,3.0,,,,,,1.0,1.0,4.0,30.0,,,,,,,,,,,,,"Samples were tested for influenza, and SARSCO-V2.",IN,202540,202540,,,
SEAR,YR,NH,FLU_STH_ASIA,IND,India,2025-10-06,2025,41,2025-10-05,2025,41,NONSENTINEL,3.0,3.0,,,,,,,,,,,,,,,,,,,3.0,,,,,,,,,,,,,,IN,202541,202541,,,
SEAR,YR,NH,FLU_STH_ASIA,IND,India,2025-10-13,2025,42,2025-10-12,2025,42,NONSENTINEL,10.0,10.0,,,,,,,,,,,,,,,,,,,10.0,2.0,,,,,,,,,,,,Samples tested for Influenza & SARS CoV-2,IN,202542,202542,,,
SEAR,YR,NH,FLU_STH_ASIA,IND,India,2025-11-03,2025,45,2025-11-02,2025,45,NONSENTINEL,46.0,46.0,,,1.0,,,,,,,1.0,,,,,,1.0,1.0,2.0,44.0,3.0,,,,,,,,,,,,Samples tested for Influenza& SARS CoV-2.,IN,202545,202545,,,
SEAR,YR,NH,FLU_STH_ASIA,IND,India,2025-11-10,2025,46,2025-11-09,2025,46,NONSENTINEL,29.0,29.0,,,2.0,,,,,,,2.0,,,,,,,,2.0,27.0,3.0,,,,,,,,,,,,Samples tested for Influenza& SARS CoV-2.,IN,202546,202546,,,
SEAR,YR,NH,FLU_STH_ASIA,IND,India,2025-11-17,2025,47,2025-11-16,2025,47,NONSENTINEL,4.0,4.0,,,,,,,,,,,,,,,,,,,4.0,2.0,,,,,,,,,,,,Samples tested for Influenza& SARS CoV-2.,IN,202547,202547,,,
SEAR,YR,NH,FLU_STH_ASIA,IND,India,2025-11-24,2025,48,2025-11-23,2025,48,NONSENTINEL,16.0,16.0,,,,,,,,,,,,,2.0,,,,2.0,2.0,14.0,2.0,,,,,,,,,,,,Samples tested for Influenza& SARS CoV-2.,IN,202548,202548,,,
SEAR,YR,NH,FLU_STH_ASIA,IND,India,2025-12-01,2025,49,2025-11-30,2025,49,NONSENTINEL,11.0,11.0,,,,,,,,,,,,,,,,,,,11.0,2.0,,,,,,,,,,,,Samples tested for Influenza& SARS CoV-2.,IN,202549,202549,,,
SEAR,YR,NH,FLU_STH_ASIA,IND,India,2025-12-08,2025,50,2025-12-07,2025,50,NONSENTINEL,4.0,4.0,,,,,,,,,,,,,,,,,,,4.0,2.0,,,,,,,,,,,,Samples tested for Influenza& SARS CoV-2.,IN,202550,202550,,,
SEAR,YR,NH,FLU_STH_ASIA,IND,India,2025-12-15,2025,51,2025-12-14,2025,51,NONSENTINEL,31.0,31.0,,,1.0,,,,,,,1.0,,,1.0,,,,1.0,2.0,29.0,3.0,,,,,,,,,,,,Samples tested for Influenza& SARS CoV-2.,IN,202551,202551,,,
SEAR,YR,NH,FLU_STH_ASIA,IND,India,2025-12-22,2025,52,2025-12-21,2025,52,NONSENTINEL,0.0,0.0,,,,,,,,,,,,,,,,,,,0.0,3.0,,,,,,,,,,,,Samples tested for Influenza& SARS CoV-2.,IN,202552,202552,,,
SEAR,YR,NH,FLU_STH_ASIA,IND,India,2025-12-29,2026,1,2025-12-28,2025,53,NONSENTINEL,4.0,4.0,,,,,,,,,,,,,,,,,,,4.0,2.0,,,,,,,,,,,,Samples tested for Influenza& SARS CoV-2.,IN,202601,202553,,,
SEAR,YR,NH,FLU_STH_ASIA,IND,India,2026-01-05,2026,2,2026-01-04,2026,1,NONSENTINEL,1.0,1.0,,,,,,,,,,,,,,,,,,,1.0,2.0,,,,,,,,,,,,Samples tested for Influenza& SARS CoV-2.,IN,202602,202601,,,
SEAR,YR,NH,FLU_STH_ASIA,IND,India,2026-01-19,2026,4,2026-01-18,2026,3,NONSENTINEL,2.0,2.0,,,,,,,,,,,,,,,,,,,2.0,2.0,,,,,,,0.0,,,,,Samples tested for Influenza& SARS CoV-2.,IN,202604,202603,,,
SEAR,YR,NH,FLU_STH_ASIA,IND,India,2026-01-26,2026,5,2026-01-25,2026,4,NONSENTINEL,1.0,1.0,,,,,,,,,,,,,,,,,,,1.0,2.0,,,,,,,0.0,,,,,Samples tested for Influenza& SARS CoV-2.,IN,202605,202604,,,
SEAR,YR,NH,FLU_STH_ASIA,IND,India,2026-02-02,2026,6,2026-02-01,2026,5,NONSENTINEL,2.0,2.0,,,,,,,,,,,,,,,,,,,2.0,2.0,,,,,,,,,,,,Samples tested for Influenza& SARS CoV-2.,IN,202606,202605,,,
SEAR,YR,NH,FLU_STH_ASIA,IND,India,2026-02-09,2026,7,2026-02-08,2026,6,NONSENTINEL,1.0,1.0,,,,,,,,,,,,,,,,,,,1.0,2.0,,,,,,,,,,,,Samples tested for Influenza& SARS CoV-2.,IN,202607,202606,,,
SEAR,YR,NH,FLU_STH_ASIA,IND,India,2026-02-16,2026,8,2026-02-15,2026,7,NONSENTINEL,2.0,2.0,,,,,,,,,,,,,,,,,,,2.0,2.0,,,,,,,,,,,,Samples tested for Influenza& SARS CoV-2.,IN,202608,202607,,,
SEAR,YR,NH,FLU_STH_ASIA,IND,India,2026-02-23,2026,9,2026-02-22,2026,8,NONSENTINEL,2.0,2.0,,,,,,,,,,,,,,,,,,,2.0,2.0,,,,,,,,,,,,Samples tested for Influenza& SARS CoV-2.,IN,202609,202608,,,
SEAR,YR,NH,FLU_STH_ASIA,IND,India,2026-03-02,2026,10,2026-03-01,2026,9,NONSENTINEL,6.0,6.0,,,,,,,,,,,,,,,,,,,6.0,2.0,,,,,,,0.0,,,,,Samples tested for Influenza& SARS CoV-2.,IN,202610,202609,,,
SEAR,YR,NH,FLU_STH_ASIA,IND,India,2026-03-09,2026,11,2026-03-08,2026,10,NONSENTINEL,3.0,3.0,,,,,,,,,,,,,,,,,,,3.0,2.0,,,,,,,0.0,,,,,Samples tested for Influenza& SARS CoV-2.,IN,202611,202610,,,
SEAR,YR,NH,FLU_STH_ASIA,IND,India,2026-03-16,2026,12,2026-03-15,2026,11,NONSENTINEL,0.0,0.0,,,,,,,,,,,,,,,,,,,0.0,2.0,,,,,,,0.0,,,,,Samples tested for Influenza& SARS CoV-2.,IN,202612,202611,,,
SEAR,YR,NH,FLU_STH_ASIA,IND,India,2026-03-23,2026,13,2026-03-22,2026,12,NONSENTINEL,1.0,1.0,,,,,,,,,,,,,,,,,,,1.0,2.0,,,,,,,0.0,,,,,Samples tested for Influenza& SARS CoV-2.,IN,202613,202612,,,
SEAR,YR,NH,FLU_STH_ASIA,IND,India,2026-03-30,2026,14,2026-03-29,2026,13,NONSENTINEL,3.0,3.0,,,,,,,,,,,,,,,,,,,3.0,2.0,,,,,,,0.0,,,,,Samples tested for Influenza& SARS CoV-2.,IN,202614,202613,,,
SEAR,YR,NH,FLU_STH_ASIA,IND,India,2026-04-06,2026,15,2026-04-05,2026,14,NONSENTINEL,0.0,0.0,,,,,,,,,,,,,,,,,,,0.0,,,,,,,,0.0,,,,,,IN,202615,202614,,,
SEAR,YR,NH,FLU_STH_ASIA,IND,India,2026-04-13,2026,16,2026-04-12,2026,15,NONSENTINEL,3.0,3.0,,,,,,,,,,,,,,,,,,,3.0,3.0,,,,,,,0.0,,,,,Samples tested for Influenza and SARS CoV-2,IN,202616,202615,,,
SEAR,YR,NH,FLU_STH_ASIA,IND,India,2026-04-20,2026,17,2026-04-19,2026,16,NONSENTINEL,0.0,0.0,,,,,,,,,,,,,,,,,,,0.0,3.0,,,,,,,0.0,,,,,Samples tested for Influenza and SARS CoV-2,IN,202617,202616,,,
SEAR,YR,NH,FLU_STH_ASIA,IND,India,2026-05-04,2026,19,2026-05-03,2026,18,NONSENTINEL,1.0,1.0,,,,,,,,,,,,,,,,,,,1.0,2.0,,,,,,,,,,,,Samples tested for Influenza& SARS CoV-2,IN,202619,202618,,,
SEAR,YR,NH,FLU_STH_ASIA,IND,India,2026-05-11,2026,20,2026-05-10,2026,19,NONSENTINEL,4.0,4.0,,,,,,,,,,,,,,,,,,,4.0,2.0,,,,,,,,,,,,Samples tested for Influenza& SARS CoV-2,IN,202620,202619,,,
SEAR,YR,NH,FLU_STH_ASIA,IND,India,2026-05-18,2026,21,2026-05-17,2026,20,NONSENTINEL,4.0,4.0,,,,,,,,,,,,,,,,,,,4.0,2.0,,,,,,,,,,,,Samples tested for Influenza& SARS CoV-2,IN,202621,202620,,,
SEAR,YR,NH,FLU_STH_ASIA,IND,India,2026-05-25,2026,22,2026-05-24,2026,21,NONSENTINEL,4.0,4.0,,,,,,,,,,,,,,,,,,,4.0,2.0,,,,,,,,,,,,Samples tested for Influenza& SARS CoV-2,IN,202622,202621,,,
SEAR,YR,NH,FLU_STH_ASIA,IND,India,2026-06-01,2026,23,2026-05-31,2026,22,NONSENTINEL,0.0,0.0,,,,,,,,,,,,,,,,,,,0.0,1.0,,,,,,,,,,,,,IN,202623,202622,,,
SEAR,YR,NH,FLU_STH_ASIA,IND,India,2026-06-08,2026,24,2026-06-07,2026,23,NONSENTINEL,0.0,0.0,,,,,,,,,,,,,,,,,,,0.0,1.0,,,,,,,,,,,,,IN,202624,202623,,,
SEAR,YR,NH,FLU_STH_ASIA,IND,India,2026-06-15,2026,25,2026-06-14,2026,24,NONSENTINEL,3.0,3.0,,,,,,,,,,,,,1.0,,,,1.0,1.0,2.0,1.0,,,,,,,,,,,,"Samples tested for Influenza, SARS CoV-2.",IN,202625,202624,,,
SEAR,YR,NH,FLU_STH_ASIA,IND,India,2026-06-22,2026,26,2026-06-21,2026,25,NONSENTINEL,3.0,3.0,,,,,,,,,,,,,1.0,,,,1.0,1.0,2.0,1.0,,,,,,,,,,,,"Samples tested for Influenza, SARS CoV-2.",IN,202626,202625,,,
SEAR,YR,NH,FLU_STH_ASIA,IND,India,2026-06-29,2026,27,2026-06-28,2026,26,NONSENTINEL,1.0,1.0,,,,,,,,,,,,,,,,,,,1.0,2.0,,,,,,,0.0,,,,,Samples tested for Influenza& SARS CoV-2,IN,202627,202626,,,
SEAR,YR,NH,FLU_STH_ASIA,IND,India,2026-07-06,2026,28,2026-07-05,2026,27,NONSENTINEL,0.0,0.0,,,,,,,,,,,,,,,,,,,0.0,1.0,,,,,,,0.0,,,,,Samples tested for Influenza& SARS CoV-2,IN,202628,202627,,,
SEAR,YR,NH,FLU_STH_ASIA,IND,India,2026-07-13,2026,29,2026-07-12,2026,28,NONSENTINEL,8.0,8.0,1.0,,,,,,,,,1.0,,,,,,,,1.0,7.0,2.0,,,,,,,0.0,,,,,Samples tested for Influenza& SARS CoV-2,IN,202629,202628,,,
SEAR,YR,NH,FLU_STH_ASIA,IND,India,2026-07-20,2026,30,2026-07-19,2026,29,NONSENTINEL,4.0,4.0,,,,,,,,,,,,,,,,,,,4.0,2.0,,,,,,,0.0,,,,,Samples tested for Influenza& SARS CoV-2,IN,202630,202629,,,
SEAR,YR,NH,FLU_STH_ASIA,IND,India,2026-07-27,2026,31,2026-07-26,2026,30,NONSENTINEL,1.0,1.0,,,,,,,,,,,,,,,,,,,1.0,2.0,,,,,,,0.0,,,,,Samples tested for Influenza& SARS CoV-2,IN,202631,202630,,,
SEAR,YR,NH,FLU_STH_ASIA,IND,India,2026-08-03,2026,32,2026-08-02,2026,31,NONSENTINEL,5.0,5.0,2.0,,,,,,,,,2.0,,,2.0,,,,2.0,4.0,1.0,2.0,,,,,,,0.0,,,,,Samples tested for Influenza& SARS CoV-2,IN,202632,202631,,,
SEAR,YR,NH,FLU_STH_ASIA,IND,India,2026-08-10,2026,33,2026-08-09,2026,32,NONSENTINEL,3.0,3.0,1.0,,1.0,,,,,,,2.0,,,,,,,,2.0,1.0,2.0,,,,,,,0.0,,,,,Samples tested for Influenza& SARS CoV-2,IN,202633,202632,,,
SEAR,YR,NH,FLU_STH_ASIA,IND,India,2026-08-17,2026,34,2026-08-16,2026,33,NONSENTINEL,8.0,8.0,6.0,,,,,,,,,6.0,,,0.0,,,,,6.0,2.0,3.0,,,,,,,0.0,,,,,Samples tested for Influenza& SARS CoV-2,IN,202634,202633,,,
SEAR,YR,NH,FLU_STH_ASIA,IND,India,1996-12-30,1997,1,1996-12-29,1997,1,NOTDEFINED,,,,,,,,,,,,,,,,,,,,,,1.0,,,,,,,,,,,,,IN,199701,199701,,,
SEAR,YR,NH,FLU_STH_ASIA,IND,India,1997-02-24,1997,9,1997-02-23,1997,9,NOTDEFINED,,,,,,,,,,,,,,,,,,,,,,2.0,,,,,,,,,,,,,IN,199709,199709,,,
SEAR,YR,NH,FLU_STH_ASIA,IND,India,1997-03-03,1997,10,1997-03-02,1997,10,NOTDEFINED,,,,,,,,,,,,,,,,,,,,,,2.0,,,,,,,,,,,,,IN,199710,199710,,,
SEAR,YR,NH,FLU_STH_ASIA,IND,India,1997-03-10,1997,11,1997-03-09,1997,11,NOTDEFINED,,,,,,,,,,,,,,,,,,,,,,2.0,,,,,,,,,,,,,IN,199711,199711,,,
SEAR,YR,NH,FLU_STH_ASIA,IND,India,1997-03-17,1997,12,1997-03-16,1997,12,NOTDEFINED,,,,,,,,,,,,,,,,,,,,,,2.0,,,,,,,,,,,,,IN,199712,199712,,,
SEAR,YR,NH,FLU_STH_ASIA,IND,India,1997-03-24,1997,13,1997-03-23,1997,13,NOTDEFINED,,,,,,,,,,,,,,,,,,,,,,2.0,,,,,,,,,,,,,IN,199713,199713,,,
SEAR,YR,NH,FLU_STH_ASIA,IND,India,1997-03-31,1997,14,1997-03-30,1997,14,NOTDEFINED,,,,,,,,,,,,,,,,,,,,,,2.0,,,,,,,,,,,,,IN,199714,199714,,,
SEAR,YR,NH,FLU_STH_ASIA,IND,India,1997-04-07,1997,15,1997-04-06,1997,15,NOTDEFINED,,,,,,,,,,,,,,,,,,,,,,2.0,,,,,,,,,,,,,IN,199715,199715,,,
SEAR,YR,NH,FLU_STH_ASIA,IND,India,1997-04-14,1997,16,1997-04-13,1997,16,NOTDEFINED,,,,,,,,,,,,,,,,,,,,,,2.0,,,,,,,,,,,,,IN,199716,199716,,,
SEAR,YR,NH,FLU_STH_ASIA,IND,India,1997-04-21,1997,17,1997-04-20,1997,17,NOTDEFINED,,,,,,,,,,,,,,,,,,,,,,2.0,,,,,,,,,,,,,IN,199717,199717,,,
SEAR,YR,NH,FLU_STH_ASIA,IND,India,1997-04-28,1997,18,1997-04-27,1997,18,NOTDEFINED,,,,,,,,,,,,,,,,,,,,,,2.0,,,,,,,,,,,,,IN,199718,199718,,,
SEAR,YR,NH,FLU_STH_ASIA,IND,India,1997-06-30,1997,27,1997-06-29,1997,27,NOTDEFINED,,,,,,,,,,,,,,,,,,,,,,2.0,,,,,,,,,,,,,IN,199727,199727,,,
SEAR,YR,NH,FLU_STH_ASIA,IND,India,1997-07-07,1997,28,1997-07-06,1997,28,NOTDEFINED,,,,,,,,,,,,,,,,,,,,,,2.0,,,,,,,,,,,,,IN,199728,199728,,,
SEAR,YR,NH,FLU_STH_ASIA,IND,India,1997-07-14,1997,29,1997-07-13,1997,29,NOTDEFINED,,,,,,,,,,,,,,,,,,,,,,2.0,,,,,,,,,,,,,IN,199729,199729,,,
SEAR,YR,NH,FLU_STH_ASIA,IND,India,1997-07-21,1997,30,1997-07-20,1997,30,NOTDEFINED,,,,,,,,,,,,,,,,,,,,,,2.0,,,,,,,,,,,,,IN,199730,199730,,,
SEAR,YR,NH,FLU_STH_ASIA,IND,India,1997-07-28,1997,31,1997-07-27,1997,31,NOTDEFINED,,,,,,,,,,,,,,,,,,,,,,2.0,,,,,,,,,,,,,IN,199731,199731,,,
SEAR,YR,NH,FLU_STH_ASIA,IND,India,1997-08-04,1997,32,1997-08-03,1997,32,NOTDEFINED,,,,,,,,,,,,,,,,,,,,,,2.0,,,,,,,,,,,,,IN,199732,199732,,,
SEAR,YR,NH,FLU_STH_ASIA,IND,India,1997-08-18,1997,34,1997-08-17,1997,34,NOTDEFINED,,,,,,,,,,,,,,,,,,,,,,2.0,,,,,,,,,,,,,IN,199734,199734,,,
SEAR,YR,NH,FLU_STH_ASIA,IND,India,1997-08-25,1997,35,1997-08-24,1997,35,NOTDEFINED,,,,,,,,,,,,,,,,,,,,,,2.0,,,,,,,,,,,,,IN,199735,199735,,,
SEAR,YR,NH,FLU_STH_ASIA,IND,India,1997-09-01,1997,36,1997-08-31,1997,36,NOTDEFINED,,,,,,,,,,,,,,,,,,,,,,2.0,,,,,,,,,,,,,IN,199736,199736,,,
SEAR,YR,NH,FLU_STH_ASIA,IND,India,1997-09-08,1997,37,1997-09-07,1997,37,NOTDEFINED,,,,,,,,,,,,,,,,,,,,,,2.0,,,,,,,,,,,,,IN,199737,199737,,,
SEAR,YR,NH,FLU_STH_ASIA,IND,India,1997-09-15,1997,38,1997-09-14,1997,38,NOTDEFINED,,,,,,,,,,,,,,,,,,,,,,2.0,,,,,,,,,,,,,IN,199738,199738,,,
SEAR,YR,NH,FLU_STH_ASIA,IND,India,1997-09-22,1997,39,1997-09-21,1997,39,NOTDEFINED,,,,,,,,,,,,,,,,,,,,,,2.0,,,,,,,,,,,,,IN,199739,199739,,,
SEAR,YR,NH,FLU_STH_ASIA,IND,India,1997-09-29,1997,40,1997-09-28,1997,40,NOTDEFINED,,,,,,,,,,,,,,,,,,,,,,2.0,,,,,,,,,,,,,IN,199740,199740,,,
SEAR,YR,NH,FLU_STH_ASIA,IND,India,1997-10-06,1997,41,1997-10-05,1997,41,NOTDEFINED,,,,,,,,,,,,,,,,,,,,,,2.0,,,,,,,,,,,,,IN,199741,199741,,,
SEAR,YR,NH,FLU_STH_ASIA,IND,India,1997-10-13,1997,42,1997-10-12,1997,42,NOTDEFINED,,,,,,,,,,,,,,,,,,,,,,2.0,,,,,,,,,,,,,IN,199742,199742,,,
SEAR,YR,NH,FLU_STH_ASIA,IND,India,1997-10-20,1997,43,1997-10-19,1997,43,NOTDEFINED,,,,,,,,,,,,,,,,,,,,,,2.0,,,,,,,,,,,,,IN,199743,199743,,,
SEAR,YR,NH,FLU_STH_ASIA,IND,India,1997-10-27,1997,44,1997-10-26,1997,44,NOTDEFINED,,,,,,,,,,,,,,,,,,,,,,2.0,,,,,,,,,,,,,IN,199744,199744,,,
SEAR,YR,NH,FLU_STH_ASIA,IND,India,1998-02-16,1998,8,1998-02-15,1998,7,NOTDEFINED,,,,,,,,,,,,,,,,,,,,,,1.0,,,,,,,,,,,,,IN,199808,199807,,,
SEAR,YR,NH,FLU_STH_ASIA,IND,India,1998-04-20,1998,17,1998-04-19,1998,16,NOTDEFINED,,,,,,,,,,,,,,,,,,,,,,3.0,,,,,,,,,,,,"Since January 1998, there were more influenza A(H1N1), 16 isolates, than A(H3N2), 2 isolates.  So far no influenza B isolated. These data includes those from Delhi.",IN,199817,199816,,,
SEAR,YR,NH,FLU_STH_ASIA,IND,India,1998-06-29,1998,27,1998-06-28,1998,26,NOTDEFINED,,,,,,,,,,,,,,,,,,,,,,4.0,,,,,,,,,,,,,IN,199827,199826,,,
SEAR,YR,NH,FLU_STH_ASIA,IND,India,1998-07-13,1998,29,1998-07-12,1998,28,NOTDEFINED,,,,,,,,,,,,,,,,,,,,,,5.0,,,,,,,,,,,,A marked increase in the number of respiratory cases was observed.  Some influenza A(H3N2)were isolated.,IN,199829,199828,,,
SEAR,YR,NH,FLU_STH_ASIA,IND,India,1998-07-20,1998,30,1998-07-19,1998,29,NOTDEFINED,,,,,,,,,,,,,,,,,,,,,,5.0,,,,,,,,,,,,A marked increase in the number of respiratory cases was observed.  Some influenza A(H3N2)were isolated.,IN,199830,199829,,,
SEAR,YR,NH,FLU_STH_ASIA,IND,India,1998-07-27,1998,31,1998-07-26,1998,30,NOTDEFINED,,,,,1.0,,,,,,,1.0,,,,,,,,1.0,,5.0,,,,,,,,,,,,Influenza A(H3N2) and some influenza B were isolated during the recent outbreak.,IN,199831,199830,,,
SEAR,YR,NH,FLU_STH_ASIA,IND,India,1998-08-03,1998,32,1998-08-02,1998,31,NOTDEFINED,,,,,,,,,,,,,,,,,,,,,,2.0,,,,,,,,,,,,,IN,199832,199831,,,
SEAR,YR,NH,FLU_STH_ASIA,IND,India,1998-08-10,1998,33,1998-08-09,1998,32,NOTDEFINED,,,,,,,,,,,,,,,,,,,,,,2.0,,,,,,,,,,,,,IN,199833,199832,,,
SEAR,YR,NH,FLU_STH_ASIA,IND,India,1998-08-17,1998,34,1998-08-16,1998,33,NOTDEFINED,,,,,,,,,,,,,,,,,,,,,,2.0,,,,,,,,,,,,,IN,199834,199833,,,
SEAR,YR,NH,FLU_STH_ASIA,IND,India,1998-08-24,1998,35,1998-08-23,1998,34,NOTDEFINED,,,,,,,,,,,,,,,,,,,,,,2.0,,,,,,,,,,,,,IN,199835,199834,,,
SEAR,YR,NH,FLU_STH_ASIA,IND,India,1998-08-31,1998,36,1998-08-30,1998,35,NOTDEFINED,,,,,,,,,,,,,,,,,,,,,,2.0,,,,,,,,,,,,,IN,199836,199835,,,
SEAR,YR,NH,FLU_STH_ASIA,IND,India,1998-09-07,1998,37,1998-09-06,1998,36,NOTDEFINED,,,,,,,,,,,,,,,,,,,,,,2.0,,,,,,,,,,,,,IN,199837,199836,,,
SEAR,YR,NH,FLU_STH_ASIA,IND,India,1998-09-14,1998,38,1998-09-13,1998,37,NOTDEFINED,,,,,,,,,,,,,,,,,,,,,,2.0,,,,,,,,,,,,,IN,199838,199837,,,
SEAR,YR,NH,FLU_STH_ASIA,IND,India,1998-09-21,1998,39,1998-09-20,1998,38,NOTDEFINED,,,,,,,,,,,,,,,,,,,,,,2.0,,,,,,,,,,,,,IN,199839,199838,,,
SEAR,YR,NH,FLU_STH_ASIA,IND,India,1998-09-28,1998,40,1998-09-27,1998,39,NOTDEFINED,,,,,,,,,,,,,,,,,,,,,,2.0,,,,,,,,,,,,,IN,199840,199839,,,
SEAR,YR,NH,FLU_STH_ASIA,IND,India,1998-10-05,1998,41,1998-10-04,1998,40,NOTDEFINED,,,,,,,,,,,,,,,,,,,,,,2.0,,,,,,,,,,,,,IN,199841,199840,,,
SEAR,YR,NH,FLU_STH_ASIA,IND,India,1998-10-12,1998,42,1998-10-11,1998,41,NOTDEFINED,,,,,,,,,,,,,,,,,,,,,,2.0,,,,,,,,,,,,,IN,199842,199841,,,
SEAR,YR,NH,FLU_STH_ASIA,IND,India,1998-10-19,1998,43,1998-10-18,1998,42,NOTDEFINED,,,,,,,,,,,,,,,,,,,,,,2.0,,,,,,,,,,,,,IN,199843,199842,,,
SEAR,YR,NH,FLU_STH_ASIA,IND,India,1998-10-26,1998,44,1998-10-25,1998,43,NOTDEFINED,,,,,,,,,,,,,,,,,,,,,,2.0,,,,,,,,,,,,,IN,199844,199843,,,
SEAR,YR,NH,FLU_STH_ASIA,IND,India,1998-11-02,1998,45,1998-11-01,1998,44,NOTDEFINED,,,,,,,,,,,,,,,,,,,,,,2.0,,,,,,,,,,,,,IN,199845,199844,,,
SEAR,YR,NH,FLU_STH_ASIA,IND,India,1998-11-09,1998,46,1998-11-08,1998,45,NOTDEFINED,,,,,,,,,,,,,,,,,,,,,,2.0,,,,,,,,,,,,,IN,199846,199845,,,
SEAR,YR,NH,FLU_STH_ASIA,IND,India,1998-11-16,1998,47,1998-11-15,1998,46,NOTDEFINED,,,,,,,,,,,,,,,,,,,,,,2.0,,,,,,,,,,,,,IN,199847,199846,,,
SEAR,YR,NH,FLU_STH_ASIA,IND,India,1998-11-23,1998,48,1998-11-22,1998,47,NOTDEFINED,,,,,,,,,,,,,,,,,,,,,,2.0,,,,,,,,,,,,,IN,199848,199847,,,
SEAR,YR,NH,FLU_STH_ASIA,IND,India,1998-11-30,1998,49,1998-11-29,1998,48,NOTDEFINED,,,,,,,,,,,,,,,,,,,,,,2.0,,,,,,,,,,,,,IN,199849,199848,,,
SEAR,YR,NH,FLU_STH_ASIA,IND,India,1998-12-07,1998,50,1998-12-06,1998,49,NOTDEFINED,,,,,,,,,,,,,,,,,,,,,,2.0,,,,,,,,,,,,,IN,199850,199849,,,
SEAR,YR,NH,FLU_STH_ASIA,IND,India,1998-12-14,1998,51,1998-12-13,1998,50,NOTDEFINED,,,,,,,,,,,,,,,,,,,,,,2.0,,,,,,,,,,,,,IN,199851,199850,,,
SEAR,YR,NH,FLU_STH_ASIA,IND,India,1998-12-21,1998,52,1998-12-20,1998,51,NOTDEFINED,,,,,,,,,,,,,,,,,,,,,,2.0,,,,,,,,,,,,,IN,199852,199851,,,
SEAR,YR,NH,FLU_STH_ASIA,IND,India,1998-12-28,1998,53,1998-12-27,1998,52,NOTDEFINED,,,,,,,,,,,,,,,,,,,,,,2.0,,,,,,,,,,,,,IN,199853,199852,,,
SEAR,YR,NH,FLU_STH_ASIA,IND,India,1999-01-04,1999,1,1999-01-03,1999,1,NOTDEFINED,,,,,,,,,,,,,,,,,,,,,,2.0,,,,,,,,,,,,,IN,199901,199901,,,
SEAR,YR,NH,FLU_STH_ASIA,IND,India,1999-01-11,1999,2,1999-01-10,1999,2,NOTDEFINED,,,,,,,,,,,,,,,,,,,,,,2.0,,,,,,,,,,,,,IN,199902,199902,,,
SEAR,YR,NH,FLU_STH_ASIA,IND,India,1999-01-18,1999,3,1999-01-17,1999,3,NOTDEFINED,,,,,,,,,,,,,,,,,,,,,,2.0,,,,,,,,,,,,,IN,199903,199903,,,
SEAR,YR,NH,FLU_STH_ASIA,IND,India,1999-01-25,1999,4,1999-01-24,1999,4,NOTDEFINED,,,,,,,,,,,,,,,,,,,,,,2.0,,,,,,,,,,,,,IN,199904,199904,,,
SEAR,YR,NH,FLU_STH_ASIA,IND,India,1999-02-01,1999,5,1999-01-31,1999,5,NOTDEFINED,,,,,,,,,,,,,,,,,,,,,,2.0,,,,,,,,,,,,,IN,199905,199905,,,
SEAR,YR,NH,FLU_STH_ASIA,IND,India,1999-02-08,1999,6,1999-02-07,1999,6,NOTDEFINED,,,,,,,,,,,,,,,,,,,,,,2.0,,,,,,,,,,,,,IN,199906,199906,,,
SEAR,YR,NH,FLU_STH_ASIA,IND,India,1999-02-15,1999,7,1999-02-14,1999,7,NOTDEFINED,,,,,,,,,,,,,,,,,,,,,,2.0,,,,,,,,,,,,,IN,199907,199907,,,
SEAR,YR,NH,FLU_STH_ASIA,IND,India,1999-02-22,1999,8,1999-02-21,1999,8,NOTDEFINED,,,,,,,,,,,,,,,,,,,,,,2.0,,,,,,,,,,,,,IN,199908,199908,,,
SEAR,YR,NH,FLU_STH_ASIA,IND,India,1999-03-01,1999,9,1999-02-28,1999,9,NOTDEFINED,,,,,,,,,,,,,,,,,,,,,,2.0,,,,,,,,,,,,,IN,199909,199909,,,
SEAR,YR,NH,FLU_STH_ASIA,IND,India,1999-03-08,1999,10,1999-03-07,1999,10,NOTDEFINED,,,,,,,,,,,,,,,,,,,,,,2.0,,,,,,,,,,,,,IN,199910,199910,,,
SEAR,YR,NH,FLU_STH_ASIA,IND,India,1999-03-15,1999,11,1999-03-14,1999,11,NOTDEFINED,,,,,,,,,,,,,,,,,,,,,,2.0,,,,,,,,,,,,,IN,199911,199911,,,
SEAR,YR,NH,FLU_STH_ASIA,IND,India,1999-03-22,1999,12,1999-03-21,1999,12,NOTDEFINED,,,,,,,,,,,,,,,,,,,,,,4.0,,,,,,,,,,,,"Local outbreak in the general population that affected mainly children aged 0-4 years was reported during the last week of March, in the North West part of Kasauli, Himachal Pradesh.  Influenza A(H3N2) was identified.  Specimen/s will be sent to WHO Collaborating Centre.  ",IN,199912,199912,,,
SEAR,YR,NH,FLU_STH_ASIA,IND,India,1999-04-19,1999,16,1999-04-18,1999,16,NOTDEFINED,,,,,,,,,,,,,,,,,,,,,,2.0,,,,,,,,,,,,,IN,199916,199916,,,
SEAR,YR,NH,FLU_STH_ASIA,IND,India,1999-06-21,1999,25,1999-06-20,1999,25,NOTDEFINED,,,,,,,,,,,,,,,,,,,,,,2.0,,,,,,,,,,,,,IN,199925,199925,,,
SEAR,YR,NH,FLU_STH_ASIA,IND,India,1999-06-28,1999,26,1999-06-27,1999,26,NOTDEFINED,,,,,,,,,,,,,,,,,,,,,,2.0,,,,,,,,,,,,,IN,199926,199926,,,
SEAR,YR,NH,FLU_STH_ASIA,IND,India,1999-07-05,1999,27,1999-07-04,1999,27,NOTDEFINED,,,,,,,,,,,,,,,,,,,,,,2.0,,,,,,,,,,,,,IN,199927,199927,,,
SEAR,YR,NH,FLU_STH_ASIA,IND,India,1999-07-12,1999,28,1999-07-11,1999,28,NOTDEFINED,,,,,,,,,,,,,,,,,,,,,,2.0,,,,,,,,,,,,,IN,199928,199928,,,
SEAR,YR,NH,FLU_STH_ASIA,IND,India,1999-07-19,1999,29,1999-07-18,1999,29,NOTDEFINED,,,,,,,,,,,,,,,,,,,,,,2.0,,,,,,,,,,,,,IN,199929,199929,,,
SEAR,YR,NH,FLU_STH_ASIA,IND,India,1999-09-20,1999,38,1999-09-19,1999,38,NOTDEFINED,,,,,,,,0.0,,,,0.0,,,,,,0.0,0.0,,,2.0,,,,,,,,,,,,No influenza virus isolates.,IN,199938,199938,,,
SEAR,YR,NH,FLU_STH_ASIA,IND,India,1999-09-27,1999,39,1999-09-26,1999,39,NOTDEFINED,,,,,,,,0.0,,,,0.0,,,,,,0.0,0.0,,,2.0,,,,,,,,,,,,No influenza virus isolates.,IN,199939,199939,,,
SEAR,YR,NH,FLU_STH_ASIA,IND,India,1999-10-04,1999,40,1999-10-03,1999,40,NOTDEFINED,,,,,,,,0.0,,,,0.0,,,,,,0.0,0.0,,,2.0,,,,,,,,,,,,No influenza virus isolates.,IN,199940,199940,,,
SEAR,YR,NH,FLU_STH_ASIA,IND,India,1999-10-11,1999,41,1999-10-10,1999,41,NOTDEFINED,,,,,,,,0.0,,,,0.0,,,,,,0.0,0.0,,,2.0,,,,,,,,,,,,No influenza virus isolates.,IN,199941,199941,,,
SEAR,YR,NH,FLU_STH_ASIA,IND,India,1999-10-18,1999,42,1999-10-17,1999,42,NOTDEFINED,,,,,,,,0.0,,,,0.0,,,,,,0.0,0.0,,,2.0,,,,,,,,,,,,No influenza virus isolates.,IN,199942,199942,,,
SEAR,YR,NH,FLU_STH_ASIA,IND,India,1999-10-25,1999,43,1999-10-24,1999,43,NOTDEFINED,,,,,,,,0.0,,,,0.0,,,,,,0.0,0.0,,,2.0,,,,,,,,,,,,No influenza virus isolates.,IN,199943,199943,,,
SEAR,YR,NH,FLU_STH_ASIA,IND,India,1999-11-01,1999,44,1999-10-31,1999,44,NOTDEFINED,,,,,,,,0.0,,,,0.0,,,,,,0.0,0.0,,,2.0,,,,,,,,,,,,No influenza virus isolates.,IN,199944,199944,,,
SEAR,YR,NH,FLU_STH_ASIA,IND,India,1999-11-08,1999,45,1999-11-07,1999,45,NOTDEFINED,,,,,,,,0.0,,,,0.0,,,,,,0.0,0.0,,,2.0,,,,,,,,,,,,No virus isolates.,IN,199945,199945,,,
SEAR,YR,NH,FLU_STH_ASIA,IND,India,1999-11-15,1999,46,1999-11-14,1999,46,NOTDEFINED,,,,,,,,0.0,,,,0.0,,,,,,0.0,0.0,,,2.0,,,,,,,,,,,,No influenza virus isolated so far.,IN,199946,199946,,,
SEAR,YR,NH,FLU_STH_ASIA,IND,India,1999-11-22,1999,47,1999-11-21,1999,47,NOTDEFINED,,,,0.0,0.0,,,0.0,,,,0.0,,,,,,0.0,0.0,,,2.0,,,,,,,,,,,,no activity,IN,199947,199947,,,
SEAR,YR,NH,FLU_STH_ASIA,IND,India,1999-11-29,1999,48,1999-11-28,1999,48,NOTDEFINED,,,,0.0,0.0,,,0.0,,,,0.0,,,,,,0.0,0.0,,,2.0,,,,,,,,,,,,no activity,IN,199948,199948,,,
SEAR,YR,NH,FLU_STH_ASIA,IND,India,1999-12-06,1999,49,1999-12-05,1999,49,NOTDEFINED,,,,0.0,0.0,,,0.0,,,,0.0,,,,,,0.0,0.0,,,2.0,,,,,,,,,,,,no activity,IN,199949,199949,,,
SEAR,YR,NH,FLU_STH_ASIA,IND,India,1999-12-13,1999,50,1999-12-12,1999,50,NOTDEFINED,,,,0.0,0.0,,,0.0,,,,0.0,,,,,,0.0,0.0,,,2.0,,,,,,,,,,,,no activity,IN,199950,199950,,,
SEAR,YR,NH,FLU_STH_ASIA,IND,India,1999-12-20,1999,51,1999-12-19,1999,51,NOTDEFINED,,,,,,,,,,,,,,,,,,,,,,2.0,,,,,,,,,,,,no activity,IN,199951,199951,,,
SEAR,YR,NH,FLU_STH_ASIA,IND,India,1999-12-27,1999,52,1999-12-26,1999,52,NOTDEFINED,2.0,,,0.0,0.0,,,0.0,,,,0.0,,,,,,0.0,0.0,,,3.0,,,,,,,,,,,,no activity,IN,199952,199952,,,
SEAR,YR,NH,FLU_STH_ASIA,IND,India,2000-01-03,2000,1,2000-01-02,2000,1,NOTDEFINED,,,,,,,,,,,,,,,,,,,,,,2.0,,,,,,,,,,,,no activity,IN,200001,200001,,,
SEAR,YR,NH,FLU_STH_ASIA,IND,India,2000-01-10,2000,2,2000-01-09,2000,2,NOTDEFINED,0.0,,,0.0,0.0,,,0.0,,,,0.0,,,,,,0.0,0.0,,,3.0,,,,,,,,,,,,no activity,IN,200002,200002,,,
SEAR,YR,NH,FLU_STH_ASIA,IND,India,2000-01-17,2000,3,2000-01-16,2000,3,NOTDEFINED,7.0,,,0.0,0.0,,,0.0,,,,0.0,,,,,,0.0,0.0,,,3.0,,,,,,,,,,,,no activity,IN,200003,200003,,,
SEAR,YR,NH,FLU_STH_ASIA,IND,India,2000-01-24,2000,4,2000-01-23,2000,4,NOTDEFINED,10.0,,,0.0,0.0,,,0.0,,,,0.0,,,,,,0.0,0.0,,,3.0,,,,,,,,,,,,,IN,200004,200004,,,
SEAR,YR,NH,FLU_STH_ASIA,IND,India,2000-01-31,2000,5,2000-01-30,2000,5,NOTDEFINED,9.0,,,0.0,0.0,,,0.0,,,,0.0,,,,,,0.0,0.0,,,3.0,,,,,,,,,,,,,IN,200005,200005,,,
SEAR,YR,NH,FLU_STH_ASIA,IND,India,2000-02-07,2000,6,2000-02-06,2000,6,NOTDEFINED,4.0,,,0.0,0.0,,,0.0,,,,0.0,,,,,,0.0,0.0,,,3.0,,,,,,,,,,,,,IN,200006,200006,,,
SEAR,YR,NH,FLU_STH_ASIA,IND,India,2000-02-14,2000,7,2000-02-13,2000,7,NOTDEFINED,6.0,,,0.0,0.0,,,0.0,,,,0.0,,,,,,0.0,0.0,,,3.0,,,,,,,,,,,,"3295 ARD cases-PHCs/hospitals, Pune(Feb)",IN,200007,200007,,,
SEAR,YR,NH,FLU_STH_ASIA,IND,India,2000-02-21,2000,8,2000-02-20,2000,8,NOTDEFINED,3.0,,,0.0,0.0,,,0.0,,,,0.0,,,,,,0.0,0.0,,,3.0,,,,,,,,,,,,,IN,200008,200008,,,
SEAR,YR,NH,FLU_STH_ASIA,IND,India,2000-02-28,2000,9,2000-02-27,2000,9,NOTDEFINED,2.0,,,0.0,0.0,,,0.0,,,,0.0,,,,,,0.0,0.0,,,3.0,,,,,,,,,,,,,IN,200009,200009,,,
SEAR,YR,NH,FLU_STH_ASIA,IND,India,2000-03-06,2000,10,2000-03-05,2000,10,NOTDEFINED,3.0,,,0.0,0.0,,,0.0,,,,0.0,,,,,,0.0,0.0,,,3.0,,,,,,,,,,,,,IN,200010,200010,,,
SEAR,YR,NH,FLU_STH_ASIA,IND,India,2000-03-13,2000,11,2000-03-12,2000,11,NOTDEFINED,0.0,,,0.0,0.0,,,0.0,,,,0.0,,,,,,0.0,0.0,,,3.0,,,,,,,,,,,,"3363 ARD cases-PHCs/Hospitals, Pune(March)",IN,200011,200011,,,
SEAR,YR,NH,FLU_STH_ASIA,IND,India,2000-03-20,2000,12,2000-03-19,2000,12,NOTDEFINED,0.0,,,0.0,0.0,,,0.0,,,,0.0,,,,,,0.0,0.0,,,3.0,,,,,,,,,,,,,IN,200012,200012,,,
SEAR,YR,NH,FLU_STH_ASIA,IND,India,2000-03-27,2000,13,2000-03-26,2000,13,NOTDEFINED,0.0,,,0.0,0.0,,,0.0,,,,0.0,,,,,,0.0,0.0,,,3.0,,,,,,,,,,,,,IN,200013,200013,,,
SEAR,YR,NH,FLU_STH_ASIA,IND,India,2000-04-03,2000,14,2000-04-02,2000,14,NOTDEFINED,1.0,,,0.0,0.0,,,0.0,,,,0.0,,,,,,0.0,0.0,,,3.0,,,,,,,,,,,,,IN,200014,200014,,,
SEAR,YR,NH,FLU_STH_ASIA,IND,India,2000-04-10,2000,15,2000-04-09,2000,15,NOTDEFINED,1.0,,,0.0,0.0,,,0.0,,,,0.0,,,,,,0.0,0.0,,,3.0,,,,,,,,,,,,,IN,200015,200015,,,
SEAR,YR,NH,FLU_STH_ASIA,IND,India,2000-04-17,2000,16,2000-04-16,2000,16,NOTDEFINED,0.0,,,0.0,0.0,,,0.0,,,,0.0,,,,,,0.0,0.0,,,3.0,,,,,,,,,,,,"2467 ARD cases-PHCs/Hospitals, Pune(April)",IN,200016,200016,,,
SEAR,YR,NH,FLU_STH_ASIA,IND,India,2000-04-24,2000,17,2000-04-23,2000,17,NOTDEFINED,0.0,,,0.0,0.0,,,0.0,,,,0.0,,,,,,0.0,0.0,,,3.0,,,,,,,,,,,,no activity,IN,200017,200017,,,
SEAR,YR,NH,FLU_STH_ASIA,IND,India,2000-05-01,2000,18,2000-04-30,2000,18,NOTDEFINED,4.0,,,0.0,0.0,,,0.0,,,,0.0,,,,,,0.0,0.0,,,3.0,,,,,,,,,,,,no activity,IN,200018,200018,,,
SEAR,YR,NH,FLU_STH_ASIA,IND,India,2000-05-08,2000,19,2000-05-07,2000,19,NOTDEFINED,3.0,,,0.0,0.0,,,0.0,,,,0.0,,,,,,0.0,0.0,,,3.0,,,,,,,,,,,,no activity,IN,200019,200019,,,
SEAR,YR,NH,FLU_STH_ASIA,IND,India,2000-05-15,2000,20,2000-05-14,2000,20,NOTDEFINED,3.0,,,0.0,0.0,,,0.0,,,,0.0,,,,,,0.0,0.0,,,3.0,,,,,,,,,,,,no activity,IN,200020,200020,,,
SEAR,YR,NH,FLU_STH_ASIA,IND,India,2000-05-22,2000,21,2000-05-21,2000,21,NOTDEFINED,5.0,,,0.0,0.0,,,0.0,,,,0.0,,,,,,0.0,0.0,,,4.0,,,,,,,,,,,,no activity,IN,200021,200021,,,
SEAR,YR,NH,FLU_STH_ASIA,IND,India,2000-05-29,2000,22,2000-05-28,2000,22,NOTDEFINED,1.0,,,0.0,0.0,,,0.0,,,,0.0,,,,,,0.0,0.0,,,4.0,,,,,,,,,,,,no activity,IN,200022,200022,,,
SEAR,YR,NH,FLU_STH_ASIA,IND,India,2000-06-05,2000,23,2000-06-04,2000,23,NOTDEFINED,10.0,,,0.0,2.0,,,0.0,,,,2.0,,,,,,0.0,0.0,2.0,,4.0,,,,,,,,,,,,no activity,IN,200023,200023,,,
SEAR,YR,NH,FLU_STH_ASIA,IND,India,2000-06-12,2000,24,2000-06-11,2000,24,NOTDEFINED,15.0,,,0.0,1.0,,,0.0,,,,1.0,,,,,,0.0,0.0,1.0,,4.0,,,,,,,,,,,,no activity,IN,200024,200024,,,
SEAR,YR,NH,FLU_STH_ASIA,IND,India,2000-06-19,2000,25,2000-06-18,2000,25,NOTDEFINED,32.0,,,0.0,2.0,,,0.0,,,,2.0,,,,,,0.0,0.0,2.0,,4.0,,,,,,,,,,,,no activity,IN,200025,200025,,,
SEAR,YR,NH,FLU_STH_ASIA,IND,India,2000-06-26,2000,26,2000-06-25,2000,26,NOTDEFINED,20.0,,,1.0,2.0,,,0.0,,,,3.0,,,,,,0.0,0.0,3.0,,4.0,,,,,,,,,,,,sporadic A(H1N1) from a 6 yr old girl,IN,200026,200026,,,
SEAR,YR,NH,FLU_STH_ASIA,IND,India,2000-07-03,2000,27,2000-07-02,2000,27,NOTDEFINED,21.0,,,0.0,1.0,,,0.0,,,,1.0,,,,,,1.0,1.0,2.0,,4.0,,,,,,,,,,,,,IN,200027,200027,,,
SEAR,YR,NH,FLU_STH_ASIA,IND,India,2000-07-10,2000,28,2000-07-09,2000,28,NOTDEFINED,8.0,,,1.0,0.0,,,1.0,,,,2.0,,,,,,0.0,0.0,2.0,,4.0,,,,,,,,,,,,,IN,200028,200028,,,
SEAR,YR,NH,FLU_STH_ASIA,IND,India,2000-07-17,2000,29,2000-07-16,2000,29,NOTDEFINED,17.0,,,0.0,2.0,,,0.0,,,,2.0,,,,,,0.0,0.0,2.0,,4.0,,,,,,,,,,,,"9040 ARD cases-PHCs/hospitals, Pune(July)",IN,200029,200029,,,
SEAR,YR,NH,FLU_STH_ASIA,IND,India,2000-07-24,2000,30,2000-07-23,2000,30,NOTDEFINED,8.0,,,1.0,1.0,,,0.0,,,,2.0,,,,,,0.0,0.0,2.0,,4.0,,,,,,,,,,,,sporadic A(H3N2) from a 2 yr old boy and A(H1N1) from a 9 yr old boy,IN,200030,200030,,,
SEAR,YR,NH,FLU_STH_ASIA,IND,India,2000-07-31,2000,31,2000-07-30,2000,31,NOTDEFINED,6.0,,,0.0,0.0,,,0.0,,,,0.0,,,,,,0.0,0.0,,,4.0,,,,,,,,,,,,,IN,200031,200031,,,
SEAR,YR,NH,FLU_STH_ASIA,IND,India,2000-08-07,2000,32,2000-08-06,2000,32,NOTDEFINED,4.0,,,0.0,0.0,,,0.0,,,,0.0,,,,,,0.0,0.0,,,4.0,,,,,,,,,,,,,IN,200032,200032,,,
SEAR,YR,NH,FLU_STH_ASIA,IND,India,2000-08-14,2000,33,2000-08-13,2000,33,NOTDEFINED,14.0,,,0.0,0.0,,,0.0,,,,0.0,,,,,,0.0,0.0,,,4.0,,,,,,,,,,,,"7633 ARD cases-PHCs/hospitals, Pune (Aug)",IN,200033,200033,,,
SEAR,YR,NH,FLU_STH_ASIA,IND,India,2000-08-21,2000,34,2000-08-20,2000,34,NOTDEFINED,1.0,,,0.0,0.0,,,0.0,,,,0.0,,,,,,0.0,0.0,,,3.0,,,,,,,,,,,,,IN,200034,200034,,,
SEAR,YR,NH,FLU_STH_ASIA,IND,India,2000-08-28,2000,35,2000-08-27,2000,35,NOTDEFINED,5.0,,,0.0,0.0,,,0.0,,,,0.0,,,,,,0.0,0.0,,,3.0,,,,,,,,,,,,,IN,200035,200035,,,
SEAR,YR,NH,FLU_STH_ASIA,IND,India,2000-09-04,2000,36,2000-09-03,2000,36,NOTDEFINED,16.0,,,0.0,0.0,,,0.0,,,,0.0,,,,,,0.0,0.0,,,3.0,,,,,,,,,,,,,IN,200036,200036,,,
SEAR,YR,NH,FLU_STH_ASIA,IND,India,2000-09-11,2000,37,2000-09-10,2000,37,NOTDEFINED,0.0,,,0.0,0.0,,,0.0,,,,0.0,,,,,,0.0,0.0,,,3.0,,,,,,,,,,,,,IN,200037,200037,,,
SEAR,YR,NH,FLU_STH_ASIA,IND,India,2000-09-18,2000,38,2000-09-17,2000,38,NOTDEFINED,4.0,,,0.0,0.0,,,0.0,,,,0.0,,,,,,0.0,0.0,,,3.0,,,,,,,,,,,,"5869 ARD cases-PHCs/hospitals,Pune(Sept)",IN,200038,200038,,,
SEAR,YR,NH,FLU_STH_ASIA,IND,India,2000-09-25,2000,39,2000-09-24,2000,39,NOTDEFINED,0.0,,,0.0,0.0,,,0.0,,,,0.0,,,,,,0.0,0.0,,,3.0,,,,,,,,,,,,sporadic activity,IN,200039,200039,,,
SEAR,YR,NH,FLU_STH_ASIA,IND,India,2000-10-02,2000,40,2000-10-01,2000,40,NOTDEFINED,0.0,,,0.0,0.0,,,0.0,,,,0.0,,,,,,0.0,0.0,,,3.0,,,,,,,,,,,,sporadic activity,IN,200040,200040,,,
SEAR,YR,NH,FLU_STH_ASIA,IND,India,2000-10-09,2000,41,2000-10-08,2000,41,NOTDEFINED,2.0,,,0.0,0.0,,,0.0,,,,0.0,,,,,,0.0,0.0,,,3.0,,,,,,,,,,,,sporadic activity,IN,200041,200041,,,
SEAR,YR,NH,FLU_STH_ASIA,IND,India,2000-10-16,2000,42,2000-10-15,2000,42,NOTDEFINED,1.0,,,0.0,0.0,,,0.0,,,,0.0,,,,,,0.0,0.0,,,3.0,,,,,,,,,,,,no activity,IN,200042,200042,,,
SEAR,YR,NH,FLU_STH_ASIA,IND,India,2000-10-23,2000,43,2000-10-22,2000,43,NOTDEFINED,6.0,,,0.0,0.0,,,0.0,,,,0.0,,,,,,0.0,0.0,,,3.0,,,,,,,,,,,,sporadic activity,IN,200043,200043,,,
SEAR,YR,NH,FLU_STH_ASIA,IND,India,2000-10-30,2000,44,2000-10-29,2000,44,NOTDEFINED,0.0,,,0.0,0.0,,,0.0,,,,0.0,,,,,,0.0,0.0,,,3.0,,,,,,,,,,,,sporadic activity,IN,200044,200044,,,
SEAR,YR,NH,FLU_STH_ASIA,IND,India,2000-11-06,2000,45,2000-11-05,2000,45,NOTDEFINED,8.0,,,,,,,,,,,,,,,,,,,,,3.0,,,,,,,,,,,,sporadic activity,IN,200045,200045,,,
SEAR,YR,NH,FLU_STH_ASIA,IND,India,2000-11-13,2000,46,2000-11-12,2000,46,NOTDEFINED,4.0,,,,,,,,,,,,,,,,,,,,,3.0,,,,,,,,,,,,sporadic activity,IN,200046,200046,,,
SEAR,YR,NH,FLU_STH_ASIA,IND,India,2000-11-20,2000,47,2000-11-19,2000,47,NOTDEFINED,9.0,,,,,,,,,,,,,,,,,1.0,1.0,1.0,,3.0,,,,,,,,,,,,"4113 ARD cases-PHCs/hospitals,Pune(Nov.), 1 influenza B was identiifed by CDC as B/Sichuan/379/99-like strain",IN,200047,200047,,,
SEAR,YR,NH,FLU_STH_ASIA,IND,India,2000-11-27,2000,48,2000-11-26,2000,48,NOTDEFINED,6.0,,,,,,,,,,,,,,,,,,,,,3.0,,,,,,,,,,,,sporadic activity,IN,200048,200048,,,
SEAR,YR,NH,FLU_STH_ASIA,IND,India,2000-12-04,2000,49,2000-12-03,2000,49,NOTDEFINED,2.0,,,,,,,,,,,,,,,,,,,,,3.0,,,,,,,,,,,,sporadic activity,IN,200049,200049,,,
SEAR,YR,NH,FLU_STH_ASIA,IND,India,2000-12-11,2000,50,2000-12-10,2000,50,NOTDEFINED,0.0,,,,,,,,,,,,,,,,,,,,,3.0,,,,,,,,,,,,no activity during the month of December,IN,200050,200050,,,
SEAR,YR,NH,FLU_STH_ASIA,IND,India,2000-12-25,2000,52,2000-12-24,2000,52,NOTDEFINED,6.0,,,,,,,,,,,,,,,,,,,,,3.0,,,,,,,,,,,,sporadic activity,IN,200052,200052,,,
SEAR,YR,NH,FLU_STH_ASIA,IND,India,2001-01-01,2001,1,2000-12-31,2001,1,NOTDEFINED,11.0,,,,,,,,,,,,,,,,,1.0,1.0,1.0,,3.0,,,,,,,,,,,,sporadic B virus isolate,IN,200101,200101,,,
SEAR,YR,NH,FLU_STH_ASIA,IND,India,2001-01-08,2001,2,2001-01-07,2001,2,NOTDEFINED,3.0,,,,,,,,,,,,,,,,,,,,,3.0,,,,,,,,,,,,sporadic activity,IN,200102,200102,,,
SEAR,YR,NH,FLU_STH_ASIA,IND,India,2001-01-15,2001,3,2001-01-14,2001,3,NOTDEFINED,6.0,,,,,,,,,,,,,,,,,,,,,3.0,,,,,,,,,,,,sporadic activity,IN,200103,200103,,,
SEAR,YR,NH,FLU_STH_ASIA,IND,India,2001-01-22,2001,4,2001-01-21,2001,4,NOTDEFINED,3.0,,,,,,,,,,,,,,,,,,,,,3.0,,,,,,,,,,,,no activity during the month of January,IN,200104,200104,,,
SEAR,YR,NH,FLU_STH_ASIA,IND,India,2001-01-29,2001,5,2001-01-28,2001,5,NOTDEFINED,3.0,,,,,,,,,,,,,,,,,,,,,3.0,,,,,,,,,,,,Sporadic activity.,IN,200105,200105,,,
SEAR,YR,NH,FLU_STH_ASIA,IND,India,2001-02-05,2001,6,2001-02-04,2001,6,NOTDEFINED,2.0,,,,,,,,,,,,,,,,,,,,,3.0,,,,,,,,,,,,Sporadic activity.,IN,200106,200106,,,
SEAR,YR,NH,FLU_STH_ASIA,IND,India,2001-02-12,2001,7,2001-02-11,2001,7,NOTDEFINED,2.0,,,,,,,,,,,,,,,,,,,,,3.0,,,,,,,,,,,,Sporadic activity.,IN,200107,200107,,,
SEAR,YR,NH,FLU_STH_ASIA,IND,India,2001-02-19,2001,8,2001-02-18,2001,8,NOTDEFINED,4.0,,,,,,,0.0,,,,0.0,,,,,,0.0,0.0,,,3.0,,,,,,,,,,,,no influenza activity detected in February ,IN,200108,200108,,,
SEAR,YR,NH,FLU_STH_ASIA,IND,India,2001-02-26,2001,9,2001-02-25,2001,9,NOTDEFINED,0.0,,,,,,,,,,,,,,,,,,,,,3.0,,,,,,,,,,,,Sporadic activity.,IN,200109,200109,,,
SEAR,YR,NH,FLU_STH_ASIA,IND,India,2001-03-05,2001,10,2001-03-04,2001,10,NOTDEFINED,4.0,,,,,,,,,,,,,,,,,,,,,3.0,,,,,,,,,,,,Sporadic activity.,IN,200110,200110,,,
SEAR,YR,NH,FLU_STH_ASIA,IND,India,2001-03-12,2001,11,2001-03-11,2001,11,NOTDEFINED,2.0,,,,,,,,,,,,,,,,,,,,,3.0,,,,,,,,,,,,Sporadic activity.,IN,200111,200111,,,
SEAR,YR,NH,FLU_STH_ASIA,IND,India,2001-03-19,2001,12,2001-03-18,2001,12,NOTDEFINED,0.0,,,,,,,0.0,,,,0.0,,,,,,0.0,0.0,,,3.0,,,,,,,,,,,,no influenza activity detected in March,IN,200112,200112,,,
SEAR,YR,NH,FLU_STH_ASIA,IND,India,2001-03-26,2001,13,2001-03-25,2001,13,NOTDEFINED,0.0,,,,,,,,,,,,,,,,,,,,,3.0,,,,,,,,,,,,Sporadic activity.,IN,200113,200113,,,
SEAR,YR,NH,FLU_STH_ASIA,IND,India,2001-04-02,2001,14,2001-04-01,2001,14,NOTDEFINED,0.0,,,,,,,,,,,,,,,,,,,,,3.0,,,,,,,,,,,,Sporadic activity.,IN,200114,200114,,,
SEAR,YR,NH,FLU_STH_ASIA,IND,India,2001-04-09,2001,15,2001-04-08,2001,15,NOTDEFINED,0.0,,,,,,,,,,,,,,,,,,,,,3.0,,,,,,,,,,,,Sporadic activity.,IN,200115,200115,,,
SEAR,YR,NH,FLU_STH_ASIA,IND,India,2001-04-16,2001,16,2001-04-15,2001,16,NOTDEFINED,0.0,,,,,,,0.0,,,,0.0,,,,,,0.0,0.0,,,3.0,,,,,,,,,,,,Sporadic activity.,IN,200116,200116,,,
SEAR,YR,NH,FLU_STH_ASIA,IND,India,2001-04-23,2001,17,2001-04-22,2001,17,NOTDEFINED,0.0,,,,,,,,,,,,,,,,,,,,,3.0,,,,,,,,,,,,"3806 ARD cases-PHCs/hospitals,Pune(April)",IN,200117,200117,,,
SEAR,YR,NH,FLU_STH_ASIA,IND,India,2001-04-30,2001,18,2001-04-29,2001,18,NOTDEFINED,0.0,,,,,,,,,,,,,,,,,,,,,3.0,,,,,,,,,,,,Sporadic activity.,IN,200118,200118,,,
SEAR,YR,NH,FLU_STH_ASIA,IND,India,2001-05-07,2001,19,2001-05-06,2001,19,NOTDEFINED,4.0,,,,,,,,,,,,,,,,,,,,,3.0,,,,,,,,,,,,Sporadic activity.,IN,200119,200119,,,
SEAR,YR,NH,FLU_STH_ASIA,IND,India,2001-05-14,2001,20,2001-05-13,2001,20,NOTDEFINED,6.0,,,,,,,,,,,,,,,,,,,,,3.0,,,,,,,,,,,,Sporadic activity.,IN,200120,200120,,,
SEAR,YR,NH,FLU_STH_ASIA,IND,India,2001-05-21,2001,21,2001-05-20,2001,21,NOTDEFINED,0.0,,,,,,,,,,,,,,,,,,,,,3.0,,,,,,,,,,,,no influenza activity detected in May,IN,200121,200121,,,
SEAR,YR,NH,FLU_STH_ASIA,IND,India,2001-05-28,2001,22,2001-05-27,2001,22,NOTDEFINED,3.0,,,,,,,,,,,,,,,,,,,,,3.0,,,,,,,,,,,,Sporadic activity.,IN,200122,200122,,,
SEAR,YR,NH,FLU_STH_ASIA,IND,India,2001-06-04,2001,23,2001-06-03,2001,23,NOTDEFINED,0.0,,,,,,,,,,,,,,,,,,,,,3.0,,,,,,,,,,,,Sporadic activity.,IN,200123,200123,,,
SEAR,YR,NH,FLU_STH_ASIA,IND,India,2001-06-11,2001,24,2001-06-10,2001,24,NOTDEFINED,11.0,,,,,,,,,,,,,,,,,,,,,3.0,,,,,,,,,,,,Sporadic activity.,IN,200124,200124,,,
SEAR,YR,NH,FLU_STH_ASIA,IND,India,2001-06-18,2001,25,2001-06-17,2001,25,NOTDEFINED,7.0,,,,,,,,,,,,,,,,,,,,,3.0,,,,,,,,,,,,"6047 ARD cases-PHCs/hospitals,Pune(June)
",IN,200125,200125,,,
SEAR,YR,NH,FLU_STH_ASIA,IND,India,2001-06-25,2001,26,2001-06-24,2001,26,NOTDEFINED,17.0,,,,,,,,,,,,,,,,,,,,,3.0,,,,,,,,,,,,Sporadic activity.,IN,200126,200126,,,
SEAR,YR,NH,FLU_STH_ASIA,IND,India,2001-07-02,2001,27,2001-07-01,2001,27,NOTDEFINED,20.0,,,,,,,,,,,,,,,,,,,,,3.0,,,,,,,,,,,,Sporadic activity.,IN,200127,200127,,,
SEAR,YR,NH,FLU_STH_ASIA,IND,India,2001-07-09,2001,28,2001-07-08,2001,28,NOTDEFINED,26.0,,,,,,,,,,,,,,,,,,,,,3.0,,,,,,,,,,,,Sporadic activity.,IN,200128,200128,,,
SEAR,YR,NH,FLU_STH_ASIA,IND,India,2001-07-16,2001,29,2001-07-15,2001,29,NOTDEFINED,17.0,,,,,,,,,,,,,,,,,,,,,3.0,,,,,,,,,,,,"5347 ARD cases-PHCs/hospitals,Pune(July)
",IN,200129,200129,,,
SEAR,YR,NH,FLU_STH_ASIA,IND,India,2001-07-23,2001,30,2001-07-22,2001,30,NOTDEFINED,19.0,,,,,,,,,,,,,,,,,,,,,3.0,,,,,,,,,,,,Sporadic activity.,IN,200130,200130,,,
SEAR,YR,NH,FLU_STH_ASIA,IND,India,2001-07-30,2001,31,2001-07-29,2001,31,NOTDEFINED,16.0,,,,,,,,,,,,,,,,,,,,,3.0,,,,,,,,,,,,Sporadic activity.,IN,200131,200131,,,
SEAR,YR,NH,FLU_STH_ASIA,IND,India,2001-08-06,2001,32,2001-08-05,2001,32,NOTDEFINED,7.0,,,,,,,,,,,,,,,,,,,,,3.0,,,,,,,,,,,,Sporadic activity.,IN,200132,200132,,,
SEAR,YR,NH,FLU_STH_ASIA,IND,India,2001-08-13,2001,33,2001-08-12,2001,33,NOTDEFINED,14.0,,,,,,,,,,,,,,,,,,,,,3.0,,,,,,,,,,,,Sporadic activity.,IN,200133,200133,,,
SEAR,YR,NH,FLU_STH_ASIA,IND,India,2001-08-20,2001,34,2001-08-19,2001,34,NOTDEFINED,4.0,,,,,,,,,,,,,,,,,,,,,3.0,,,,,,,,,,,,"9685 ARD cases-PHCs/hospitals,Pune(Aug)
",IN,200134,200134,,,
SEAR,YR,NH,FLU_STH_ASIA,IND,India,2001-09-24,2001,39,2001-09-23,2001,39,NOTDEFINED,,,,,,,,,,,,,,,,,,,,,,2.0,,,,,,,,,,,,no activity,IN,200139,200139,,,
SEAR,YR,NH,FLU_STH_ASIA,IND,India,2001-10-01,2001,40,2001-09-30,2001,40,NOTDEFINED,,,,,,,,,,,,,,,,,,,,,,2.0,,,,,,,,,,,,no activity,IN,200140,200140,,,
SEAR,YR,NH,FLU_STH_ASIA,IND,India,2001-10-08,2001,41,2001-10-07,2001,41,NOTDEFINED,,,,,,,,,,,,,,,,,,,,,,2.0,,,,,,,,,,,,no activity,IN,200141,200141,,,
SEAR,YR,NH,FLU_STH_ASIA,IND,India,2001-10-15,2001,42,2001-10-14,2001,42,NOTDEFINED,,,,,,,,,,,,,,,,,,,,,,2.0,,,,,,,,,,,,no activity,IN,200142,200142,,,
SEAR,YR,NH,FLU_STH_ASIA,IND,India,2001-10-22,2001,43,2001-10-21,2001,43,NOTDEFINED,,,,,,,,,,,,,,,,,,,,,,2.0,,,,,,,,,,,,no activity,IN,200143,200143,,,
SEAR,YR,NH,FLU_STH_ASIA,IND,India,2001-11-19,2001,47,2001-11-18,2001,47,NOTDEFINED,,,,,,,,0.0,,,,0.0,,,,,,0.0,0.0,,,2.0,,,,,,,,,,,,No influenza activity,IN,200147,200147,,,
SEAR,YR,NH,FLU_STH_ASIA,IND,India,2001-12-17,2001,51,2001-12-16,2001,51,NOTDEFINED,,,,,,,,,,,,,,,,,,,,,,2.0,,,,,,,,,,,,no influenza activity detected so far,IN,200151,200151,,,
SEAR,YR,NH,FLU_STH_ASIA,IND,India,2001-12-24,2001,52,2001-12-23,2001,52,NOTDEFINED,0.0,,,0.0,0.0,,,0.0,,,,0.0,,,,,,0.0,0.0,,,3.0,,,,,,,,,,,,,IN,200152,200152,,,
SEAR,YR,NH,FLU_STH_ASIA,IND,India,2001-12-31,2002,1,2001-12-30,2002,1,NOTDEFINED,11.0,,,0.0,0.0,,,0.0,,,,0.0,,,,,,0.0,0.0,,,3.0,,,,,,,,,,,,,IN,200201,200201,,,
SEAR,YR,NH,FLU_STH_ASIA,IND,India,2002-01-07,2002,2,2002-01-06,2002,2,NOTDEFINED,0.0,,,0.0,0.0,,,0.0,,,,0.0,,,,,,0.0,0.0,,,3.0,,,,,,,,,,,,,IN,200202,200202,,,
SEAR,YR,NH,FLU_STH_ASIA,IND,India,2002-01-14,2002,3,2002-01-13,2002,3,NOTDEFINED,8.0,,,0.0,0.0,,,0.0,,,,0.0,,,,,,0.0,0.0,,,3.0,,,,,,,,,,,,7747 ARD cases Jan 2002. ,IN,200203,200203,,,
SEAR,YR,NH,FLU_STH_ASIA,IND,India,2002-01-21,2002,4,2002-01-20,2002,4,NOTDEFINED,18.0,,,0.0,0.0,,,0.0,,,,0.0,,,,,,1.0,1.0,1.0,,4.0,,,,,,,,,,,,no influenza activity has been detected in January,IN,200204,200204,,,
SEAR,YR,NH,FLU_STH_ASIA,IND,India,2002-01-28,2002,5,2002-01-27,2002,5,NOTDEFINED,16.0,,,0.0,0.0,,,0.0,,,,0.0,,,,,,4.0,4.0,4.0,,4.0,,,,,,,,,,,,,IN,200205,200205,,,
SEAR,YR,NH,FLU_STH_ASIA,IND,India,2002-02-04,2002,6,2002-02-03,2002,6,NOTDEFINED,17.0,,,0.0,0.0,,,0.0,,,,0.0,,,,,,1.0,1.0,1.0,,4.0,,,,,,,,,,,,,IN,200206,200206,,,
SEAR,YR,NH,FLU_STH_ASIA,IND,India,2002-02-11,2002,7,2002-02-10,2002,7,NOTDEFINED,19.0,,,0.0,0.0,,,0.0,,,,0.0,,,,,,2.0,2.0,2.0,,4.0,,,,,,,,,,,,7587 ARD cases Feb 2002.,IN,200207,200207,,,
SEAR,YR,NH,FLU_STH_ASIA,IND,India,2002-02-18,2002,8,2002-02-17,2002,8,NOTDEFINED,4.0,,,0.0,0.0,,,0.0,,,,0.0,,,,,,2.0,2.0,2.0,,3.0,,,,,,,,,,,,no influenza activity has been detected in February,IN,200208,200208,,,
SEAR,YR,NH,FLU_STH_ASIA,IND,India,2002-02-25,2002,9,2002-02-24,2002,9,NOTDEFINED,8.0,,,0.0,0.0,,,0.0,,,,0.0,,,,,,0.0,0.0,,,3.0,,,,,,,,,,,,,IN,200209,200209,,,
SEAR,YR,NH,FLU_STH_ASIA,IND,India,2002-03-04,2002,10,2002-03-03,2002,10,NOTDEFINED,8.0,,,0.0,0.0,,,0.0,,,,0.0,,,,,,0.0,0.0,,,3.0,,,,,,,,,,,,,IN,200210,200210,,,
SEAR,YR,NH,FLU_STH_ASIA,IND,India,2002-03-11,2002,11,2002-03-10,2002,11,NOTDEFINED,7.0,,,0.0,0.0,,,0.0,,,,0.0,,,,,,0.0,0.0,,,3.0,,,,,,,,,,,,,IN,200211,200211,,,
SEAR,YR,NH,FLU_STH_ASIA,IND,India,2002-03-18,2002,12,2002-03-17,2002,12,NOTDEFINED,1.0,,,0.0,0.0,,,0.0,,,,0.0,,,,,,0.0,0.0,,,3.0,,,,,,,,,,,,no influenza activity has been detected in March.,IN,200212,200212,,,
SEAR,YR,NH,FLU_STH_ASIA,IND,India,2002-03-25,2002,13,2002-03-24,2002,13,NOTDEFINED,41.0,,,0.0,0.0,,,0.0,,,,0.0,,,,,,1.0,1.0,1.0,,4.0,,,,,,,,,,,,,IN,200213,200213,,,
SEAR,YR,NH,FLU_STH_ASIA,IND,India,2002-04-01,2002,14,2002-03-31,2002,14,NOTDEFINED,1.0,,,0.0,0.0,,,0.0,,,,0.0,,,,,,0.0,0.0,,,2.0,,,,,,,,,,,,,IN,200214,200214,,,
SEAR,YR,NH,FLU_STH_ASIA,IND,India,2002-04-08,2002,15,2002-04-07,2002,15,NOTDEFINED,1.0,,,0.0,0.0,,,0.0,,,,0.0,,,,,,0.0,0.0,,,2.0,,,,,,,,,,,,,IN,200215,200215,,,
SEAR,YR,NH,FLU_STH_ASIA,IND,India,2002-04-15,2002,16,2002-04-14,2002,16,NOTDEFINED,0.0,,,0.0,0.0,,,0.0,,,,0.0,,,,,,0.0,0.0,,,2.0,,,,,,,,,,,,3208 ARD cases April 2002.,IN,200216,200216,,,
SEAR,YR,NH,FLU_STH_ASIA,IND,India,2002-04-22,2002,17,2002-04-21,2002,17,NOTDEFINED,0.0,,,0.0,0.0,,,0.0,,,,0.0,,,,,,0.0,0.0,,,2.0,,,,,,,,,,,,,IN,200217,200217,,,
SEAR,YR,NH,FLU_STH_ASIA,IND,India,2002-04-29,2002,18,2002-04-28,2002,18,NOTDEFINED,0.0,,,0.0,0.0,,,0.0,,,,0.0,,,,,,0.0,0.0,,,2.0,,,,,,,,,,,,,IN,200218,200218,,,
SEAR,YR,NH,FLU_STH_ASIA,IND,India,2002-05-06,2002,19,2002-05-05,2002,19,NOTDEFINED,0.0,,,0.0,0.0,,,0.0,,,,0.0,,,,,,0.0,0.0,,,2.0,,,,,,,,,,,,,IN,200219,200219,,,
SEAR,YR,NH,FLU_STH_ASIA,IND,India,2002-05-13,2002,20,2002-05-12,2002,20,NOTDEFINED,0.0,,,0.0,0.0,,,0.0,,,,0.0,,,,,,0.0,0.0,,,2.0,,,,,,,,,,,,"923 ARD cases (urban area), May 2002.  ",IN,200220,200220,,,
SEAR,YR,NH,FLU_STH_ASIA,IND,India,2002-05-20,2002,21,2002-05-19,2002,21,NOTDEFINED,0.0,,,0.0,0.0,,,0.0,,,,0.0,,,,,,0.0,0.0,,,2.0,,,,,,,,,,,,no influenza activity detected,IN,200221,200221,,,
SEAR,YR,NH,FLU_STH_ASIA,IND,India,2002-05-27,2002,22,2002-05-26,2002,22,NOTDEFINED,2.0,,,0.0,0.0,,,0.0,,,,0.0,,,,,,0.0,0.0,,,3.0,,,,,,,,,,,,,IN,200222,200222,,,
SEAR,YR,NH,FLU_STH_ASIA,IND,India,2002-06-03,2002,23,2002-06-02,2002,23,NOTDEFINED,4.0,,,0.0,0.0,,,0.0,,,,0.0,,,,,,0.0,0.0,,,3.0,,,,,,,,,,,,,IN,200223,200223,,,
SEAR,YR,NH,FLU_STH_ASIA,IND,India,2002-06-10,2002,24,2002-06-09,2002,24,NOTDEFINED,4.0,,,0.0,0.0,,,0.0,,,,0.0,,,,,,0.0,0.0,,,3.0,,,,,,,,,,,,,IN,200224,200224,,,
SEAR,YR,NH,FLU_STH_ASIA,IND,India,2002-06-17,2002,25,2002-06-16,2002,25,NOTDEFINED,0.0,,,0.0,0.0,,,0.0,,,,0.0,,,,,,0.0,0.0,,,2.0,,,,,,,,,,,,"1261 ARD cases (urban area), June 2002.",IN,200225,200225,,,
SEAR,YR,NH,FLU_STH_ASIA,IND,India,2002-06-24,2002,26,2002-06-23,2002,26,NOTDEFINED,3.0,,,0.0,0.0,,,0.0,,,,0.0,,,,,,0.0,0.0,,,3.0,,,,,,,,,,,,,IN,200226,200226,,,
SEAR,YR,NH,FLU_STH_ASIA,IND,India,2002-07-01,2002,27,2002-06-30,2002,27,NOTDEFINED,5.0,,,0.0,0.0,,,0.0,,,,0.0,,,,,,0.0,0.0,,,3.0,,,,,,,,,,,,,IN,200227,200227,,,
SEAR,YR,NH,FLU_STH_ASIA,IND,India,2002-07-08,2002,28,2002-07-07,2002,28,NOTDEFINED,13.0,,,0.0,0.0,,,0.0,,,,0.0,,,,,,0.0,0.0,,,3.0,,,,,,,,,,,,,IN,200228,200228,,,
SEAR,YR,NH,FLU_STH_ASIA,IND,India,2002-07-15,2002,29,2002-07-14,2002,29,NOTDEFINED,13.0,,,0.0,0.0,,,0.0,,,,0.0,,,,,,0.0,0.0,,,3.0,,,,,,,,,,,,"2051 ARD cases (urban area), July2002.",IN,200229,200229,,,
SEAR,YR,NH,FLU_STH_ASIA,IND,India,2002-07-22,2002,30,2002-07-21,2002,30,NOTDEFINED,25.0,,,0.0,0.0,,,3.0,,,,3.0,,,,,,0.0,0.0,3.0,,4.0,,,,,,,,,,,,no activity,IN,200230,200230,,,
SEAR,YR,NH,FLU_STH_ASIA,IND,India,2002-07-29,2002,31,2002-07-28,2002,31,NOTDEFINED,30.0,,,0.0,0.0,,,3.0,,,,3.0,,,,,,3.0,3.0,6.0,,4.0,,,,,,,,,,,,,IN,200231,200231,,,
SEAR,YR,NH,FLU_STH_ASIA,IND,India,2002-08-05,2002,32,2002-08-04,2002,32,NOTDEFINED,58.0,,,0.0,2.0,,,1.0,,,,3.0,,,,,,1.0,1.0,4.0,,4.0,,,,,,,,,,,,,IN,200232,200232,,,
SEAR,YR,NH,FLU_STH_ASIA,IND,India,2002-08-12,2002,33,2002-08-11,2002,33,NOTDEFINED,35.0,,,0.0,1.0,,,1.0,,,,2.0,,,,,,0.0,0.0,2.0,,4.0,,,,,,,,,,,,,IN,200233,200233,,,
SEAR,YR,NH,FLU_STH_ASIA,IND,India,2002-08-19,2002,34,2002-08-18,2002,34,NOTDEFINED,19.0,,,0.0,1.0,,,1.0,,,,2.0,,,,,,0.0,0.0,2.0,,4.0,,,,,,,,,,,,no activity,IN,200234,200234,,,
SEAR,YR,NH,FLU_STH_ASIA,IND,India,2002-08-26,2002,35,2002-08-25,2002,35,NOTDEFINED,30.0,,,0.0,0.0,,,1.0,,,,1.0,,,,,,1.0,1.0,2.0,,4.0,,,,,,,,,,,,no activity,IN,200235,200235,,,
SEAR,YR,NH,FLU_STH_ASIA,IND,India,2002-09-02,2002,36,2002-09-01,2002,36,NOTDEFINED,12.0,,,0.0,0.0,,,0.0,,,,0.0,,,,,,0.0,0.0,,,3.0,,,,,,,,,,,,no activity,IN,200236,200236,,,
SEAR,YR,NH,FLU_STH_ASIA,IND,India,2002-09-09,2002,37,2002-09-08,2002,37,NOTDEFINED,15.0,,,0.0,1.0,,,0.0,,,,1.0,,,,,,0.0,0.0,1.0,,4.0,,,,,,,,,,,,no activity,IN,200237,200237,,,
SEAR,YR,NH,FLU_STH_ASIA,IND,India,2002-09-16,2002,38,2002-09-15,2002,38,NOTDEFINED,3.0,,,0.0,0.0,,,0.0,,,,0.0,,,,,,0.0,0.0,,,3.0,,,,,,,,,,,,no activity,IN,200238,200238,,,
SEAR,YR,NH,FLU_STH_ASIA,IND,India,2002-09-23,2002,39,2002-09-22,2002,39,NOTDEFINED,4.0,,,0.0,0.0,,,0.0,,,,0.0,,,,,,0.0,0.0,,,3.0,,,,,,,,,,,,no influenza activity detected this week,IN,200239,200239,,,
SEAR,YR,NH,FLU_STH_ASIA,IND,India,2002-09-30,2002,40,2002-09-29,2002,40,NOTDEFINED,4.0,,,0.0,0.0,,,0.0,,,,0.0,,,,,,0.0,0.0,,,3.0,,,,,,,,,,,,no activity,IN,200240,200240,,,
SEAR,YR,NH,FLU_STH_ASIA,IND,India,2002-10-07,2002,41,2002-10-06,2002,41,NOTDEFINED,0.0,,,0.0,0.0,,,0.0,,,,0.0,,,,,,0.0,0.0,,,2.0,,,,,,,,,,,,no activity,IN,200241,200241,,,
SEAR,YR,NH,FLU_STH_ASIA,IND,India,2002-10-14,2002,42,2002-10-13,2002,42,NOTDEFINED,4.0,,,0.0,0.0,,,0.0,,,,0.0,,,,,,0.0,0.0,,,3.0,,,,,,,,,,,,no activity,IN,200242,200242,,,
SEAR,YR,NH,FLU_STH_ASIA,IND,India,2002-10-21,2002,43,2002-10-20,2002,43,NOTDEFINED,0.0,,,0.0,0.0,,,0.0,,,,0.0,,,,,,0.0,0.0,,,2.0,,,,,,,,,,,,no activity,IN,200243,200243,,,
SEAR,YR,NH,FLU_STH_ASIA,IND,India,2002-10-28,2002,44,2002-10-27,2002,44,NOTDEFINED,1.0,,,0.0,0.0,,,0.0,,,,0.0,,,,,,0.0,0.0,,,2.0,,,,,,,,,,,,no influenza activity detected,IN,200244,200244,,,
SEAR,YR,NH,FLU_STH_ASIA,IND,India,2002-11-04,2002,45,2002-11-03,2002,45,NOTDEFINED,4.0,,,0.0,0.0,,,0.0,,,,0.0,,,,,,0.0,0.0,,,3.0,,,,,,,,,,,,no influenza activity detected,IN,200245,200245,,,
SEAR,YR,NH,FLU_STH_ASIA,IND,India,2002-11-11,2002,46,2002-11-10,2002,46,NOTDEFINED,3.0,,,0.0,0.0,,,0.0,,,,0.0,,,,,,0.0,0.0,,,3.0,,,,,,,,,,,,no influenza activity detected,IN,200246,200246,,,
SEAR,YR,NH,FLU_STH_ASIA,IND,India,2002-11-18,2002,47,2002-11-17,2002,47,NOTDEFINED,2.0,,,0.0,0.0,,,0.0,,,,0.0,,,,,,0.0,0.0,,,3.0,,,,,,,,,,,,no influenza activity detected,IN,200247,200247,,,
SEAR,YR,NH,FLU_STH_ASIA,IND,India,2002-11-25,2002,48,2002-11-24,2002,48,NOTDEFINED,0.0,,,,,,,,,,,,,,,,,,,,,3.0,,,,,,,,,,,,no influenza activity detected,IN,200248,200248,,,
SEAR,YR,NH,FLU_STH_ASIA,IND,India,2002-12-02,2002,49,2002-12-01,2002,49,NOTDEFINED,0.0,,,,,,,,,,,,,,,,,,,,,3.0,,,,,,,,,,,,no influenza activity detected,IN,200249,200249,,,
SEAR,YR,NH,FLU_STH_ASIA,IND,India,2002-12-09,2002,50,2002-12-08,2002,50,NOTDEFINED,5.0,,,,,,,,,,,,,,,,,,,,,3.0,,,,,,,,,,,,no activity,IN,200250,200250,,,
SEAR,YR,NH,FLU_STH_ASIA,IND,India,2002-12-16,2002,51,2002-12-15,2002,51,NOTDEFINED,10.0,,,,,,,,,,,,,,,,,,,,,3.0,,,,,,,,,,,,no influenza activity detected,IN,200251,200251,,,
SEAR,YR,NH,FLU_STH_ASIA,IND,India,2002-12-23,2002,52,2002-12-22,2002,52,NOTDEFINED,,,,,,,,,,,,,,,,,,,,,,2.0,,,,,,,,,,,,no activity,IN,200252,200252,,,
SEAR,YR,NH,FLU_STH_ASIA,IND,India,2002-12-30,2003,1,2002-12-29,2003,1,NOTDEFINED,2.0,,,,1.0,,,,,,,1.0,,,,,,,,1.0,,3.0,,,,,,,,,,,,no activity,IN,200301,200301,,,
SEAR,YR,NH,FLU_STH_ASIA,IND,India,2003-01-06,2003,2,2003-01-05,2003,2,NOTDEFINED,8.0,,,,,,,,,,,,,,,,,,,,,3.0,,,,,,,,,,,,no activity,IN,200302,200302,,,
SEAR,YR,NH,FLU_STH_ASIA,IND,India,2003-01-13,2003,3,2003-01-12,2003,3,NOTDEFINED,14.0,,,,,,,,,,,,,,,,,,,,,3.0,,,,,,,,,,,,no activity,IN,200303,200303,,,
SEAR,YR,NH,FLU_STH_ASIA,IND,India,2003-01-20,2003,4,2003-01-19,2003,4,NOTDEFINED,9.0,,,,,,,,,,,,,,,,,,,,,3.0,,,,,,,,,,,,no activity,IN,200304,200304,,,
SEAR,YR,NH,FLU_STH_ASIA,IND,India,2003-01-27,2003,5,2003-01-26,2003,5,NOTDEFINED,18.0,,,,,,,,,,,,,,,,,,,,,4.0,,,,,,,,,,,,"no activity
",IN,200305,200305,,,
SEAR,YR,NH,FLU_STH_ASIA,IND,India,2003-02-03,2003,6,2003-02-02,2003,6,NOTDEFINED,11.0,,,,,,,,,,,,,,,,,,,,,3.0,,,,,,,,,,,,no activity,IN,200306,200306,,,
SEAR,YR,NH,FLU_STH_ASIA,IND,India,2003-02-10,2003,7,2003-02-09,2003,7,NOTDEFINED,27.0,,,,,,,,,,,,,,,,,,,,,4.0,,,,,,,,,,,,no activity,IN,200307,200307,,,
SEAR,YR,NH,FLU_STH_ASIA,IND,India,2003-02-17,2003,8,2003-02-16,2003,8,NOTDEFINED,15.0,,,,,,,,,,,,,,,,,,,,,4.0,,,,,,,,,,,,no activity,IN,200308,200308,,,
SEAR,YR,NH,FLU_STH_ASIA,IND,India,2003-02-24,2003,9,2003-02-23,2003,9,NOTDEFINED,15.0,,,,2.0,,,,,,,2.0,,,,,,,,2.0,,4.0,,,,,,,,,,,,no activity,IN,200309,200309,,,
SEAR,YR,NH,FLU_STH_ASIA,IND,India,2003-03-03,2003,10,2003-03-02,2003,10,NOTDEFINED,2.0,,,,,,,,,,,,,,,,,,,,,3.0,,,,,,,,,,,,no activity,IN,200310,200310,,,
SEAR,YR,NH,FLU_STH_ASIA,IND,India,2003-03-10,2003,11,2003-03-09,2003,11,NOTDEFINED,6.0,,,0.0,0.0,,,0.0,,,,0.0,,,,,,0.0,0.0,,,3.0,,,,,,,,,,,,no activity,IN,200311,200311,,,
SEAR,YR,NH,FLU_STH_ASIA,IND,India,2003-03-17,2003,12,2003-03-16,2003,12,NOTDEFINED,25.0,,,0.0,1.0,,,0.0,,,,1.0,,,,,,0.0,0.0,1.0,,4.0,,,,,,,,,,,,no activity,IN,200312,200312,,,
SEAR,YR,NH,FLU_STH_ASIA,IND,India,2003-03-24,2003,13,2003-03-23,2003,13,NOTDEFINED,22.0,,,,3.0,,,,,,,3.0,,,,,,,,3.0,,4.0,,,,,,,,,,,,,IN,200313,200313,,,
SEAR,YR,NH,FLU_STH_ASIA,IND,India,2003-03-31,2003,14,2003-03-30,2003,14,NOTDEFINED,8.0,,,,1.0,,,,,,,1.0,,,,,,,,1.0,,3.0,,,,,,,,,,,,,IN,200314,200314,,,
SEAR,YR,NH,FLU_STH_ASIA,IND,India,2003-04-07,2003,15,2003-04-06,2003,15,NOTDEFINED,2.0,,,,,,,,,,,,,,,,,,,,,3.0,,,,,,,,,,,,,IN,200315,200315,,,
SEAR,YR,NH,FLU_STH_ASIA,IND,India,2003-04-14,2003,16,2003-04-13,2003,16,NOTDEFINED,17.0,,,,1.0,,,,,,,1.0,,,,,,,,1.0,,4.0,,,,,,,,,,,,35 ARD cases April 2003.,IN,200316,200316,,,
SEAR,YR,NH,FLU_STH_ASIA,IND,India,2003-04-21,2003,17,2003-04-20,2003,17,NOTDEFINED,6.0,,,,,,,,,,,,,,,,,,,,,3.0,,,,,,,,,,,,,IN,200317,200317,,,
SEAR,YR,NH,FLU_STH_ASIA,IND,India,2003-04-28,2003,18,2003-04-27,2003,18,NOTDEFINED,4.0,,,,,,,,,,,,,,,,,,,,,3.0,,,,,,,,,,,,,IN,200318,200318,,,
SEAR,YR,NH,FLU_STH_ASIA,IND,India,2003-05-05,2003,19,2003-05-04,2003,19,NOTDEFINED,2.0,,,,,,,,,,,,,,,,,,,,,3.0,,,,,,,,,,,,,IN,200319,200319,,,
SEAR,YR,NH,FLU_STH_ASIA,IND,India,2003-05-12,2003,20,2003-05-11,2003,20,NOTDEFINED,0.0,,,,,,,,,,,,,,,,,,,,,3.0,,,,,,,,,,,,,IN,200320,200320,,,
SEAR,YR,NH,FLU_STH_ASIA,IND,India,2003-05-19,2003,21,2003-05-18,2003,21,NOTDEFINED,2.0,,,,,,,,,,,,,,,,,,,,,3.0,,,,,,,,,,,,,IN,200321,200321,,,
SEAR,YR,NH,FLU_STH_ASIA,IND,India,2003-05-26,2003,22,2003-05-25,2003,22,NOTDEFINED,1.0,,,,,,,,,,,,,,,,,,,,,3.0,,,,,,,,,,,,,IN,200322,200322,,,
SEAR,YR,NH,FLU_STH_ASIA,IND,India,2003-06-02,2003,23,2003-06-01,2003,23,NOTDEFINED,5.0,,,0.0,0.0,,,0.0,,,,0.0,,,,,,0.0,0.0,,,3.0,,,,,,,,,,,,,IN,200323,200323,,,
SEAR,YR,NH,FLU_STH_ASIA,IND,India,2003-06-09,2003,24,2003-06-08,2003,24,NOTDEFINED,5.0,,,0.0,0.0,,,0.0,,,,0.0,,,,,,0.0,0.0,,,3.0,,,,,,,,,,,,,IN,200324,200324,,,
SEAR,YR,NH,FLU_STH_ASIA,IND,India,2003-06-16,2003,25,2003-06-15,2003,25,NOTDEFINED,7.0,,,0.0,0.0,,,0.0,,,,0.0,,,,,,0.0,0.0,,,4.0,,,,,,,,,,,,6616 ARD cases June 2003.,IN,200325,200325,,,
SEAR,YR,NH,FLU_STH_ASIA,IND,India,2003-06-23,2003,26,2003-06-22,2003,26,NOTDEFINED,6.0,,,0.0,0.0,,,0.0,,,,0.0,,,,,,0.0,0.0,,,3.0,,,,,,,,,,,,,IN,200326,200326,,,
SEAR,YR,NH,FLU_STH_ASIA,IND,India,2003-06-30,2003,27,2003-06-29,2003,27,NOTDEFINED,22.0,,,0.0,0.0,,,0.0,,,,0.0,,,,,,0.0,0.0,,,4.0,,,,,,,,,,,,,IN,200327,200327,,,
SEAR,YR,NH,FLU_STH_ASIA,IND,India,2003-07-07,2003,28,2003-07-06,2003,28,NOTDEFINED,16.0,,,0.0,0.0,,,0.0,,,,0.0,,,,,,0.0,0.0,,,4.0,,,,,,,,,,,,,IN,200328,200328,,,
SEAR,YR,NH,FLU_STH_ASIA,IND,India,2003-07-14,2003,29,2003-07-13,2003,29,NOTDEFINED,25.0,,,0.0,3.0,,,0.0,,,,3.0,,,,,,0.0,0.0,3.0,,4.0,,,,,,,,,,,,4642 ARD cases July 2003.,IN,200329,200329,,,
SEAR,YR,NH,FLU_STH_ASIA,IND,India,2003-07-21,2003,30,2003-07-20,2003,30,NOTDEFINED,68.0,,,0.0,1.0,,,0.0,,,,1.0,,,,,,2.0,2.0,3.0,,4.0,,,,,,,,,,,,,IN,200330,200330,,,
SEAR,YR,NH,FLU_STH_ASIA,IND,India,2003-07-28,2003,31,2003-07-27,2003,31,NOTDEFINED,47.0,,,0.0,2.0,,,0.0,,,,2.0,,,,,,1.0,1.0,3.0,,4.0,,,,,,,,,,,,,IN,200331,200331,,,
SEAR,YR,NH,FLU_STH_ASIA,IND,India,2003-08-04,2003,32,2003-08-03,2003,32,NOTDEFINED,46.0,,,0.0,1.0,,,0.0,,,,1.0,,,,,,2.0,2.0,3.0,,4.0,,,,,,,,,,,,,IN,200332,200332,,,
SEAR,YR,NH,FLU_STH_ASIA,IND,India,2003-08-11,2003,33,2003-08-10,2003,33,NOTDEFINED,40.0,,,0.0,2.0,,,0.0,,,,2.0,,,,,,3.0,3.0,5.0,,4.0,,,,,,,,,,,,,IN,200333,200333,,,
SEAR,YR,NH,FLU_STH_ASIA,IND,India,2003-08-18,2003,34,2003-08-17,2003,34,NOTDEFINED,60.0,,,0.0,0.0,,,0.0,,,,0.0,,,,,,0.0,0.0,,,4.0,,,,,,,,,,,,8187 ARD cases August 2003.,IN,200334,200334,,,
SEAR,YR,NH,FLU_STH_ASIA,IND,India,2003-08-25,2003,35,2003-08-24,2003,35,NOTDEFINED,46.0,,,0.0,0.0,,,0.0,,,,0.0,,,,,,1.0,1.0,1.0,,4.0,,,,,,,,,,,,,IN,200335,200335,,,
SEAR,YR,NH,FLU_STH_ASIA,IND,India,2003-09-01,2003,36,2003-08-31,2003,36,NOTDEFINED,21.0,,,0.0,0.0,,,0.0,,,,0.0,,,,,,1.0,1.0,1.0,,4.0,,,,,,,,,,,,,IN,200336,200336,,,
SEAR,YR,NH,FLU_STH_ASIA,IND,India,2003-09-08,2003,37,2003-09-07,2003,37,NOTDEFINED,22.0,,,0.0,0.0,,,0.0,,,,0.0,,,,,,1.0,1.0,1.0,,4.0,,,,,,,,,,,,,IN,200337,200337,,,
SEAR,YR,NH,FLU_STH_ASIA,IND,India,2003-09-15,2003,38,2003-09-14,2003,38,NOTDEFINED,17.0,,,0.0,0.0,,,0.0,,,,0.0,,,,,,0.0,0.0,,,4.0,,,,,,,,,,,,7549 ARD cases September 2003.,IN,200338,200338,,,
SEAR,YR,NH,FLU_STH_ASIA,IND,India,2003-09-22,2003,39,2003-09-21,2003,39,NOTDEFINED,3.0,,,0.0,0.0,,,0.0,,,,0.0,,,,,,0.0,0.0,,,3.0,,,,,,,,,,,,,IN,200339,200339,,,
SEAR,YR,NH,FLU_STH_ASIA,IND,India,2003-09-29,2003,40,2003-09-28,2003,40,NOTDEFINED,6.0,,,,,,,,,,,,,,,,,,,,,3.0,,,,,,,,,,,,,IN,200340,200340,,,
SEAR,YR,NH,FLU_STH_ASIA,IND,India,2003-10-06,2003,41,2003-10-05,2003,41,NOTDEFINED,7.0,,,,,,,,,,,,,,,,,,,,,3.0,,,,,,,,,,,,,IN,200341,200341,,,
SEAR,YR,NH,FLU_STH_ASIA,IND,India,2003-10-13,2003,42,2003-10-12,2003,42,NOTDEFINED,11.0,,,,,,,,,,,,,,,,,,,,,3.0,,,,,,,,,,,,,IN,200342,200342,,,
SEAR,YR,NH,FLU_STH_ASIA,IND,India,2003-10-20,2003,43,2003-10-19,2003,43,NOTDEFINED,0.0,,,,,,,,,,,,,,,,,,,,,1.0,,,,,,,,,,,,,IN,200343,200343,,,
SEAR,YR,NH,FLU_STH_ASIA,IND,India,2003-10-27,2003,44,2003-10-26,2003,44,NOTDEFINED,14.0,,,,,,,,,,,,,,,,,,,,,3.0,,,,,,,,,,,,,IN,200344,200344,,,
SEAR,YR,NH,FLU_STH_ASIA,IND,India,2003-11-03,2003,45,2003-11-02,2003,45,NOTDEFINED,17.0,,,,,,,,,,,,,,,,,,,,,4.0,,,,,,,,,,,,,IN,200345,200345,,,
SEAR,YR,NH,FLU_STH_ASIA,IND,India,2003-11-10,2003,46,2003-11-09,2003,46,NOTDEFINED,7.0,,,,,,,,,,,,,,,,,,,,,3.0,,,,,,,,,,,,,IN,200346,200346,,,
SEAR,YR,NH,FLU_STH_ASIA,IND,India,2003-11-17,2003,47,2003-11-16,2003,47,NOTDEFINED,4.0,,,,,,,,,,,,,,,,,,,,,3.0,,,,,,,,,,,,,IN,200347,200347,,,
SEAR,YR,NH,FLU_STH_ASIA,IND,India,2003-11-24,2003,48,2003-11-23,2003,48,NOTDEFINED,2.0,,,,,,,,,,,,,,,,,,,,,3.0,,,,,,,,,,,,,IN,200348,200348,,,
SEAR,YR,NH,FLU_STH_ASIA,IND,India,2003-12-01,2003,49,2003-11-30,2003,49,NOTDEFINED,13.0,,,,,,,,,,,,,,,,,,,,,3.0,,,,,,,,,,,,,IN,200349,200349,,,
SEAR,YR,NH,FLU_STH_ASIA,IND,India,2007-12-31,2008,1,2007-12-30,2008,1,NOTDEFINED,65.0,,,0.0,0.0,,,,,,,0.0,,,,,4.0,,4.0,4.0,,3.0,,,,,,,,,,,,,IN,200801,200801,,,
SEAR,YR,NH,FLU_STH_ASIA,IND,India,2008-01-07,2008,2,2008-01-06,2008,2,NOTDEFINED,106.0,,,0.0,1.0,,,,,,,1.0,,,1.0,,,,1.0,2.0,,3.0,,,,,,,,,,,,,IN,200802,200802,,,
SEAR,YR,NH,FLU_STH_ASIA,IND,India,2008-01-14,2008,3,2008-01-13,2008,3,NOTDEFINED,58.0,,,0.0,0.0,,,,,,,0.0,,,0.0,,0.0,0.0,0.0,,,2.0,,,,,,,,,,,,,IN,200803,200803,,,
SEAR,YR,NH,FLU_STH_ASIA,IND,India,2008-01-21,2008,4,2008-01-20,2008,4,NOTDEFINED,109.0,,,0.0,0.0,,,,,,,0.0,,,,,1.0,,1.0,1.0,,3.0,,,,,,,,,,,,,IN,200804,200804,,,
SEAR,YR,NH,FLU_STH_ASIA,IND,India,2008-01-28,2008,5,2008-01-27,2008,5,NOTDEFINED,106.0,,,0.0,0.0,,,,,,,0.0,,,0.0,,0.0,0.0,0.0,,,2.0,,,,,,,,,,,,,IN,200805,200805,,,
SEAR,YR,NH,FLU_STH_ASIA,IND,India,2008-02-04,2008,6,2008-02-03,2008,6,NOTDEFINED,120.0,,,0.0,3.0,,,,,,,3.0,,,1.0,,,,1.0,4.0,,3.0,,,,,,,,,,,,,IN,200806,200806,,,
SEAR,YR,NH,FLU_STH_ASIA,IND,India,2008-02-11,2008,7,2008-02-10,2008,7,NOTDEFINED,96.0,,,1.0,1.0,,,,,,,2.0,,,,,2.0,,2.0,4.0,,3.0,,,,,,,,,,,,,IN,200807,200807,,,
SEAR,YR,NH,FLU_STH_ASIA,IND,India,2008-02-18,2008,8,2008-02-17,2008,8,NOTDEFINED,112.0,,,0.0,1.0,,,,,,,1.0,,,3.0,,2.0,,5.0,6.0,,3.0,,,,,,,,,,,,,IN,200808,200808,,,
SEAR,YR,NH,FLU_STH_ASIA,IND,India,2008-02-25,2008,9,2008-02-24,2008,9,NOTDEFINED,132.0,,,0.0,3.0,,,,,,,3.0,,,0.0,,0.0,0.0,0.0,3.0,,3.0,,,,,,,,,,,,,IN,200809,200809,,,
SEAR,YR,NH,FLU_STH_ASIA,IND,India,2008-03-03,2008,10,2008-03-02,2008,10,NOTDEFINED,102.0,,,0.0,2.0,,,,,,,2.0,,,,,3.0,,3.0,5.0,,3.0,,,,,,,,,,,,,IN,200810,200810,,,
SEAR,YR,NH,FLU_STH_ASIA,IND,India,2008-03-10,2008,11,2008-03-09,2008,11,NOTDEFINED,80.0,,,0.0,4.0,,,,,,,4.0,,,0.0,,0.0,0.0,0.0,4.0,,3.0,,,,,,,,,,,,,IN,200811,200811,,,
SEAR,YR,NH,FLU_STH_ASIA,IND,India,2008-03-17,2008,12,2008-03-16,2008,12,NOTDEFINED,63.0,,,0.0,1.0,,,,,,,1.0,,,0.0,,0.0,0.0,0.0,1.0,,3.0,,,,,,,,,,,,,IN,200812,200812,,,
SEAR,YR,NH,FLU_STH_ASIA,IND,India,2008-03-24,2008,13,2008-03-23,2008,13,NOTDEFINED,65.0,,,1.0,4.0,,,,,,,5.0,,,,,3.0,2.0,5.0,10.0,,3.0,,,,,,,,,,,,,IN,200813,200813,,,
SEAR,YR,NH,FLU_STH_ASIA,IND,India,2008-03-31,2008,14,2008-03-30,2008,14,NOTDEFINED,73.0,,,0.0,3.0,,,,,,,3.0,,,,,7.0,,7.0,10.0,,3.0,,,,,,,,,,,,,IN,200814,200814,,,
SEAR,YR,NH,FLU_STH_ASIA,IND,India,2008-04-07,2008,15,2008-04-06,2008,15,NOTDEFINED,63.0,,,0.0,1.0,,,,,,,1.0,,,,,2.0,,2.0,3.0,,3.0,,,,,,,,,,,,,IN,200815,200815,,,
SEAR,YR,NH,FLU_STH_ASIA,IND,India,2008-04-14,2008,16,2008-04-13,2008,16,NOTDEFINED,41.0,,,1.0,0.0,,,,,,,1.0,,,,,2.0,1.0,3.0,4.0,,3.0,,,,,,,,,,,,,IN,200816,200816,,,
SEAR,YR,NH,FLU_STH_ASIA,IND,India,2008-04-21,2008,17,2008-04-20,2008,17,NOTDEFINED,76.0,,,0.0,0.0,,,,,,,0.0,,,,,3.0,,3.0,3.0,,3.0,,,,,,,,,,,,,IN,200817,200817,,,
SEAR,YR,NH,FLU_STH_ASIA,IND,India,2008-04-28,2008,18,2008-04-27,2008,18,NOTDEFINED,47.0,,,0.0,2.0,,,,,,,2.0,,,0.0,,0.0,0.0,0.0,2.0,,3.0,,,,,,,,,,,,,IN,200818,200818,,,
SEAR,YR,NH,FLU_STH_ASIA,IND,India,2008-05-05,2008,19,2008-05-04,2008,19,NOTDEFINED,68.0,,,0.0,2.0,,,,,,,2.0,,,0.0,,0.0,0.0,0.0,2.0,,3.0,,,,,,,,,,,,,IN,200819,200819,,,
SEAR,YR,NH,FLU_STH_ASIA,IND,India,2008-05-12,2008,20,2008-05-11,2008,20,NOTDEFINED,63.0,,,0.0,1.0,,,,,,,1.0,,,,,,1.0,1.0,2.0,,3.0,,,,,,,,,,,,,IN,200820,200820,,,
SEAR,YR,NH,FLU_STH_ASIA,IND,India,2008-05-19,2008,21,2008-05-18,2008,21,NOTDEFINED,60.0,,,1.0,1.0,,,,,,,2.0,,,,,,1.0,1.0,3.0,,3.0,,,,,,,,,,,,,IN,200821,200821,,,
SEAR,YR,NH,FLU_STH_ASIA,IND,India,2008-05-26,2008,22,2008-05-25,2008,22,NOTDEFINED,95.0,,,0.0,0.0,,,,,,,0.0,,,,,,2.0,2.0,2.0,,3.0,,,,,,,,,,,,,IN,200822,200822,,,
SEAR,YR,NH,FLU_STH_ASIA,IND,India,2008-06-02,2008,23,2008-06-01,2008,23,NOTDEFINED,81.0,,,0.0,1.0,,,,,,,1.0,,,0.0,,0.0,0.0,0.0,1.0,,2.0,,,,,,,,,,,,,IN,200823,200823,,,
SEAR,YR,NH,FLU_STH_ASIA,IND,India,2008-06-09,2008,24,2008-06-08,2008,24,NOTDEFINED,96.0,,,0.0,1.0,,,,,,,1.0,,,0.0,,0.0,0.0,0.0,1.0,,2.0,,,,,,,,,,,,,IN,200824,200824,,,
SEAR,YR,NH,FLU_STH_ASIA,IND,India,2008-06-16,2008,25,2008-06-15,2008,25,NOTDEFINED,103.0,,,0.0,0.0,,,,,,,0.0,,,,,,1.0,1.0,1.0,,3.0,,,,,,,,,,,,,IN,200825,200825,,,
SEAR,YR,NH,FLU_STH_ASIA,IND,India,2008-06-23,2008,26,2008-06-22,2008,26,NOTDEFINED,118.0,,,0.0,0.0,,,,,,,0.0,,,,,,3.0,3.0,3.0,,3.0,,,,,,,,,,,,,IN,200826,200826,,,
SEAR,YR,NH,FLU_STH_ASIA,IND,India,2008-06-30,2008,27,2008-06-29,2008,27,NOTDEFINED,139.0,,,,3.0,,,,,,,3.0,,,,,,0.0,0.0,3.0,,3.0,,,,,,,,,,,,,IN,200827,200827,,,
SEAR,YR,NH,FLU_STH_ASIA,IND,India,2008-07-07,2008,28,2008-07-06,2008,28,NOTDEFINED,161.0,,,,2.0,,,,,,,2.0,,,,,,0.0,0.0,2.0,,3.0,,,,,,,,,,,,,IN,200828,200828,,,
SEAR,YR,NH,FLU_STH_ASIA,IND,India,2008-07-14,2008,29,2008-07-13,2008,29,NOTDEFINED,155.0,,,0.0,3.0,,,,,,,3.0,,,2.0,,2.0,,4.0,7.0,,3.0,,,,,,,,,,,,,IN,200829,200829,,,
SEAR,YR,NH,FLU_STH_ASIA,IND,India,2008-07-21,2008,30,2008-07-20,2008,30,NOTDEFINED,149.0,,,0.0,,,,,,,,0.0,,,1.0,,,,1.0,1.0,,3.0,,,,,,,,,,,,,IN,200830,200830,,,
SEAR,YR,NH,FLU_STH_ASIA,IND,India,2008-07-28,2008,31,2008-07-27,2008,31,NOTDEFINED,108.0,,,0.0,,,,,,,,0.0,,,,,,0.0,0.0,,,2.0,,,,,,,,,,,,,IN,200831,200831,,,
SEAR,YR,NH,FLU_STH_ASIA,IND,India,2008-08-04,2008,32,2008-08-03,2008,32,NOTDEFINED,117.0,,,0.0,,,,,,,,0.0,,,4.0,,,,4.0,4.0,,3.0,,,,,,,,,,,,,IN,200832,200832,,,
SEAR,YR,NH,FLU_STH_ASIA,IND,India,2008-08-11,2008,33,2008-08-10,2008,33,NOTDEFINED,79.0,,,0.0,,,,,,,,0.0,,,5.0,,,,5.0,5.0,,3.0,,,,,,,,,,,,,IN,200833,200833,,,
SEAR,YR,NH,FLU_STH_ASIA,IND,India,2008-08-18,2008,34,2008-08-17,2008,34,NOTDEFINED,86.0,,,0.0,,,,,,,,0.0,,,,,,0.0,0.0,,,2.0,,,,,,,,,,,,,IN,200834,200834,,,
SEAR,YR,NH,FLU_STH_ASIA,IND,India,2008-08-25,2008,35,2008-08-24,2008,35,NOTDEFINED,121.0,,,0.0,,,,,,,,0.0,,,,,,0.0,0.0,,,1.0,,,,,,,,,,,,,IN,200835,200835,,,
SEAR,YR,NH,FLU_STH_ASIA,IND,India,2008-09-01,2008,36,2008-08-31,2008,36,NOTDEFINED,103.0,,,0.0,,,,,,,,0.0,,,,,,0.0,0.0,,,2.0,,,,,,,,,,,,,IN,200836,200836,,,
SEAR,YR,NH,FLU_STH_ASIA,IND,India,2008-09-08,2008,37,2008-09-07,2008,37,NOTDEFINED,52.0,,,0.0,,,,,,,,0.0,,,,,,0.0,0.0,,,1.0,,,,,,,,,,,,,IN,200837,200837,,,
SEAR,YR,NH,FLU_STH_ASIA,IND,India,2008-09-15,2008,38,2008-09-14,2008,38,NOTDEFINED,59.0,,,0.0,,,,,,,,0.0,,,,,,0.0,0.0,,,1.0,,,,,,,,,,,,,IN,200838,200838,,,
SEAR,YR,NH,FLU_STH_ASIA,IND,India,2008-09-22,2008,39,2008-09-21,2008,39,NOTDEFINED,77.0,,,0.0,,,,,,,,0.0,,,,,,0.0,0.0,,,1.0,,,,,,,,,,,,,IN,200839,200839,,,
SEAR,YR,NH,FLU_STH_ASIA,IND,India,2008-09-29,2008,40,2008-09-28,2008,40,NOTDEFINED,27.0,,,0.0,,,,,,,,0.0,,,,,,0.0,0.0,,,1.0,,,,,,,,,,,,,IN,200840,200840,,,
SEAR,YR,NH,FLU_STH_ASIA,IND,India,2008-10-06,2008,41,2008-10-05,2008,41,NOTDEFINED,23.0,,,0.0,,,,,,,,0.0,,,,,,0.0,0.0,,,1.0,,,,,,,,,,,,,IN,200841,200841,,,
SEAR,YR,NH,FLU_STH_ASIA,IND,India,2008-10-13,2008,42,2008-10-12,2008,42,NOTDEFINED,30.0,,,0.0,,,,,,,,0.0,,,,,,0.0,0.0,,,1.0,,,,,,,,,,,,,IN,200842,200842,,,
SEAR,YR,NH,FLU_STH_ASIA,IND,India,2008-10-20,2008,43,2008-10-19,2008,43,NOTDEFINED,5.0,,,0.0,,,,,,,,0.0,,,,,,0.0,0.0,,,1.0,,,,,,,,,,,,,IN,200843,200843,,,
SEAR,YR,NH,FLU_STH_ASIA,IND,India,2008-10-27,2008,44,2008-10-26,2008,44,NOTDEFINED,10.0,,,0.0,,,,,,,,0.0,,,,,,0.0,0.0,,,1.0,,,,,,,,,,,,,IN,200844,200844,,,
SEAR,YR,NH,FLU_STH_ASIA,IND,India,2008-11-03,2008,45,2008-11-02,2008,45,NOTDEFINED,30.0,,,0.0,,,,,,,,0.0,,,,,,0.0,0.0,,,1.0,,,,,,,,,,,,,IN,200845,200845,,,
SEAR,YR,NH,FLU_STH_ASIA,IND,India,2008-12-29,2009,1,2008-12-28,2009,1,NOTDEFINED,76.0,,,0.0,,,,,,,,0.0,,,,,,0.0,0.0,,,1.0,,,,,,,,,,,,,IN,200901,200901,,,
SEAR,YR,NH,FLU_STH_ASIA,IND,India,2009-01-05,2009,2,2009-01-04,2009,2,NOTDEFINED,57.0,,,,,,,,,,,,,,,,0.0,0.0,0.0,,,1.0,,,,,,,,,,,,,IN,200902,200902,,,
SEAR,YR,NH,FLU_STH_ASIA,IND,India,2009-01-12,2009,3,2009-01-11,2009,3,NOTDEFINED,53.0,,,,,,,,,,,,,,,,0.0,0.0,0.0,,,1.0,,,,,,,,,,,,,IN,200903,200903,,,
SEAR,YR,NH,FLU_STH_ASIA,IND,India,2009-01-19,2009,4,2009-01-18,2009,4,NOTDEFINED,69.0,,,,,,,,,,,,,,,,0.0,0.0,0.0,,,1.0,,,,,,,,,,,,,IN,200904,200904,,,
SEAR,YR,NH,FLU_STH_ASIA,IND,India,2009-01-26,2009,5,2009-01-25,2009,5,NOTDEFINED,64.0,,,,,,,,,,,,,,,,0.0,0.0,0.0,,,1.0,,,,,,,,,,,,,IN,200905,200905,,,
SEAR,YR,NH,FLU_STH_ASIA,IND,India,2009-02-02,2009,6,2009-02-01,2009,6,NOTDEFINED,74.0,,,,,,,,,,,,,,,,0.0,0.0,0.0,,,1.0,,,,,,,,,,,,,IN,200906,200906,,,
SEAR,YR,NH,FLU_STH_ASIA,IND,India,2009-02-09,2009,7,2009-02-08,2009,7,NOTDEFINED,62.0,,,,,,,,,,,,,,,,0.0,0.0,0.0,,,1.0,,,,,,,,,,,,,IN,200907,200907,,,
SEAR,YR,NH,FLU_STH_ASIA,IND,India,2009-02-16,2009,8,2009-02-15,2009,8,NOTDEFINED,68.0,,,,,,,,,,,,,,,,0.0,0.0,0.0,,,1.0,,,,,,,,,,,,,IN,200908,200908,,,
SEAR,YR,NH,FLU_STH_ASIA,IND,India,2009-02-23,2009,9,2009-02-22,2009,9,NOTDEFINED,51.0,,,1.0,,,,,,,,1.0,,,,,,0.0,0.0,1.0,,3.0,,,,,,,,,,,,,IN,200909,200909,,,
SEAR,YR,NH,FLU_STH_ASIA,IND,India,2009-03-02,2009,10,2009-03-01,2009,10,NOTDEFINED,67.0,,,1.0,,,,,,,,1.0,,,,,,0.0,0.0,1.0,,3.0,,,,,,,,,,,,,IN,200910,200910,,,
SEAR,YR,NH,FLU_STH_ASIA,IND,India,2009-03-09,2009,11,2009-03-08,2009,11,NOTDEFINED,37.0,,,,,,,,,,,,,,,,0.0,0.0,0.0,,,1.0,,,,,,,,,,,,,IN,200911,200911,,,
SEAR,YR,NH,FLU_STH_ASIA,IND,India,2009-03-16,2009,12,2009-03-15,2009,12,NOTDEFINED,13.0,,,,,,,,,,,,,,,,0.0,0.0,0.0,,,1.0,,,,,,,,,,,,,IN,200912,200912,,,
SEAR,YR,NH,FLU_STH_ASIA,IND,India,2009-03-23,2009,13,2009-03-22,2009,13,NOTDEFINED,14.0,,,,,,,,,,,,,,,,0.0,0.0,0.0,,,1.0,,,,,,,,,,,,,IN,200913,200913,,,
SEAR,YR,NH,FLU_STH_ASIA,IND,India,2009-06-15,2009,25,2009-06-14,2009,25,NOTDEFINED,174.0,186.0,13.0,2.0,10.0,0.0,,0.0,,0.0,,25.0,,,0.0,,0.0,0.0,0.0,25.0,,3.0,,,,,,,,,,,,,IN,200925,200925,,,
SEAR,YR,NH,FLU_STH_ASIA,IND,India,2009-06-22,2009,26,2009-06-21,2009,26,NOTDEFINED,150.0,189.0,9.0,0.0,17.0,0.0,,0.0,,0.0,,26.0,,,0.0,,0.0,0.0,0.0,26.0,,3.0,,,,,,,,,,,,,IN,200926,200926,,,
SEAR,YR,NH,FLU_STH_ASIA,IND,India,2009-06-29,2009,27,2009-06-28,2009,27,NOTDEFINED,181.0,229.0,18.0,3.0,14.0,0.0,,0.0,,0.0,,35.0,,,0.0,,0.0,0.0,0.0,35.0,,3.0,,,,,,,,,,,,,IN,200927,200927,,,
SEAR,YR,NH,FLU_STH_ASIA,IND,India,2009-07-06,2009,28,2009-07-05,2009,28,NOTDEFINED,153.0,166.0,23.0,3.0,11.0,0.0,,0.0,,0.0,,37.0,,,0.0,,0.0,0.0,0.0,37.0,,5.0,,,,,,,,,,,,,IN,200928,200928,,,
SEAR,YR,NH,FLU_STH_ASIA,IND,India,2009-07-13,2009,29,2009-07-12,2009,29,NOTDEFINED,204.0,217.0,27.0,0.0,17.0,0.0,,0.0,,0.0,,44.0,,,0.0,,0.0,0.0,0.0,44.0,,5.0,,,,,,,,,,,,,IN,200929,200929,,,
SEAR,YR,NH,FLU_STH_ASIA,IND,India,2009-07-20,2009,30,2009-07-19,2009,30,NOTDEFINED,226.0,240.0,45.0,4.0,21.0,0.0,,0.0,,0.0,,70.0,,,0.0,,0.0,0.0,0.0,70.0,,5.0,,,,,,,,,,,,,IN,200930,200930,,,
SEAR,YR,NH,FLU_STH_ASIA,IND,India,2009-07-27,2009,31,2009-07-26,2009,31,NOTDEFINED,284.0,307.0,67.0,2.0,19.0,0.0,,0.0,,0.0,,88.0,,,0.0,,0.0,0.0,0.0,88.0,,5.0,,,,,,,,,,,,,IN,200931,200931,,,
SEAR,YR,NH,FLU_STH_ASIA,IND,India,2009-08-03,2009,32,2009-08-02,2009,32,NOTDEFINED,784.0,970.0,209.0,8.0,71.0,0.0,,0.0,,0.0,,288.0,,,0.0,,0.0,0.0,0.0,288.0,,5.0,,,,,,,,,,,,,IN,200932,200932,,,
SEAR,YR,NH,FLU_STH_ASIA,IND,India,2009-08-10,2009,33,2009-08-09,2009,33,NOTDEFINED,2540.0,2904.0,713.0,41.0,151.0,0.0,,0.0,,0.0,,905.0,,,0.0,,0.0,0.0,0.0,905.0,,5.0,,,,,,,,,,,,,IN,200933,200933,,,
SEAR,YR,NH,FLU_STH_ASIA,IND,India,2009-08-17,2009,34,2009-08-16,2009,34,NOTDEFINED,1441.0,1571.0,292.0,33.0,123.0,0.0,,0.0,,0.0,,448.0,,,0.0,,0.0,0.0,0.0,448.0,,5.0,,,,,,,,,,Human Metapneumo Virus (Hmpv)		,,,IN,200934,200934,,,
SEAR,YR,NH,FLU_STH_ASIA,IND,India,2009-08-24,2009,35,2009-08-23,2009,35,NOTDEFINED,1048.0,1127.0,149.0,27.0,68.0,0.0,,0.0,,0.0,,244.0,,,0.0,,0.0,0.0,0.0,244.0,,5.0,,,,,,,,,,,,,IN,200935,200935,,,
SEAR,YR,NH,FLU_STH_ASIA,IND,India,2009-08-31,2009,36,2009-08-30,2009,36,NOTDEFINED,821.0,854.0,113.0,15.0,70.0,0.0,,0.0,,0.0,,198.0,,,0.0,,0.0,0.0,0.0,198.0,,5.0,,,,,,,,,,,,,IN,200936,200936,,,
SEAR,YR,NH,FLU_STH_ASIA,IND,India,2009-09-07,2009,37,2009-09-06,2009,37,NOTDEFINED,810.0,890.0,166.0,18.0,34.0,0.0,,0.0,,0.0,,218.0,,,0.0,,0.0,0.0,0.0,218.0,,5.0,,,,,,,,,,,,,IN,200937,200937,,,
SEAR,YR,NH,FLU_STH_ASIA,IND,India,2009-09-14,2009,38,2009-09-13,2009,38,NOTDEFINED,1176.0,1383.0,279.0,9.0,39.0,0.0,,0.0,,0.0,,327.0,,,0.0,,0.0,1.0,1.0,328.0,,5.0,,,,,,,,,,,,,IN,200938,200938,,,
SEAR,YR,NH,FLU_STH_ASIA,IND,India,2009-09-21,2009,39,2009-09-20,2009,39,NOTDEFINED,1227.0,1336.0,318.0,10.0,18.0,0.0,,0.0,,0.0,,346.0,,,0.0,,0.0,0.0,0.0,346.0,,5.0,,,,,,,,,,,,,IN,200939,200939,,,
SEAR,YR,NH,FLU_STH_ASIA,IND,India,2009-09-28,2009,40,2009-09-27,2009,40,NOTDEFINED,944.0,1004.0,224.0,3.0,14.0,0.0,,0.0,,0.0,,241.0,,,0.0,,0.0,1.0,1.0,242.0,,5.0,,,,,,,,,,,,,IN,200940,200940,,,
SEAR,YR,NH,FLU_STH_ASIA,IND,India,2009-10-05,2009,41,2009-10-04,2009,41,NOTDEFINED,992.0,1004.0,176.0,8.0,19.0,0.0,,0.0,,0.0,,203.0,,,0.0,,0.0,0.0,0.0,203.0,,5.0,,,,,,,,,,Human Metapneumo Virus (Hmpv)		,,,IN,200941,200941,,,
SEAR,YR,NH,FLU_STH_ASIA,IND,India,2009-10-12,2009,42,2009-10-11,2009,42,NOTDEFINED,766.0,783.0,146.0,5.0,14.0,0.0,,0.0,,0.0,,165.0,,,0.0,,0.0,1.0,1.0,166.0,,5.0,,,,,,,,,,,,,IN,200942,200942,,,
SEAR,YR,NH,FLU_STH_ASIA,IND,India,2009-10-19,2009,43,2009-10-18,2009,43,NOTDEFINED,720.0,731.0,105.0,5.0,10.0,0.0,,0.0,,0.0,,120.0,,,0.0,,0.0,0.0,0.0,120.0,,5.0,,,,,,,,,,,,,IN,200943,200943,,,
SEAR,YR,NH,FLU_STH_ASIA,IND,India,2009-10-26,2009,44,2009-10-25,2009,44,NOTDEFINED,672.0,688.0,80.0,1.0,4.0,0.0,,0.0,,0.0,,85.0,,,0.0,,0.0,0.0,0.0,85.0,,5.0,,,,,,,,,,,,,IN,200944,200944,,,
SEAR,YR,NH,FLU_STH_ASIA,IND,India,2009-11-02,2009,45,2009-11-01,2009,45,NOTDEFINED,672.0,685.0,85.0,0.0,2.0,0.0,,0.0,,0.0,,87.0,,,0.0,,0.0,0.0,0.0,87.0,,5.0,,,,,,,,,,,,,IN,200945,200945,,,
SEAR,YR,NH,FLU_STH_ASIA,IND,India,2009-11-09,2009,46,2009-11-08,2009,46,NOTDEFINED,483.0,500.0,68.0,1.0,5.0,0.0,,0.0,,0.0,,74.0,,,0.0,,0.0,0.0,0.0,74.0,,5.0,,,,,,,,,,,,,IN,200946,200946,,,
SEAR,YR,NH,FLU_STH_ASIA,IND,India,2009-11-16,2009,47,2009-11-15,2009,47,NOTDEFINED,536.0,572.0,103.0,0.0,0.0,0.0,,0.0,,0.0,,103.0,,,0.0,,0.0,0.0,0.0,103.0,,5.0,,,,,,,,,,,,,IN,200947,200947,,,
SEAR,YR,NH,FLU_STH_ASIA,IND,India,2009-11-23,2009,48,2009-11-22,2009,48,NOTDEFINED,435.0,495.0,122.0,0.0,0.0,0.0,,0.0,,0.0,,122.0,,,0.0,,0.0,0.0,0.0,122.0,,5.0,,,,,,,,,,,,,IN,200948,200948,,,
SEAR,YR,NH,FLU_STH_ASIA,IND,India,2009-11-30,2009,49,2009-11-29,2009,49,NOTDEFINED,498.0,522.0,120.0,0.0,0.0,0.0,,0.0,,0.0,,120.0,,,0.0,,0.0,0.0,0.0,120.0,,5.0,,,,,,,,,,,,,IN,200949,200949,,,
SEAR,YR,NH,FLU_STH_ASIA,IND,India,2009-12-07,2009,50,2009-12-06,2009,50,NOTDEFINED,638.0,649.0,136.0,0.0,0.0,0.0,,0.0,,0.0,,136.0,,,0.0,,0.0,0.0,0.0,136.0,,5.0,,,,,,,,,,,,,IN,200950,200950,,,
SEAR,YR,NH,FLU_STH_ASIA,IND,India,2009-12-14,2009,51,2009-12-13,2009,51,NOTDEFINED,595.0,607.0,146.0,0.0,0.0,0.0,,0.0,,0.0,,146.0,,,0.0,,0.0,0.0,0.0,146.0,,5.0,,,,,,,,,,,,,IN,200951,200951,,,
SEAR,YR,NH,FLU_STH_ASIA,IND,India,2009-12-21,2009,52,2009-12-20,2009,52,NOTDEFINED,548.0,612.0,126.0,0.0,0.0,0.0,,0.0,,0.0,,126.0,,,0.0,,0.0,0.0,0.0,126.0,,5.0,,,,,,,,,,,,,IN,200952,200952,,,
SEAR,YR,NH,FLU_STH_ASIA,IND,India,2010-01-04,2010,1,2010-01-03,2010,1,NOTDEFINED,623.0,624.0,118.0,0.0,0.0,0.0,,0.0,,0.0,,118.0,,,0.0,,0.0,2.0,2.0,120.0,,6.0,,,,,,,,,,0,,,IN,201001,201001,,,
SEAR,YR,NH,FLU_STH_ASIA,IND,India,2010-01-11,2010,2,2010-01-10,2010,2,NOTDEFINED,620.0,626.0,121.0,2.0,1.0,0.0,,0.0,,0.0,,124.0,,,0.0,,0.0,4.0,4.0,128.0,,6.0,,,,,,,,,,,,,IN,201002,201002,,,
SEAR,YR,NH,FLU_STH_ASIA,IND,India,2010-01-18,2010,3,2010-01-17,2010,3,NOTDEFINED,622.0,629.0,125.0,0.0,0.0,0.0,,0.0,,0.0,,125.0,,,0.0,,0.0,9.0,9.0,134.0,,6.0,,,,,,,,,,,,,IN,201003,201003,,,
SEAR,YR,NH,FLU_STH_ASIA,IND,India,2010-01-25,2010,4,2010-01-24,2010,4,NOTDEFINED,545.0,551.0,104.0,0.0,1.0,0.0,,0.0,,0.0,,105.0,,,0.0,,0.0,3.0,3.0,108.0,,6.0,,,,,,,,,,,,,IN,201004,201004,,,
SEAR,YR,NH,FLU_STH_ASIA,IND,India,2010-02-01,2010,5,2010-01-31,2010,5,NOTDEFINED,627.0,629.0,128.0,0.0,0.0,0.0,,0.0,,0.0,,128.0,,,0.0,,0.0,3.0,3.0,131.0,,6.0,,,,,,,,,,,,,IN,201005,201005,,,
SEAR,YR,NH,FLU_STH_ASIA,IND,India,2010-02-08,2010,6,2010-02-07,2010,6,NOTDEFINED,638.0,643.0,122.0,0.0,0.0,0.0,,0.0,,0.0,,122.0,,,0.0,,0.0,5.0,5.0,127.0,,6.0,,,,,,,,,,,,,IN,201006,201006,,,
SEAR,YR,NH,FLU_STH_ASIA,IND,India,2010-02-15,2010,7,2010-02-14,2010,7,NOTDEFINED,590.0,606.0,106.0,0.0,0.0,0.0,,0.0,,0.0,,106.0,,,0.0,,0.0,6.0,6.0,112.0,,6.0,,,,,,,,,,,,,IN,201007,201007,,,
SEAR,YR,NH,FLU_STH_ASIA,IND,India,2010-02-22,2010,8,2010-02-21,2010,8,NOTDEFINED,593.0,604.0,101.0,0.0,0.0,0.0,,0.0,,0.0,,101.0,,,0.0,,0.0,4.0,4.0,105.0,,6.0,,,,,,,,,,,,,IN,201008,201008,,,
SEAR,YR,NH,FLU_STH_ASIA,IND,India,2010-03-01,2010,9,2010-02-28,2010,9,NOTDEFINED,533.0,534.0,108.0,0.0,0.0,0.0,,0.0,,0.0,,108.0,,,0.0,,0.0,2.0,2.0,110.0,,6.0,,,,,,,,,,,,,IN,201009,201009,,,
SEAR,YR,NH,FLU_STH_ASIA,IND,India,2010-03-08,2010,10,2010-03-07,2010,10,NOTDEFINED,402.0,402.0,90.0,0.0,0.0,0.0,,0.0,,0.0,,90.0,,,1.0,,0.0,4.0,5.0,95.0,,6.0,,,,,,,,,,,,,IN,201010,201010,,,
SEAR,YR,NH,FLU_STH_ASIA,IND,India,2010-03-15,2010,11,2010-03-14,2010,11,NOTDEFINED,408.0,408.0,74.0,0.0,0.0,0.0,,0.0,,0.0,,74.0,,,0.0,,0.0,2.0,2.0,76.0,,6.0,,,,,,,,,,,,,IN,201011,201011,,,
SEAR,YR,NH,FLU_STH_ASIA,IND,India,2010-03-22,2010,12,2010-03-21,2010,12,NOTDEFINED,419.0,420.0,65.0,0.0,0.0,0.0,,0.0,,0.0,,65.0,,,3.0,,0.0,4.0,7.0,72.0,,6.0,,,,,,,,,,,,,IN,201012,201012,,,
SEAR,YR,NH,FLU_STH_ASIA,IND,India,2010-03-29,2010,13,2010-03-28,2010,13,NOTDEFINED,349.0,352.0,60.0,0.0,0.0,0.0,,0.0,,0.0,,60.0,,,2.0,,0.0,4.0,6.0,66.0,,6.0,,,,,,,,,,,,,IN,201013,201013,,,
SEAR,YR,NH,FLU_STH_ASIA,IND,India,2010-04-05,2010,14,2010-04-04,2010,14,NOTDEFINED,439.0,455.0,93.0,0.0,0.0,0.0,,0.0,,0.0,,93.0,,,0.0,,0.0,2.0,2.0,95.0,,6.0,,,,,,,,,,,,,IN,201014,201014,,,
SEAR,YR,NH,FLU_STH_ASIA,IND,India,2010-04-12,2010,15,2010-04-11,2010,15,NOTDEFINED,306.0,323.0,58.0,0.0,0.0,0.0,,0.0,,0.0,,58.0,,,2.0,,0.0,0.0,2.0,60.0,,6.0,,,,,,,,,,,,,IN,201015,201015,,,
SEAR,YR,NH,FLU_STH_ASIA,IND,India,2010-04-19,2010,16,2010-04-18,2010,16,NOTDEFINED,265.0,288.0,28.0,0.0,0.0,0.0,,0.0,,0.0,,28.0,,,0.0,,0.0,7.0,7.0,35.0,,3.0,,,,,,,,,,,,,IN,201016,201016,,,
SEAR,YR,NH,FLU_STH_ASIA,IND,India,2010-04-26,2010,17,2010-04-25,2010,17,NOTDEFINED,220.0,220.0,32.0,0.0,0.0,0.0,,0.0,,0.0,,32.0,,,0.0,,0.0,3.0,3.0,35.0,,3.0,,,,,,,,,,,,,IN,201017,201017,,,
SEAR,YR,NH,FLU_STH_ASIA,IND,India,2010-05-03,2010,18,2010-05-02,2010,18,NOTDEFINED,263.0,264.0,43.0,0.0,0.0,0.0,,0.0,,0.0,,43.0,,,0.0,,0.0,4.0,4.0,47.0,,3.0,,,,,,,,,,,,,IN,201018,201018,,,
SEAR,YR,NH,FLU_STH_ASIA,IND,India,2010-05-10,2010,19,2010-05-09,2010,19,NOTDEFINED,264.0,309.0,29.0,0.0,0.0,0.0,,0.0,,0.0,,29.0,,,0.0,,0.0,10.0,10.0,39.0,,3.0,,,,,,,,,,,,,IN,201019,201019,,,
SEAR,YR,NH,FLU_STH_ASIA,IND,India,2010-05-17,2010,20,2010-05-16,2010,20,NOTDEFINED,197.0,205.0,22.0,0.0,0.0,0.0,,0.0,,0.0,,22.0,,,0.0,,0.0,4.0,4.0,26.0,,3.0,,,,,,,,,,,,,IN,201020,201020,,,
SEAR,YR,NH,FLU_STH_ASIA,IND,India,2010-05-24,2010,21,2010-05-23,2010,21,NOTDEFINED,158.0,160.0,16.0,0.0,0.0,0.0,,0.0,,0.0,,16.0,,,0.0,,0.0,12.0,12.0,28.0,,3.0,,,,,,,,,,,,,IN,201021,201021,,,
SEAR,YR,NH,FLU_STH_ASIA,IND,India,2010-05-31,2010,22,2010-05-30,2010,22,NOTDEFINED,132.0,137.0,14.0,0.0,0.0,0.0,,0.0,,0.0,,14.0,,,0.0,,0.0,24.0,24.0,38.0,,3.0,,,,,,,,,,,,,IN,201022,201022,,,
SEAR,YR,NH,FLU_STH_ASIA,IND,India,2010-06-07,2010,23,2010-06-06,2010,23,NOTDEFINED,180.0,180.0,14.0,0.0,0.0,0.0,,0.0,,0.0,,14.0,,,0.0,,0.0,10.0,10.0,24.0,,3.0,,,,,,,,,,,,,IN,201023,201023,,,
SEAR,YR,NH,FLU_STH_ASIA,IND,India,2010-06-14,2010,24,2010-06-13,2010,24,NOTDEFINED,175.0,175.0,17.0,0.0,0.0,0.0,,0.0,,0.0,,17.0,,,0.0,,0.0,5.0,5.0,22.0,,3.0,,,,,,,,,,,,,IN,201024,201024,,,
SEAR,YR,NH,FLU_STH_ASIA,IND,India,2010-06-21,2010,25,2010-06-20,2010,25,NOTDEFINED,269.0,269.0,35.0,0.0,0.0,0.0,,0.0,,0.0,,35.0,,,0.0,,0.0,10.0,10.0,45.0,,3.0,,,,,,,,,,,,,IN,201025,201025,,,
SEAR,YR,NH,FLU_STH_ASIA,IND,India,2010-06-28,2010,26,2010-06-27,2010,26,NOTDEFINED,375.0,375.0,54.0,0.0,0.0,0.0,,0.0,,0.0,,54.0,,,0.0,,0.0,14.0,14.0,68.0,,3.0,,,,,,,,,,,,,IN,201026,201026,,,
SEAR,YR,NH,FLU_STH_ASIA,IND,India,2010-07-05,2010,27,2010-07-04,2010,27,NOTDEFINED,429.0,432.0,94.0,0.0,0.0,0.0,,0.0,,0.0,,94.0,,,0.0,,0.0,3.0,3.0,97.0,,6.0,,,,,,,,,,,,,IN,201027,201027,,,
SEAR,YR,NH,FLU_STH_ASIA,IND,India,2010-07-12,2010,28,2010-07-11,2010,28,NOTDEFINED,529.0,541.0,104.0,0.0,0.0,0.0,,0.0,,0.0,,104.0,,,0.0,,0.0,7.0,7.0,111.0,,6.0,,,,,,,,,,,,,IN,201028,201028,,,
SEAR,YR,NH,FLU_STH_ASIA,IND,India,2010-07-19,2010,29,2010-07-18,2010,29,NOTDEFINED,698.0,698.0,232.0,0.0,0.0,0.0,,0.0,,0.0,,232.0,,,0.0,,0.0,0.0,0.0,232.0,,6.0,,,,,,,,,,,,,IN,201029,201029,,,
SEAR,YR,NH,FLU_STH_ASIA,IND,India,2010-07-26,2010,30,2010-07-25,2010,30,NOTDEFINED,935.0,946.0,310.0,0.0,1.0,0.0,,0.0,,0.0,,311.0,,,0.0,,0.0,6.0,6.0,317.0,,6.0,,,,,,,,,,,,,IN,201030,201030,,,
SEAR,YR,NH,FLU_STH_ASIA,IND,India,2010-08-02,2010,31,2010-08-01,2010,31,NOTDEFINED,1310.0,1310.0,428.0,0.0,5.0,0.0,,0.0,,0.0,,433.0,,,0.0,,0.0,3.0,3.0,436.0,,6.0,,,,,,,,,,,,,IN,201031,201031,,,
SEAR,YR,NH,FLU_STH_ASIA,IND,India,2010-08-09,2010,32,2010-08-08,2010,32,NOTDEFINED,1422.0,1423.0,491.0,0.0,13.0,0.0,,0.0,,0.0,,504.0,,,0.0,,0.0,9.0,9.0,513.0,,6.0,,,,,,,,,,,,,IN,201032,201032,,,
SEAR,YR,NH,FLU_STH_ASIA,IND,India,2010-08-16,2010,33,2010-08-15,2010,33,NOTDEFINED,1497.0,1497.0,422.0,0.0,22.0,0.0,,0.0,,0.0,,444.0,,,0.0,,0.0,9.0,9.0,453.0,,6.0,,,,,,,,,,,,,IN,201033,201033,,,
SEAR,YR,NH,FLU_STH_ASIA,IND,India,2010-08-23,2010,34,2010-08-22,2010,34,NOTDEFINED,1414.0,1414.0,389.0,0.0,25.0,0.0,,0.0,,0.0,,414.0,,,0.0,,0.0,11.0,11.0,425.0,,6.0,,,,,,,,,,,,,IN,201034,201034,,,
SEAR,YR,NH,FLU_STH_ASIA,IND,India,2010-08-30,2010,35,2010-08-29,2010,35,NOTDEFINED,1297.0,1297.0,286.0,0.0,20.0,0.0,,0.0,,0.0,,306.0,,,0.0,,0.0,4.0,4.0,310.0,,6.0,,,,,,,,,,,,,IN,201035,201035,,,
SEAR,YR,NH,FLU_STH_ASIA,IND,India,2010-09-06,2010,36,2010-09-05,2010,36,NOTDEFINED,1033.0,1033.0,204.0,0.0,3.0,0.0,,0.0,,0.0,,207.0,,,0.0,,0.0,11.0,11.0,218.0,,6.0,,,,,,,,,,,,,IN,201036,201036,,,
SEAR,YR,NH,FLU_STH_ASIA,IND,India,2010-09-13,2010,37,2010-09-12,2010,37,NOTDEFINED,1015.0,1015.0,161.0,0.0,1.0,0.0,,0.0,,0.0,,162.0,,,0.0,,0.0,3.0,3.0,165.0,,6.0,,,,,,,,,,,,,IN,201037,201037,,,
SEAR,YR,NH,FLU_STH_ASIA,IND,India,2010-09-20,2010,38,2010-09-19,2010,38,NOTDEFINED,827.0,827.0,91.0,0.0,0.0,0.0,,0.0,,0.0,,91.0,,,0.0,,0.0,2.0,2.0,93.0,,3.0,,,,,,,,,,,,,IN,201038,201038,,,
SEAR,YR,NH,FLU_STH_ASIA,IND,India,2010-09-27,2010,39,2010-09-26,2010,39,NOTDEFINED,634.0,674.0,49.0,0.0,0.0,0.0,,0.0,,0.0,,49.0,,,0.0,,0.0,4.0,4.0,53.0,,3.0,,,,,,,,,,,,,IN,201039,201039,,,
SEAR,YR,NH,FLU_STH_ASIA,IND,India,2010-10-04,2010,40,2010-10-03,2010,40,NOTDEFINED,420.0,467.0,15.0,0.0,0.0,0.0,,0.0,,0.0,,15.0,,,0.0,,0.0,0.0,0.0,15.0,,3.0,,,,,,,,,,,,,IN,201040,201040,,,
SEAR,YR,NH,FLU_STH_ASIA,IND,India,2010-10-11,2010,41,2010-10-10,2010,41,NOTDEFINED,358.0,398.0,10.0,0.0,0.0,0.0,,0.0,,0.0,,10.0,,,0.0,,0.0,1.0,1.0,11.0,,3.0,,,,,,,,,,,,,IN,201041,201041,,,
SEAR,YR,NH,FLU_STH_ASIA,IND,India,2010-10-18,2010,42,2010-10-17,2010,42,NOTDEFINED,245.0,303.0,0.0,0.0,0.0,0.0,,0.0,,0.0,,0.0,,,0.0,,0.0,3.0,3.0,3.0,,3.0,,,,,,,,,,,,,IN,201042,201042,,,
SEAR,YR,NH,FLU_STH_ASIA,IND,India,2010-10-25,2010,43,2010-10-24,2010,43,NOTDEFINED,192.0,243.0,8.0,0.0,0.0,0.0,,0.0,,0.0,,8.0,,,0.0,,0.0,5.0,5.0,13.0,,3.0,,,,,,,,,,,,,IN,201043,201043,,,
SEAR,YR,NH,FLU_STH_ASIA,IND,India,2010-11-01,2010,44,2010-10-31,2010,44,NOTDEFINED,163.0,208.0,3.0,0.0,0.0,0.0,,0.0,,0.0,,3.0,,,0.0,,0.0,2.0,2.0,5.0,,3.0,,,,,,,,,,,,,IN,201044,201044,,,
SEAR,YR,NH,FLU_STH_ASIA,IND,India,2010-11-08,2010,45,2010-11-07,2010,45,NOTDEFINED,127.0,176.0,0.0,0.0,0.0,0.0,,0.0,,0.0,,0.0,,,0.0,,0.0,0.0,0.0,,,2.0,,,,,,,,,,,,,IN,201045,201045,,,
SEAR,YR,NH,FLU_STH_ASIA,IND,India,2010-11-15,2010,46,2010-11-14,2010,46,NOTDEFINED,117.0,163.0,0.0,0.0,0.0,0.0,,0.0,,0.0,,0.0,,,0.0,,0.0,1.0,1.0,1.0,,3.0,,,,,,,,,,,,,IN,201046,201046,,,
SEAR,YR,NH,FLU_STH_ASIA,IND,India,2010-11-22,2010,47,2010-11-21,2010,47,NOTDEFINED,108.0,149.0,0.0,0.0,0.0,0.0,,0.0,,0.0,,0.0,,,0.0,,0.0,1.0,1.0,1.0,,3.0,,,,,,,,,,,,,IN,201047,201047,,,
SEAR,YR,NH,FLU_STH_ASIA,IND,India,2010-11-29,2010,48,2010-11-28,2010,48,NOTDEFINED,101.0,162.0,0.0,0.0,0.0,0.0,,0.0,,0.0,,0.0,,,0.0,,0.0,3.0,3.0,3.0,,3.0,,,,,,,,,,,,,IN,201048,201048,,,
SEAR,YR,NH,FLU_STH_ASIA,IND,India,2010-12-06,2010,49,2010-12-05,2010,49,NOTDEFINED,86.0,129.0,0.0,0.0,0.0,0.0,,0.0,,0.0,,0.0,,,0.0,,0.0,1.0,1.0,1.0,,3.0,,,,,,,,,,,,,IN,201049,201049,,,
SEAR,YR,NH,FLU_STH_ASIA,IND,India,2010-12-13,2010,50,2010-12-12,2010,50,NOTDEFINED,9.0,46.0,0.0,0.0,0.0,0.0,,0.0,,0.0,,0.0,,,0.0,,0.0,0.0,0.0,,,1.0,,,,,,,,,,,,,IN,201050,201050,,,
SEAR,YR,NH,FLU_STH_ASIA,IND,India,2011-01-03,2011,1,2011-01-02,2011,1,NOTDEFINED,201.0,201.0,5.0,0.0,0.0,0.0,,0.0,,0.0,,5.0,,,0.0,,0.0,1.0,1.0,6.0,,3.0,,,,,,,,,,,,,IN,201101,201101,,,
SEAR,YR,NH,FLU_STH_ASIA,IND,India,2011-01-10,2011,2,2011-01-09,2011,2,NOTDEFINED,165.0,165.0,5.0,0.0,0.0,0.0,,0.0,,0.0,,5.0,,,0.0,,0.0,2.0,2.0,7.0,,3.0,,,,,,,,,,,,,IN,201102,201102,,,
SEAR,YR,NH,FLU_STH_ASIA,IND,India,2011-01-17,2011,3,2011-01-16,2011,3,NOTDEFINED,238.0,238.0,14.0,0.0,6.0,0.0,,0.0,,0.0,,20.0,,,0.0,,0.0,0.0,0.0,20.0,,3.0,,,,,,,,,,,,,IN,201103,201103,,,
SEAR,YR,NH,FLU_STH_ASIA,IND,India,2011-01-24,2011,4,2011-01-23,2011,4,NOTDEFINED,216.0,216.0,10.0,0.0,0.0,0.0,,0.0,,0.0,,10.0,,,0.0,,0.0,9.0,9.0,19.0,,3.0,,,,,,,,,,,,,IN,201104,201104,,,
SEAR,YR,NH,FLU_STH_ASIA,IND,India,2011-01-31,2011,5,2011-01-30,2011,5,NOTDEFINED,205.0,205.0,13.0,0.0,2.0,0.0,,0.0,,0.0,,15.0,,,0.0,,0.0,4.0,4.0,19.0,,3.0,,,,,,,,,,,,,IN,201105,201105,,,
SEAR,YR,NH,FLU_STH_ASIA,IND,India,2011-02-07,2011,6,2011-02-06,2011,6,NOTDEFINED,143.0,143.0,7.0,0.0,0.0,0.0,,0.0,,0.0,,7.0,,,0.0,,0.0,1.0,1.0,8.0,,3.0,,,,,,,,,,,,,IN,201106,201106,,,
SEAR,YR,NH,FLU_STH_ASIA,IND,India,2011-02-14,2011,7,2011-02-13,2011,7,NOTDEFINED,137.0,137.0,20.0,0.0,0.0,0.0,,0.0,,0.0,,20.0,,,0.0,,0.0,2.0,2.0,22.0,,3.0,,,,,,,,,,,,,IN,201107,201107,,,
SEAR,YR,NH,FLU_STH_ASIA,IND,India,2011-02-21,2011,8,2011-02-20,2011,8,NOTDEFINED,219.0,219.0,9.0,0.0,2.0,0.0,,0.0,,0.0,,11.0,,,0.0,,0.0,4.0,4.0,15.0,,3.0,,,,,,,,,,,,,IN,201108,201108,,,
SEAR,YR,NH,FLU_STH_ASIA,IND,India,2011-02-28,2011,9,2011-02-27,2011,9,NOTDEFINED,148.0,148.0,8.0,0.0,1.0,0.0,,0.0,,0.0,,9.0,,,0.0,,0.0,3.0,3.0,12.0,,3.0,,,,,,,,,,,,,IN,201109,201109,,,
SEAR,YR,NH,FLU_STH_ASIA,IND,India,2011-03-07,2011,10,2011-03-06,2011,10,NOTDEFINED,157.0,157.0,8.0,0.0,0.0,0.0,,0.0,,0.0,,8.0,,,0.0,,0.0,3.0,3.0,11.0,,3.0,,,,,,,,,,,,,IN,201110,201110,,,
SEAR,YR,NH,FLU_STH_ASIA,IND,India,2011-03-14,2011,11,2011-03-13,2011,11,NOTDEFINED,176.0,176.0,8.0,0.0,1.0,0.0,,0.0,,0.0,,9.0,,,0.0,,0.0,4.0,4.0,13.0,,3.0,,,,,,,,,,,,,IN,201111,201111,,,
SEAR,YR,NH,FLU_STH_ASIA,IND,India,2011-03-21,2011,12,2011-03-20,2011,12,NOTDEFINED,135.0,140.0,1.0,0.0,0.0,0.0,,0.0,,0.0,,1.0,,,0.0,,0.0,9.0,9.0,10.0,,3.0,,,,,,,,,,,,,IN,201112,201112,,,
SEAR,YR,NH,FLU_STH_ASIA,IND,India,2011-03-28,2011,13,2011-03-27,2011,13,NOTDEFINED,112.0,113.0,0.0,0.0,0.0,0.0,,0.0,,0.0,,0.0,,,0.0,,0.0,6.0,6.0,6.0,,3.0,,,,,,,,,,,,,IN,201113,201113,,,
SEAR,YR,NH,FLU_STH_ASIA,IND,India,2011-04-04,2011,14,2011-04-03,2011,14,NOTDEFINED,122.0,122.0,3.0,0.0,0.0,0.0,,0.0,,0.0,,3.0,,,0.0,,0.0,0.0,0.0,3.0,,3.0,,,,,,,,,,,,,IN,201114,201114,,,
SEAR,YR,NH,FLU_STH_ASIA,IND,India,2011-04-11,2011,15,2011-04-10,2011,15,NOTDEFINED,133.0,133.0,1.0,0.0,0.0,0.0,,0.0,,0.0,,1.0,,,0.0,,0.0,5.0,5.0,6.0,,3.0,,,,,,,,,,,,,IN,201115,201115,,,
SEAR,YR,NH,FLU_STH_ASIA,IND,India,2011-04-18,2011,16,2011-04-17,2011,16,NOTDEFINED,117.0,117.0,1.0,0.0,1.0,0.0,,0.0,,0.0,,2.0,,,0.0,,0.0,0.0,0.0,2.0,,3.0,,,,,,,,,,,,,IN,201116,201116,,,
SEAR,YR,NH,FLU_STH_ASIA,IND,India,2011-04-25,2011,17,2011-04-24,2011,17,NOTDEFINED,132.0,132.0,0.0,0.0,0.0,0.0,,0.0,,0.0,,0.0,,,0.0,,0.0,0.0,0.0,,,3.0,,,,,,,,,,,,,IN,201117,201117,,,
SEAR,YR,NH,FLU_STH_ASIA,IND,India,2011-05-02,2011,18,2011-05-01,2011,18,NOTDEFINED,119.0,121.0,0.0,0.0,0.0,0.0,,0.0,,0.0,,0.0,,,0.0,,0.0,2.0,2.0,2.0,,3.0,,,,,,,,,,,,,IN,201118,201118,,,
SEAR,YR,NH,FLU_STH_ASIA,IND,India,2011-05-09,2011,19,2011-05-08,2011,19,NOTDEFINED,135.0,135.0,1.0,0.0,0.0,0.0,,0.0,,0.0,,1.0,,,0.0,,0.0,0.0,0.0,1.0,,3.0,,,,,,,,,,,,,IN,201119,201119,,,
SEAR,YR,NH,FLU_STH_ASIA,IND,India,2011-05-16,2011,20,2011-05-15,2011,20,NOTDEFINED,96.0,96.0,0.0,0.0,1.0,0.0,,0.0,,0.0,,1.0,,,0.0,,0.0,1.0,1.0,2.0,,3.0,,,,,,,,,,,,,IN,201120,201120,,,
SEAR,YR,NH,FLU_STH_ASIA,IND,India,2011-05-23,2011,21,2011-05-22,2011,21,NOTDEFINED,121.0,121.0,5.0,0.0,2.0,0.0,,0.0,,0.0,,7.0,,,0.0,,0.0,0.0,0.0,7.0,,3.0,,,,,,,,,,,,,IN,201121,201121,,,
SEAR,YR,NH,FLU_STH_ASIA,IND,India,2011-05-30,2011,22,2011-05-29,2011,22,NOTDEFINED,122.0,122.0,3.0,0.0,8.0,0.0,,0.0,,0.0,,11.0,,,0.0,,0.0,5.0,5.0,16.0,,3.0,,,,,,,,,,,,,IN,201122,201122,,,
SEAR,YR,NH,FLU_STH_ASIA,IND,India,2011-06-06,2011,23,2011-06-05,2011,23,NOTDEFINED,120.0,120.0,1.0,0.0,20.0,0.0,,0.0,,0.0,,21.0,,,0.0,,0.0,8.0,8.0,29.0,,3.0,,,,,,,,,,,,,IN,201123,201123,,,
SEAR,YR,NH,FLU_STH_ASIA,IND,India,2011-06-13,2011,24,2011-06-12,2011,24,NOTDEFINED,149.0,149.0,0.0,0.0,25.0,0.0,,0.0,,0.0,,25.0,,,0.0,,0.0,0.0,0.0,25.0,,3.0,,,,,,,,,,,,,IN,201124,201124,,,
SEAR,YR,NH,FLU_STH_ASIA,IND,India,2011-06-20,2011,25,2011-06-19,2011,25,NOTDEFINED,199.0,199.0,1.0,0.0,50.0,0.0,,0.0,,0.0,,51.0,,,0.0,,0.0,0.0,0.0,51.0,,3.0,,,,,,,,,,,,,IN,201125,201125,,,
SEAR,YR,NH,FLU_STH_ASIA,IND,India,2011-06-27,2011,26,2011-06-26,2011,26,NOTDEFINED,220.0,221.0,3.0,0.0,48.0,0.0,,0.0,,0.0,,51.0,,,0.0,,0.0,1.0,1.0,52.0,,3.0,,,,,,,,,,,,,IN,201126,201126,,,
SEAR,YR,NH,FLU_STH_ASIA,IND,India,2011-07-04,2011,27,2011-07-03,2011,27,NOTDEFINED,350.0,352.0,63.0,0.0,75.0,0.0,,0.0,,0.0,,138.0,,,0.0,,0.0,0.0,0.0,138.0,,3.0,,,,,,,,,,,,,IN,201127,201127,,,
SEAR,YR,NH,FLU_STH_ASIA,IND,India,2011-07-11,2011,28,2011-07-10,2011,28,NOTDEFINED,242.0,244.0,6.0,0.0,49.0,0.0,,0.0,,0.0,,55.0,,,0.0,,0.0,2.0,2.0,57.0,,3.0,,,,,,,,,,,,,IN,201128,201128,,,
SEAR,YR,NH,FLU_STH_ASIA,IND,India,2011-07-18,2011,29,2011-07-17,2011,29,NOTDEFINED,314.0,315.0,6.0,0.0,59.0,0.0,,0.0,,0.0,,65.0,,,0.0,,0.0,1.0,1.0,66.0,,3.0,,,,,,,,,,,,,IN,201129,201129,,,
SEAR,YR,NH,FLU_STH_ASIA,IND,India,2011-07-25,2011,30,2011-07-24,2011,30,NOTDEFINED,292.0,292.0,3.0,0.0,71.0,0.0,,0.0,,0.0,,74.0,,,0.0,,0.0,3.0,3.0,77.0,,3.0,,,,,,,,,,,,,IN,201130,201130,,,
SEAR,YR,NH,FLU_STH_ASIA,IND,India,2011-08-01,2011,31,2011-07-31,2011,31,NOTDEFINED,274.0,274.0,4.0,0.0,49.0,0.0,,0.0,,0.0,,53.0,,,0.0,,0.0,4.0,4.0,57.0,,3.0,,,,,,,,,,,,,IN,201131,201131,,,
SEAR,YR,NH,FLU_STH_ASIA,IND,India,2011-08-08,2011,32,2011-08-07,2011,32,NOTDEFINED,248.0,248.0,1.0,0.0,31.0,0.0,,0.0,,0.0,,32.0,,,0.0,,0.0,5.0,5.0,37.0,,3.0,,,,,,,,,,,,,IN,201132,201132,,,
SEAR,YR,NH,FLU_STH_ASIA,IND,India,2011-08-15,2011,33,2011-08-14,2011,33,NOTDEFINED,196.0,196.0,6.0,0.0,19.0,0.0,,0.0,,0.0,,25.0,,,0.0,,0.0,5.0,5.0,30.0,,3.0,,,,,,,,,,,,,IN,201133,201133,,,
SEAR,YR,NH,FLU_STH_ASIA,IND,India,2011-08-22,2011,34,2011-08-21,2011,34,NOTDEFINED,205.0,205.0,4.0,0.0,16.0,0.0,,0.0,,0.0,,20.0,,,0.0,,0.0,9.0,9.0,29.0,,3.0,,,,,,,,,,,,,IN,201134,201134,,,
SEAR,YR,NH,FLU_STH_ASIA,IND,India,2011-08-29,2011,35,2011-08-28,2011,35,NOTDEFINED,148.0,148.0,3.0,0.0,9.0,0.0,,0.0,,0.0,,12.0,,,0.0,,0.0,5.0,5.0,17.0,,3.0,,,,,,,,,,,,,IN,201135,201135,,,
SEAR,YR,NH,FLU_STH_ASIA,IND,India,2011-09-05,2011,36,2011-09-04,2011,36,NOTDEFINED,169.0,169.0,1.0,0.0,3.0,0.0,,0.0,,0.0,,4.0,,,0.0,,0.0,6.0,6.0,10.0,,3.0,,,,,,,,,,,,,IN,201136,201136,,,
SEAR,YR,NH,FLU_STH_ASIA,IND,India,2011-09-12,2011,37,2011-09-11,2011,37,NOTDEFINED,211.0,211.0,4.0,0.0,7.0,0.0,,0.0,,0.0,,11.0,,,0.0,,0.0,23.0,23.0,34.0,,3.0,,,,,,,,,,,,,IN,201137,201137,,,
SEAR,YR,NH,FLU_STH_ASIA,IND,India,2011-09-19,2011,38,2011-09-18,2011,38,NOTDEFINED,214.0,214.0,0.0,0.0,4.0,0.0,,0.0,,0.0,,4.0,,,0.0,,0.0,21.0,21.0,25.0,,3.0,,,,,,,,,,,,,IN,201138,201138,,,
SEAR,YR,NH,FLU_STH_ASIA,IND,India,2011-09-26,2011,39,2011-09-25,2011,39,NOTDEFINED,207.0,210.0,0.0,0.0,7.0,0.0,,0.0,,0.0,,7.0,,,0.0,,0.0,20.0,20.0,27.0,,3.0,,,,,,,,,,,,,IN,201139,201139,,,
SEAR,YR,NH,FLU_STH_ASIA,IND,India,2011-10-03,2011,40,2011-10-02,2011,40,NOTDEFINED,134.0,139.0,0.0,0.0,3.0,0.0,,0.0,,0.0,,3.0,,,0.0,,0.0,16.0,16.0,19.0,,3.0,,,,,,,,,,,,,IN,201140,201140,,,
SEAR,YR,NH,FLU_STH_ASIA,IND,India,2011-10-10,2011,41,2011-10-09,2011,41,NOTDEFINED,219.0,223.0,0.0,0.0,1.0,0.0,,0.0,,0.0,,1.0,,,0.0,,0.0,25.0,25.0,26.0,,3.0,,,,,,,,,,,,,IN,201141,201141,,,
SEAR,YR,NH,FLU_STH_ASIA,IND,India,2011-10-17,2011,42,2011-10-16,2011,42,NOTDEFINED,229.0,240.0,1.0,0.0,0.0,0.0,,0.0,,0.0,,1.0,,,0.0,,0.0,34.0,34.0,35.0,,3.0,,,,,,,,,,,,,IN,201142,201142,,,
SEAR,YR,NH,FLU_STH_ASIA,IND,India,2011-10-24,2011,43,2011-10-23,2011,43,NOTDEFINED,149.0,161.0,0.0,0.0,3.0,0.0,,0.0,,0.0,,3.0,,,0.0,,0.0,20.0,20.0,23.0,,3.0,,,,,,,,,,,,,IN,201143,201143,,,
SEAR,YR,NH,FLU_STH_ASIA,IND,India,2011-10-31,2011,44,2011-10-30,2011,44,NOTDEFINED,267.0,274.0,1.0,0.0,6.0,0.0,,0.0,,0.0,,7.0,,,0.0,,0.0,23.0,23.0,30.0,,3.0,,,,,,,,,,,,,IN,201144,201144,,,
SEAR,YR,NH,FLU_STH_ASIA,IND,India,2011-11-07,2011,45,2011-11-06,2011,45,NOTDEFINED,167.0,167.0,0.0,0.0,7.0,0.0,,0.0,,0.0,,7.0,,,0.0,,0.0,21.0,21.0,28.0,,3.0,,,,,,,,,,,,,IN,201145,201145,,,
SEAR,YR,NH,FLU_STH_ASIA,IND,India,2011-11-14,2011,46,2011-11-13,2011,46,NOTDEFINED,277.0,277.0,0.0,0.0,6.0,0.0,,0.0,,0.0,,6.0,,,0.0,,0.0,30.0,30.0,36.0,,3.0,,,,,,,,,,,,,IN,201146,201146,,,
SEAR,YR,NH,FLU_STH_ASIA,IND,India,2011-11-21,2011,47,2011-11-20,2011,47,NOTDEFINED,210.0,282.0,0.0,0.0,6.0,0.0,,0.0,,0.0,,6.0,,,0.0,,0.0,21.0,21.0,27.0,,3.0,,,,,,,,,,,,,IN,201147,201147,,,
SEAR,YR,NH,FLU_STH_ASIA,IND,India,2011-11-28,2011,48,2011-11-27,2011,48,NOTDEFINED,264.0,264.0,0.0,0.0,16.0,0.0,,0.0,,0.0,,16.0,,,0.0,,0.0,13.0,13.0,29.0,,3.0,,,,,,,,,,,,,IN,201148,201148,,,
SEAR,YR,NH,FLU_STH_ASIA,IND,India,2011-12-05,2011,49,2011-12-04,2011,49,NOTDEFINED,208.0,208.0,0.0,0.0,14.0,0.0,,0.0,,0.0,,14.0,,,0.0,,0.0,14.0,14.0,28.0,,3.0,,,,,,,,,,,,,IN,201149,201149,,,
SEAR,YR,NH,FLU_STH_ASIA,IND,India,2011-12-12,2011,50,2011-12-11,2011,50,NOTDEFINED,230.0,230.0,0.0,0.0,20.0,0.0,,0.0,,0.0,,20.0,,,0.0,,0.0,20.0,20.0,40.0,,3.0,,,,,,,,,,,,,IN,201150,201150,,,
SEAR,YR,NH,FLU_STH_ASIA,IND,India,2011-12-19,2011,51,2011-12-18,2011,51,NOTDEFINED,225.0,225.0,0.0,0.0,10.0,0.0,,0.0,,0.0,,10.0,,,0.0,,0.0,22.0,22.0,32.0,,3.0,,,,,,,,,,,,,IN,201151,201151,,,
SEAR,YR,NH,FLU_STH_ASIA,IND,India,2011-12-26,2011,52,2011-12-25,2011,52,NOTDEFINED,147.0,160.0,0.0,0.0,10.0,0.0,,0.0,,0.0,,10.0,,,0.0,,0.0,23.0,23.0,33.0,,3.0,,,,,,,,,,,,,IN,201152,201152,,,
SEAR,YR,NH,FLU_STH_ASIA,IND,India,2012-01-02,2012,1,2012-01-01,2012,1,NOTDEFINED,199.0,199.0,1.0,0.0,11.0,0.0,,0.0,,0.0,,12.0,,,0.0,,0.0,21.0,21.0,33.0,,3.0,,,,,,,,,,,,,IN,201201,201201,,,
SEAR,YR,NH,FLU_STH_ASIA,IND,India,2012-01-09,2012,2,2012-01-08,2012,2,NOTDEFINED,246.0,246.0,0.0,0.0,11.0,0.0,,0.0,,0.0,,11.0,,,1.0,,0.0,14.0,15.0,26.0,,3.0,,,,,,,,,,,,,IN,201202,201202,,,
SEAR,YR,NH,FLU_STH_ASIA,IND,India,2012-01-16,2012,3,2012-01-15,2012,3,NOTDEFINED,239.0,239.0,2.0,0.0,18.0,0.0,,0.0,,0.0,,20.0,,,3.0,,0.0,8.0,11.0,31.0,,3.0,,,,,,,,,,,,,IN,201203,201203,,,
SEAR,YR,NH,FLU_STH_ASIA,IND,India,2012-01-23,2012,4,2012-01-22,2012,4,NOTDEFINED,226.0,226.0,0.0,0.0,6.0,0.0,,0.0,,0.0,,6.0,,,1.0,,0.0,13.0,14.0,20.0,,3.0,,,,,,,,,,,,,IN,201204,201204,,,
SEAR,YR,NH,FLU_STH_ASIA,IND,India,2012-01-30,2012,5,2012-01-29,2012,5,NOTDEFINED,275.0,275.0,1.0,0.0,16.0,0.0,,0.0,,0.0,,17.0,,,0.0,,0.0,14.0,14.0,31.0,,3.0,,,,,,,,,,,,,IN,201205,201205,,,
SEAR,YR,NH,FLU_STH_ASIA,IND,India,2012-02-06,2012,6,2012-02-05,2012,6,NOTDEFINED,215.0,215.0,1.0,0.0,7.0,0.0,,0.0,,0.0,,8.0,,,0.0,,0.0,8.0,8.0,16.0,,3.0,,,,,,,,,,,,,IN,201206,201206,,,
SEAR,YR,NH,FLU_STH_ASIA,IND,India,2012-02-13,2012,7,2012-02-12,2012,7,NOTDEFINED,215.0,216.0,0.0,0.0,6.0,0.0,,0.0,,0.0,,6.0,,,0.0,,0.0,11.0,11.0,17.0,,3.0,,,,,,,,,,,,,IN,201207,201207,,,
SEAR,YR,NH,FLU_STH_ASIA,IND,India,2012-02-20,2012,8,2012-02-19,2012,8,NOTDEFINED,222.0,222.0,4.0,0.0,10.0,0.0,,0.0,,0.0,,14.0,,,0.0,,0.0,16.0,16.0,30.0,,3.0,,,,,,,,,,,,,IN,201208,201208,,,
SEAR,YR,NH,FLU_STH_ASIA,IND,India,2012-02-27,2012,9,2012-02-26,2012,9,NOTDEFINED,213.0,213.0,2.0,0.0,6.0,0.0,,0.0,,0.0,,8.0,,,0.0,,0.0,14.0,14.0,22.0,,3.0,,,,,,,,,,,,,IN,201209,201209,,,
SEAR,YR,NH,FLU_STH_ASIA,IND,India,2012-03-05,2012,10,2012-03-04,2012,10,NOTDEFINED,212.0,212.0,10.0,0.0,4.0,0.0,,0.0,,0.0,,14.0,,,0.0,,0.0,13.0,13.0,27.0,,3.0,,,,,,,,,,,,,IN,201210,201210,,,
SEAR,YR,NH,FLU_STH_ASIA,IND,India,2012-03-12,2012,11,2012-03-11,2012,11,NOTDEFINED,328.0,328.0,28.0,0.0,4.0,0.0,,0.0,,0.0,,32.0,,,6.0,,0.0,29.0,35.0,67.0,,3.0,,,,,,,,,,,,,IN,201211,201211,,,
SEAR,YR,NH,FLU_STH_ASIA,IND,India,2012-03-19,2012,12,2012-03-18,2012,12,NOTDEFINED,504.0,505.0,75.0,0.0,4.0,0.0,,0.0,,0.0,,79.0,,,13.0,,1.0,22.0,36.0,115.0,,5.0,,,,,,,,,,,,,IN,201212,201212,,,
SEAR,YR,NH,FLU_STH_ASIA,IND,India,2012-03-26,2012,13,2012-03-25,2012,13,NOTDEFINED,589.0,589.0,100.0,0.0,1.0,0.0,,0.0,,0.0,,101.0,,,1.0,,0.0,39.0,40.0,141.0,,5.0,,,,,,,,,,,,,IN,201213,201213,,,
SEAR,YR,NH,FLU_STH_ASIA,IND,India,2012-04-02,2012,14,2012-04-01,2012,14,NOTDEFINED,498.0,499.0,49.0,0.0,15.0,0.0,,0.0,,0.0,,64.0,,,0.0,,0.0,35.0,35.0,99.0,,5.0,,,,,,,,,,,,,IN,201214,201214,,,
SEAR,YR,NH,FLU_STH_ASIA,IND,India,2012-04-09,2012,15,2012-04-08,2012,15,NOTDEFINED,543.0,543.0,41.0,0.0,1.0,0.0,,0.0,,0.0,,42.0,,,4.0,,0.0,46.0,50.0,92.0,,5.0,,,,,,,,,,,,,IN,201215,201215,,,
SEAR,YR,NH,FLU_STH_ASIA,IND,India,2012-04-16,2012,16,2012-04-15,2012,16,NOTDEFINED,411.0,411.0,29.0,0.0,1.0,0.0,,0.0,,0.0,,30.0,,,4.0,,1.0,16.0,21.0,51.0,,5.0,,,,,,,,,,,,,IN,201216,201216,,,
SEAR,YR,NH,FLU_STH_ASIA,IND,India,2012-04-23,2012,17,2012-04-22,2012,17,NOTDEFINED,416.0,416.0,15.0,0.0,2.0,0.0,,0.0,,0.0,,17.0,,,0.0,,0.0,19.0,19.0,36.0,,5.0,,,,,,,,,,,,,IN,201217,201217,,,
SEAR,YR,NH,FLU_STH_ASIA,IND,India,2012-04-30,2012,18,2012-04-29,2012,18,NOTDEFINED,360.0,360.0,18.0,0.0,0.0,0.0,,0.0,,0.0,,18.0,,,1.0,,0.0,14.0,15.0,33.0,,3.0,,,,,,,,,,,,,IN,201218,201218,,,
SEAR,YR,NH,FLU_STH_ASIA,IND,India,2012-05-07,2012,19,2012-05-06,2012,19,NOTDEFINED,315.0,315.0,17.0,0.0,0.0,0.0,,0.0,,0.0,,17.0,,,3.0,,0.0,8.0,11.0,28.0,,3.0,,,,,,,,,,,,,IN,201219,201219,,,
SEAR,YR,NH,FLU_STH_ASIA,IND,India,2012-05-14,2012,20,2012-05-13,2012,20,NOTDEFINED,396.0,396.0,20.0,0.0,0.0,0.0,,0.0,,0.0,,20.0,,,0.0,,0.0,11.0,11.0,31.0,,3.0,,,,,,,,,,,,,IN,201220,201220,,,
SEAR,YR,NH,FLU_STH_ASIA,IND,India,2012-05-21,2012,21,2012-05-20,2012,21,NOTDEFINED,402.0,402.0,15.0,0.0,0.0,0.0,,0.0,,0.0,,15.0,,,1.0,,0.0,12.0,13.0,28.0,,3.0,,,,,,,,,,,,,IN,201221,201221,,,
SEAR,YR,NH,FLU_STH_ASIA,IND,India,2012-05-28,2012,22,2012-05-27,2012,22,NOTDEFINED,255.0,255.0,8.0,0.0,0.0,0.0,,0.0,,0.0,,8.0,,,0.0,,0.0,20.0,20.0,28.0,,3.0,,,,,,,,,,,,,IN,201222,201222,,,
SEAR,YR,NH,FLU_STH_ASIA,IND,India,2012-06-04,2012,23,2012-06-03,2012,23,NOTDEFINED,227.0,227.0,14.0,0.0,0.0,0.0,,0.0,,0.0,,14.0,,,2.0,,0.0,8.0,10.0,24.0,,3.0,,,,,,,,,,0,,,IN,201223,201223,,,
SEAR,YR,NH,FLU_STH_ASIA,IND,India,2012-06-11,2012,24,2012-06-10,2012,24,NOTDEFINED,305.0,305.0,12.0,0.0,0.0,0.0,,0.0,,0.0,,12.0,,,1.0,,0.0,17.0,18.0,30.0,,3.0,,,,,,,,,,,,,IN,201224,201224,,,
SEAR,YR,NH,FLU_STH_ASIA,IND,India,2012-06-18,2012,25,2012-06-17,2012,25,NOTDEFINED,318.0,318.0,9.0,0.0,0.0,0.0,,0.0,,0.0,,9.0,,,0.0,,0.0,17.0,17.0,26.0,,3.0,,,,,,,,,,,,,IN,201225,201225,,,
SEAR,YR,NH,FLU_STH_ASIA,IND,India,2012-06-25,2012,26,2012-06-24,2012,26,NOTDEFINED,300.0,300.0,15.0,0.0,0.0,0.0,,0.0,,0.0,,15.0,,,0.0,,0.0,8.0,8.0,23.0,,3.0,,,,,,,,,,,,,IN,201226,201226,,,
SEAR,YR,NH,FLU_STH_ASIA,IND,India,2012-07-02,2012,27,2012-07-01,2012,27,NOTDEFINED,511.0,511.0,29.0,0.0,0.0,0.0,,0.0,,0.0,,29.0,,,0.0,,2.0,25.0,27.0,56.0,,3.0,,,,,,,,,,,,,IN,201227,201227,,,
SEAR,YR,NH,FLU_STH_ASIA,IND,India,2012-07-09,2012,28,2012-07-08,2012,28,NOTDEFINED,419.0,419.0,9.0,0.0,1.0,0.0,,0.0,,0.0,,10.0,,,0.0,,1.0,25.0,26.0,36.0,,3.0,,,,,,,,,,,,,IN,201228,201228,,,
SEAR,YR,NH,FLU_STH_ASIA,IND,India,2012-07-16,2012,29,2012-07-15,2012,29,NOTDEFINED,348.0,348.0,16.0,0.0,0.0,0.0,,0.0,,0.0,,16.0,,,0.0,,0.0,32.0,32.0,48.0,,3.0,,,,,,,,,,,,,IN,201229,201229,,,
SEAR,YR,NH,FLU_STH_ASIA,IND,India,2012-07-23,2012,30,2012-07-22,2012,30,NOTDEFINED,390.0,390.0,22.0,0.0,0.0,0.0,,0.0,,0.0,,22.0,,,0.0,,3.0,28.0,31.0,53.0,,3.0,,,,,,,,,,,,,IN,201230,201230,,,
SEAR,YR,NH,FLU_STH_ASIA,IND,India,2012-07-30,2012,31,2012-07-29,2012,31,NOTDEFINED,419.0,419.0,34.0,0.0,1.0,0.0,,0.0,,0.0,,35.0,,,0.0,,0.0,27.0,27.0,62.0,,3.0,,,,,,,,,,,,,IN,201231,201231,,,
SEAR,YR,NH,FLU_STH_ASIA,IND,India,2012-08-06,2012,32,2012-08-05,2012,32,NOTDEFINED,357.0,357.0,17.0,0.0,1.0,0.0,,0.0,,0.0,,18.0,,,0.0,,1.0,34.0,35.0,53.0,,3.0,,,,,,,,,,,,,IN,201232,201232,,,
SEAR,YR,NH,FLU_STH_ASIA,IND,India,2012-08-13,2012,33,2012-08-12,2012,33,NOTDEFINED,449.0,449.0,37.0,0.0,0.0,0.0,,0.0,,0.0,,37.0,,,0.0,,5.0,33.0,38.0,75.0,,3.0,,,,,,,,,,,,,IN,201233,201233,,,
SEAR,YR,NH,FLU_STH_ASIA,IND,India,2012-08-20,2012,34,2012-08-19,2012,34,NOTDEFINED,472.0,472.0,43.0,0.0,1.0,0.0,,0.0,,0.0,,44.0,,,1.0,,5.0,45.0,51.0,95.0,,3.0,,,,,,,,,,,,,IN,201234,201234,,,
SEAR,YR,NH,FLU_STH_ASIA,IND,India,2012-08-27,2012,35,2012-08-26,2012,35,NOTDEFINED,568.0,568.0,62.0,0.0,2.0,0.0,,0.0,,0.0,,64.0,,,0.0,,5.0,63.0,68.0,132.0,,3.0,,,,,,,,,,,,,IN,201235,201235,,,
SEAR,YR,NH,FLU_STH_ASIA,IND,India,2012-09-03,2012,36,2012-09-02,2012,36,NOTDEFINED,557.0,560.0,72.0,0.0,0.0,0.0,,0.0,,0.0,,72.0,,,0.0,,6.0,82.0,88.0,160.0,,3.0,,,,,,,,,,,,,IN,201236,201236,,,
SEAR,YR,NH,FLU_STH_ASIA,IND,India,2012-09-10,2012,37,2012-09-09,2012,37,NOTDEFINED,600.0,600.0,68.0,0.0,0.0,0.0,,0.0,,0.0,,68.0,,,0.0,,2.0,80.0,82.0,150.0,,3.0,,,,,,,,,,,,,IN,201237,201237,,,
SEAR,YR,NH,FLU_STH_ASIA,IND,India,2012-09-17,2012,38,2012-09-16,2012,38,NOTDEFINED,614.0,614.0,84.0,0.0,0.0,0.0,,0.0,,0.0,,84.0,,,0.0,,0.0,76.0,76.0,160.0,,3.0,,,,,,,,,,,,,IN,201238,201238,,,
SEAR,YR,NH,FLU_STH_ASIA,IND,India,2012-09-24,2012,39,2012-09-23,2012,39,NOTDEFINED,629.0,629.0,61.0,0.0,0.0,0.0,,0.0,,0.0,,61.0,,,0.0,,0.0,83.0,83.0,144.0,,3.0,,,,,,,,,,,,,IN,201239,201239,,,
SEAR,YR,NH,FLU_STH_ASIA,IND,India,2012-10-01,2012,40,2012-09-30,2012,40,NOTDEFINED,480.0,480.0,60.0,0.0,0.0,0.0,,0.0,,0.0,,60.0,,,0.0,,0.0,41.0,41.0,101.0,,3.0,,,,,,,,,,0,,,IN,201240,201240,,,
SEAR,YR,NH,FLU_STH_ASIA,IND,India,2012-10-08,2012,41,2012-10-07,2012,41,NOTDEFINED,580.0,580.0,81.0,0.0,1.0,0.0,,0.0,,0.0,,82.0,,,0.0,,1.0,50.0,51.0,133.0,,3.0,,,,,,,,,,,,,IN,201241,201241,,,
SEAR,YR,NH,FLU_STH_ASIA,IND,India,2012-10-15,2012,42,2012-10-14,2012,42,NOTDEFINED,523.0,523.0,42.0,0.0,0.0,0.0,,0.0,,0.0,,42.0,,,0.0,,0.0,30.0,30.0,72.0,,3.0,,,,,,,,,,,,,IN,201242,201242,,,
SEAR,YR,NH,FLU_STH_ASIA,IND,India,2012-10-22,2012,43,2012-10-21,2012,43,NOTDEFINED,362.0,366.0,36.0,0.0,1.0,0.0,,0.0,,0.0,,37.0,,,0.0,,0.0,18.0,18.0,55.0,,3.0,,,,,,,,,,,,,IN,201243,201243,,,
SEAR,YR,NH,FLU_STH_ASIA,IND,India,2012-10-29,2012,44,2012-10-28,2012,44,NOTDEFINED,476.0,476.0,53.0,0.0,0.0,0.0,,0.0,,0.0,,53.0,,,0.0,,0.0,19.0,19.0,72.0,,3.0,,,,,,,,,,,,,IN,201244,201244,,,
SEAR,YR,NH,FLU_STH_ASIA,IND,India,2012-11-05,2012,45,2012-11-04,2012,45,NOTDEFINED,470.0,470.0,49.0,0.0,1.0,0.0,,0.0,,0.0,,50.0,,,0.0,,0.0,14.0,14.0,64.0,,3.0,,,,,,,,,,,,,IN,201245,201245,,,
SEAR,YR,NH,FLU_STH_ASIA,IND,India,2012-11-12,2012,46,2012-11-11,2012,46,NOTDEFINED,340.0,340.0,43.0,0.0,1.0,0.0,,0.0,,0.0,,44.0,,,0.0,,0.0,19.0,19.0,63.0,,3.0,,,,,,,,,,,,,IN,201246,201246,,,
SEAR,YR,NH,FLU_STH_ASIA,IND,India,2012-11-19,2012,47,2012-11-18,2012,47,NOTDEFINED,354.0,355.0,26.0,0.0,1.0,0.0,,0.0,,0.0,,27.0,,,0.0,,0.0,7.0,7.0,34.0,,3.0,,,,,,,,,,,,,IN,201247,201247,,,
SEAR,YR,NH,FLU_STH_ASIA,IND,India,2012-11-26,2012,48,2012-11-25,2012,48,NOTDEFINED,327.0,327.0,19.0,0.0,3.0,0.0,,0.0,,0.0,,22.0,,,0.0,,0.0,9.0,9.0,31.0,,3.0,,,,,,,,,,,,,IN,201248,201248,,,
SEAR,YR,NH,FLU_STH_ASIA,IND,India,2012-12-03,2012,49,2012-12-02,2012,49,NOTDEFINED,369.0,369.0,9.0,0.0,2.0,0.0,,0.0,,0.0,,11.0,,,0.0,,0.0,7.0,7.0,18.0,,3.0,,,,,,,,,,,,,IN,201249,201249,,,
SEAR,YR,NH,FLU_STH_ASIA,IND,India,2012-12-10,2012,50,2012-12-09,2012,50,NOTDEFINED,309.0,309.0,9.0,0.0,5.0,0.0,,0.0,,0.0,,14.0,,,0.0,,0.0,10.0,10.0,24.0,,3.0,,,,,,,,,,,,,IN,201250,201250,,,
SEAR,YR,NH,FLU_STH_ASIA,IND,India,2012-12-17,2012,51,2012-12-16,2012,51,NOTDEFINED,169.0,179.0,4.0,0.0,1.0,0.0,,0.0,,0.0,,5.0,,,0.0,,0.0,6.0,6.0,11.0,,3.0,,,,,,,,,,,,,IN,201251,201251,,,
SEAR,YR,NH,FLU_STH_ASIA,IND,India,2012-12-24,2012,52,2012-12-23,2012,52,NOTDEFINED,208.0,208.0,9.0,0.0,1.0,0.0,,0.0,,0.0,,10.0,,,0.0,,0.0,6.0,6.0,16.0,,3.0,,,,,,,,,,,,,IN,201252,201252,,,
SEAR,YR,NH,FLU_STH_ASIA,IND,India,2012-12-31,2013,1,2012-12-30,2013,1,NOTDEFINED,311.0,311.0,23.0,0.0,0.0,0.0,,0.0,,0.0,,23.0,,,0.0,,0.0,12.0,12.0,35.0,,3.0,,,,,,,,,,,,,IN,201301,201301,,,
SEAR,YR,NH,FLU_STH_ASIA,IND,India,2013-01-07,2013,2,2013-01-06,2013,2,NOTDEFINED,287.0,287.0,21.0,0.0,3.0,0.0,,0.0,,0.0,,24.0,,,0.0,,0.0,10.0,10.0,34.0,,3.0,,,,,,,,,,,,,IN,201302,201302,,,
SEAR,YR,NH,FLU_STH_ASIA,IND,India,2013-01-14,2013,3,2013-01-13,2013,3,NOTDEFINED,273.0,273.0,18.0,0.0,2.0,0.0,,0.0,,0.0,,20.0,,,0.0,,1.0,9.0,10.0,30.0,,3.0,,,,,,,,,,,,,IN,201303,201303,,,
SEAR,YR,NH,FLU_STH_ASIA,IND,India,2013-01-21,2013,4,2013-01-20,2013,4,NOTDEFINED,216.0,216.0,16.0,0.0,1.0,0.0,,0.0,,0.0,,17.0,,,0.0,,0.0,1.0,1.0,18.0,,3.0,,,,,,,,,,,,,IN,201304,201304,,,
SEAR,YR,NH,FLU_STH_ASIA,IND,India,2013-01-28,2013,5,2013-01-27,2013,5,NOTDEFINED,262.0,262.0,23.0,0.0,2.0,0.0,,0.0,,0.0,,25.0,,,0.0,,0.0,11.0,11.0,36.0,,3.0,,,,,,,,,,,,,IN,201305,201305,,,
SEAR,YR,NH,FLU_STH_ASIA,IND,India,2013-02-04,2013,6,2013-02-03,2013,6,NOTDEFINED,260.0,260.0,27.0,0.0,6.0,0.0,,0.0,,0.0,,33.0,,,0.0,,1.0,6.0,7.0,40.0,,3.0,,,,,,,,,,,,,IN,201306,201306,,,
SEAR,YR,NH,FLU_STH_ASIA,IND,India,2013-02-11,2013,7,2013-02-10,2013,7,NOTDEFINED,314.0,314.0,35.0,0.0,5.0,0.0,,0.0,,0.0,,40.0,,,0.0,,0.0,21.0,21.0,61.0,,3.0,,,,,,,,,,,,,IN,201307,201307,,,
SEAR,YR,NH,FLU_STH_ASIA,IND,India,2013-02-18,2013,8,2013-02-17,2013,8,NOTDEFINED,301.0,301.0,31.0,0.0,9.0,0.0,,0.0,,0.0,,40.0,,,0.0,,0.0,12.0,12.0,52.0,,3.0,,,,,,,,,,,,,IN,201308,201308,,,
SEAR,YR,NH,FLU_STH_ASIA,IND,India,2013-02-25,2013,9,2013-02-24,2013,9,NOTDEFINED,309.0,309.0,30.0,0.0,22.0,0.0,,0.0,,0.0,,52.0,,,0.0,,1.0,9.0,10.0,62.0,,3.0,,,,,,,,,,,,,IN,201309,201309,,,
SEAR,YR,NH,FLU_STH_ASIA,IND,India,2013-03-04,2013,10,2013-03-03,2013,10,NOTDEFINED,356.0,356.0,27.0,0.0,29.0,0.0,,0.0,,0.0,,56.0,,,0.0,,1.0,6.0,7.0,63.0,,3.0,,,,,,,,,,,,,IN,201310,201310,,,
SEAR,YR,NH,FLU_STH_ASIA,IND,India,2013-03-11,2013,11,2013-03-10,2013,11,NOTDEFINED,367.0,367.0,36.0,0.0,43.0,0.0,,0.0,,0.0,,79.0,,,0.0,,1.0,11.0,12.0,91.0,,3.0,,,,,,,,,,,,,IN,201311,201311,,,
SEAR,YR,NH,FLU_STH_ASIA,IND,India,2013-03-18,2013,12,2013-03-17,2013,12,NOTDEFINED,400.0,400.0,42.0,0.0,43.0,0.0,,0.0,,0.0,,85.0,,,0.0,,0.0,5.0,5.0,90.0,,3.0,,,,,,,,,,,,,IN,201312,201312,,,
SEAR,YR,NH,FLU_STH_ASIA,IND,India,2013-03-25,2013,13,2013-03-24,2013,13,NOTDEFINED,313.0,313.0,29.0,0.0,30.0,0.0,,0.0,,0.0,,59.0,,,0.0,,0.0,1.0,1.0,60.0,,3.0,,,,,,,,,,,,,IN,201313,201313,,,
SEAR,YR,NH,FLU_STH_ASIA,IND,India,2013-04-01,2013,14,2013-03-31,2013,14,NOTDEFINED,375.0,375.0,40.0,0.0,26.0,0.0,,0.0,,0.0,,66.0,,,0.0,,0.0,9.0,9.0,75.0,,3.0,,,,,,,,,,,,,IN,201314,201314,,,
SEAR,YR,NH,FLU_STH_ASIA,IND,India,2013-04-08,2013,15,2013-04-07,2013,15,NOTDEFINED,346.0,346.0,19.0,0.0,40.0,0.0,,0.0,,0.0,,59.0,,,0.0,,0.0,9.0,9.0,68.0,,3.0,,,,,,,,,,,,,IN,201315,201315,,,
SEAR,YR,NH,FLU_STH_ASIA,IND,India,2013-04-15,2013,16,2013-04-14,2013,16,NOTDEFINED,276.0,281.0,23.0,0.0,22.0,0.0,,0.0,,0.0,,45.0,,,0.0,,0.0,3.0,3.0,48.0,,3.0,,,,,,,,,,,,,IN,201316,201316,,,
SEAR,YR,NH,FLU_STH_ASIA,IND,India,2013-04-22,2013,17,2013-04-21,2013,17,NOTDEFINED,236.0,237.0,11.0,0.0,27.0,0.0,,0.0,,0.0,,38.0,,,0.0,,0.0,0.0,0.0,38.0,,3.0,,,,,,,,,,,,,IN,201317,201317,,,
SEAR,YR,NH,FLU_STH_ASIA,IND,India,2013-04-29,2013,18,2013-04-28,2013,18,NOTDEFINED,231.0,231.0,8.0,0.0,26.0,0.0,,0.0,,0.0,,34.0,,,0.0,,0.0,0.0,0.0,34.0,,3.0,,,,,,,,,,,,,IN,201318,201318,,,
SEAR,YR,NH,FLU_STH_ASIA,IND,India,2013-05-06,2013,19,2013-05-05,2013,19,NOTDEFINED,190.0,190.0,4.0,0.0,23.0,0.0,,0.0,,0.0,,27.0,,,0.0,,0.0,2.0,2.0,29.0,,3.0,,,,,,,,,,,,,IN,201319,201319,,,
SEAR,YR,NH,FLU_STH_ASIA,IND,India,2013-05-13,2013,20,2013-05-12,2013,20,NOTDEFINED,214.0,214.0,8.0,0.0,33.0,0.0,,0.0,,0.0,,41.0,,,0.0,,0.0,0.0,0.0,41.0,,3.0,,,,,,,,,,,,,IN,201320,201320,,,
SEAR,YR,NH,FLU_STH_ASIA,IND,India,2013-05-20,2013,21,2013-05-19,2013,21,NOTDEFINED,195.0,195.0,1.0,0.0,48.0,0.0,,0.0,,0.0,,49.0,,,0.0,,0.0,0.0,0.0,49.0,,3.0,,,,,,,,,,,,,IN,201321,201321,,,
SEAR,YR,NH,FLU_STH_ASIA,IND,India,2013-05-27,2013,22,2013-05-26,2013,22,NOTDEFINED,225.0,225.0,2.0,0.0,33.0,0.0,,0.0,,0.0,,35.0,,,0.0,,0.0,0.0,0.0,35.0,,3.0,,,,,,,,,,,,,IN,201322,201322,,,
SEAR,YR,NH,FLU_STH_ASIA,IND,India,2013-06-03,2013,23,2013-06-02,2013,23,NOTDEFINED,180.0,180.0,2.0,0.0,21.0,0.0,,0.0,,0.0,,23.0,,,0.0,,0.0,0.0,0.0,23.0,,3.0,,,,,,,,,,,,,IN,201323,201323,,,
SEAR,YR,NH,FLU_STH_ASIA,IND,India,2013-06-10,2013,24,2013-06-09,2013,24,NOTDEFINED,196.0,196.0,1.0,0.0,35.0,0.0,,0.0,,0.0,,36.0,,,0.0,,0.0,0.0,0.0,36.0,,3.0,,,,,,,,,,,,,IN,201324,201324,,,
SEAR,YR,NH,FLU_STH_ASIA,IND,India,2013-06-17,2013,25,2013-06-16,2013,25,NOTDEFINED,159.0,159.0,2.0,0.0,34.0,0.0,,0.0,,0.0,,36.0,,,0.0,,0.0,0.0,0.0,36.0,,3.0,,,,,,,,,,,,,IN,201325,201325,,,
SEAR,YR,NH,FLU_STH_ASIA,IND,India,2013-06-24,2013,26,2013-06-23,2013,26,NOTDEFINED,242.0,242.0,5.0,0.0,53.0,0.0,,0.0,,0.0,,58.0,,,0.0,,0.0,0.0,0.0,58.0,,3.0,,,,,,,,,,,,,IN,201326,201326,,,
SEAR,YR,NH,FLU_STH_ASIA,IND,India,2013-07-01,2013,27,2013-06-30,2013,27,NOTDEFINED,251.0,251.0,3.0,0.0,46.0,0.0,,0.0,,0.0,,49.0,,,0.0,,0.0,0.0,0.0,49.0,,3.0,,,,,,,,,,,,,IN,201327,201327,,,
SEAR,YR,NH,FLU_STH_ASIA,IND,India,2013-07-08,2013,28,2013-07-07,2013,28,NOTDEFINED,247.0,247.0,3.0,0.0,69.0,0.0,,0.0,,0.0,,72.0,,,0.0,,0.0,0.0,0.0,72.0,,3.0,,,,,,,,,,,,,IN,201328,201328,,,
SEAR,YR,NH,FLU_STH_ASIA,IND,India,2013-07-15,2013,29,2013-07-14,2013,29,NOTDEFINED,231.0,231.0,7.0,0.0,52.0,0.0,,0.0,,0.0,,59.0,,,0.0,,0.0,0.0,0.0,59.0,,3.0,,,,,,,,,,,,,IN,201329,201329,,,
SEAR,YR,NH,FLU_STH_ASIA,IND,India,2013-07-22,2013,30,2013-07-21,2013,30,NOTDEFINED,288.0,288.0,17.0,0.0,49.0,0.0,,0.0,,0.0,,66.0,,,0.0,,0.0,3.0,3.0,69.0,,3.0,,,,,,,,,,,,,IN,201330,201330,,,
SEAR,YR,NH,FLU_STH_ASIA,IND,India,2013-07-29,2013,31,2013-07-28,2013,31,NOTDEFINED,342.0,342.0,20.0,0.0,38.0,0.0,,0.0,,0.0,,58.0,,,0.0,,0.0,2.0,2.0,60.0,,3.0,,,,,,,,,,,,,IN,201331,201331,,,
SEAR,YR,NH,FLU_STH_ASIA,IND,India,2013-08-05,2013,32,2013-08-04,2013,32,NOTDEFINED,291.0,291.0,13.0,0.0,27.0,0.0,,0.0,,0.0,,40.0,,,0.0,,0.0,0.0,0.0,40.0,,3.0,,,,,,,,,,,,,IN,201332,201332,,,
SEAR,YR,NH,FLU_STH_ASIA,IND,India,2013-08-12,2013,33,2013-08-11,2013,33,NOTDEFINED,326.0,326.0,11.0,0.0,31.0,0.0,,0.0,,0.0,,42.0,,,0.0,,0.0,2.0,2.0,44.0,,3.0,,,,,,,,,,,,,IN,201333,201333,,,
SEAR,YR,NH,FLU_STH_ASIA,IND,India,2013-08-19,2013,34,2013-08-18,2013,34,NOTDEFINED,325.0,325.0,12.0,0.0,24.0,0.0,,0.0,,0.0,,36.0,,,0.0,,0.0,1.0,1.0,37.0,,3.0,,,,,,,,,,,,,IN,201334,201334,,,
SEAR,YR,NH,FLU_STH_ASIA,IND,India,2013-08-26,2013,35,2013-08-25,2013,35,NOTDEFINED,344.0,344.0,22.0,0.0,24.0,0.0,,0.0,,0.0,,46.0,,,0.0,,0.0,1.0,1.0,47.0,,3.0,,,,,,,,,,,,,IN,201335,201335,,,
SEAR,YR,NH,FLU_STH_ASIA,IND,India,2013-09-02,2013,36,2013-09-01,2013,36,NOTDEFINED,295.0,295.0,8.0,0.0,12.0,0.0,,0.0,,0.0,,20.0,,,0.0,,0.0,5.0,5.0,25.0,,3.0,,,,,,,,,,,,,IN,201336,201336,,,
SEAR,YR,NH,FLU_STH_ASIA,IND,India,2013-09-09,2013,37,2013-09-08,2013,37,NOTDEFINED,268.0,268.0,15.0,0.0,3.0,0.0,,0.0,,0.0,,18.0,,,0.0,,0.0,1.0,1.0,19.0,,3.0,,,,,,,,,,,,,IN,201337,201337,,,
SEAR,YR,NH,FLU_STH_ASIA,IND,India,2013-09-16,2013,38,2013-09-15,2013,38,NOTDEFINED,225.0,225.0,6.0,0.0,4.0,0.0,,0.0,,0.0,,10.0,,,0.0,,0.0,7.0,7.0,17.0,,3.0,,,,,,,,,,,,,IN,201338,201338,,,
SEAR,YR,NH,FLU_STH_ASIA,IND,India,2013-09-23,2013,39,2013-09-22,2013,39,NOTDEFINED,254.0,254.0,4.0,0.0,4.0,0.0,,0.0,,0.0,,8.0,,,0.0,,0.0,3.0,3.0,11.0,,3.0,,,,,,,,,,,,,IN,201339,201339,,,
SEAR,YR,NH,FLU_STH_ASIA,IND,India,2013-09-30,2013,40,2013-09-29,2013,40,NOTDEFINED,187.0,187.0,4.0,0.0,1.0,0.0,,0.0,,0.0,,5.0,,,0.0,,0.0,1.0,1.0,6.0,,3.0,,,,,,,,,,,,,IN,201340,201340,,,
SEAR,YR,NH,FLU_STH_ASIA,IND,India,2013-10-07,2013,41,2013-10-06,2013,41,NOTDEFINED,181.0,181.0,4.0,0.0,0.0,0.0,,0.0,,0.0,,4.0,,,0.0,,0.0,0.0,0.0,4.0,,3.0,,,,,,,,,,,,,IN,201341,201341,,,
SEAR,YR,NH,FLU_STH_ASIA,IND,India,2013-10-14,2013,42,2013-10-13,2013,42,NOTDEFINED,162.0,167.0,4.0,0.0,1.0,0.0,,0.0,,0.0,,5.0,,,0.0,,0.0,2.0,2.0,7.0,,3.0,,,,,,,,,,,,,IN,201342,201342,,,
SEAR,YR,NH,FLU_STH_ASIA,IND,India,2013-10-21,2013,43,2013-10-20,2013,43,NOTDEFINED,239.0,239.0,2.0,0.0,1.0,0.0,,0.0,,0.0,,3.0,,,0.0,,0.0,3.0,3.0,6.0,,3.0,,,,,,,,,,,,,IN,201343,201343,,,
SEAR,YR,NH,FLU_STH_ASIA,IND,India,2013-10-28,2013,44,2013-10-27,2013,44,NOTDEFINED,173.0,194.0,2.0,0.0,1.0,0.0,,0.0,,0.0,,3.0,,,0.0,,0.0,3.0,3.0,6.0,,3.0,,,,,,,,,,,,,IN,201344,201344,,,
SEAR,YR,NH,FLU_STH_ASIA,IND,India,2013-11-04,2013,45,2013-11-03,2013,45,NOTDEFINED,150.0,150.0,0.0,0.0,2.0,0.0,,0.0,,0.0,,2.0,,,0.0,,0.0,3.0,3.0,5.0,,3.0,,,,,,,,,,,,,IN,201345,201345,,,
SEAR,YR,NH,FLU_STH_ASIA,IND,India,2013-11-11,2013,46,2013-11-10,2013,46,NOTDEFINED,178.0,178.0,1.0,0.0,1.0,0.0,,0.0,,0.0,,2.0,,,0.0,,0.0,2.0,2.0,4.0,,3.0,,,,,,,,,,,,,IN,201346,201346,,,
SEAR,YR,NH,FLU_STH_ASIA,IND,India,2013-11-18,2013,47,2013-11-17,2013,47,NOTDEFINED,197.0,197.0,0.0,0.0,6.0,0.0,,0.0,,0.0,,6.0,,,0.0,,0.0,2.0,2.0,8.0,,3.0,,,,,,,,,,,,,IN,201347,201347,,,
SEAR,YR,NH,FLU_STH_ASIA,IND,India,2013-11-25,2013,48,2013-11-24,2013,48,NOTDEFINED,224.0,224.0,2.0,0.0,10.0,0.0,,0.0,,0.0,,12.0,,,0.0,,0.0,2.0,2.0,14.0,,3.0,,,,,,,,,,,,,IN,201348,201348,,,
SEAR,YR,NH,FLU_STH_ASIA,IND,India,2013-12-02,2013,49,2013-12-01,2013,49,NOTDEFINED,187.0,187.0,1.0,0.0,16.0,0.0,,0.0,,0.0,,17.0,,,0.0,,0.0,3.0,3.0,20.0,,3.0,,,,,,,,,,,,,IN,201349,201349,,,
SEAR,YR,NH,FLU_STH_ASIA,IND,India,2013-12-09,2013,50,2013-12-08,2013,50,NOTDEFINED,173.0,173.0,0.0,0.0,12.0,0.0,,0.0,,0.0,,12.0,,,0.0,,0.0,2.0,2.0,14.0,,3.0,,,,,,,,,,,,,IN,201350,201350,,,
SEAR,YR,NH,FLU_STH_ASIA,IND,India,2013-12-16,2013,51,2013-12-15,2013,51,NOTDEFINED,214.0,214.0,0.0,0.0,22.0,0.0,,0.0,,0.0,,22.0,,,0.0,,0.0,5.0,5.0,27.0,,3.0,,,,,,,,,,,,,IN,201351,201351,,,
SEAR,YR,NH,FLU_STH_ASIA,IND,India,2013-12-23,2013,52,2013-12-22,2013,52,NOTDEFINED,133.0,142.0,0.0,0.0,15.0,0.0,,0.0,,0.0,,15.0,,,0.0,,0.0,3.0,3.0,18.0,,3.0,,,,,,,,,,,,,IN,201352,201352,,,
SEAR,YR,NH,FLU_STH_ASIA,IND,India,2013-12-30,2014,1,2013-12-29,2014,1,NOTDEFINED,139.0,139.0,0.0,0.0,6.0,0.0,,0.0,,0.0,,6.0,,,0.0,,0.0,4.0,4.0,10.0,,3.0,,,,,,,,,,,,,IN,201401,201401,,,
SEAR,YR,NH,FLU_STH_ASIA,IND,India,2014-01-06,2014,2,2014-01-05,2014,2,NOTDEFINED,187.0,187.0,0.0,0.0,5.0,0.0,,0.0,,0.0,,5.0,,,0.0,,0.0,3.0,3.0,8.0,,3.0,,,,,,,,,,,,,IN,201402,201402,,,
SEAR,YR,NH,FLU_STH_ASIA,IND,India,2014-01-13,2014,3,2014-01-12,2014,3,NOTDEFINED,164.0,164.0,2.0,0.0,4.0,0.0,,0.0,,0.0,,6.0,,,0.0,,0.0,2.0,2.0,8.0,,3.0,,,,,,,,,,,,,IN,201403,201403,,,
SEAR,YR,NH,FLU_STH_ASIA,IND,India,2014-01-20,2014,4,2014-01-19,2014,4,NOTDEFINED,134.0,134.0,1.0,0.0,4.0,0.0,,0.0,,0.0,,5.0,,,0.0,,0.0,5.0,5.0,10.0,,3.0,,,,,,,,,,,,,IN,201404,201404,,,
SEAR,YR,NH,FLU_STH_ASIA,IND,India,2014-01-27,2014,5,2014-01-26,2014,5,NOTDEFINED,179.0,179.0,1.0,0.0,3.0,0.0,,0.0,,0.0,,4.0,,,0.0,,0.0,6.0,6.0,10.0,,3.0,,,,,,,,,,,,,IN,201405,201405,,,
SEAR,YR,NH,FLU_STH_ASIA,IND,India,2014-02-03,2014,6,2014-02-02,2014,6,NOTDEFINED,144.0,145.0,2.0,0.0,3.0,0.0,,0.0,,0.0,,5.0,,,0.0,,0.0,8.0,8.0,13.0,,3.0,,,,,,,,,,,,,IN,201406,201406,,,
SEAR,YR,NH,FLU_STH_ASIA,IND,India,2014-02-10,2014,7,2014-02-09,2014,7,NOTDEFINED,127.0,127.0,2.0,0.0,1.0,0.0,,0.0,,0.0,,3.0,,,0.0,,0.0,5.0,5.0,8.0,,3.0,,,,,,,,,,,,,IN,201407,201407,,,
SEAR,YR,NH,FLU_STH_ASIA,IND,India,2014-02-17,2014,8,2014-02-16,2014,8,NOTDEFINED,146.0,146.0,1.0,0.0,0.0,0.0,,0.0,,0.0,,1.0,,,0.0,,0.0,2.0,2.0,3.0,,3.0,,,,,,,,,,,,,IN,201408,201408,,,
SEAR,YR,NH,FLU_STH_ASIA,IND,India,2014-02-24,2014,9,2014-02-23,2014,9,NOTDEFINED,182.0,182.0,0.0,0.0,0.0,0.0,,0.0,,0.0,,0.0,,,0.0,,0.0,9.0,9.0,9.0,,3.0,,,,,,,,,,,,,IN,201409,201409,,,
SEAR,YR,NH,FLU_STH_ASIA,IND,India,2014-03-03,2014,10,2014-03-02,2014,10,NOTDEFINED,172.0,172.0,0.0,0.0,0.0,0.0,,0.0,,0.0,,0.0,,,0.0,,0.0,15.0,15.0,15.0,,3.0,,,,,,,,,,,,,IN,201410,201410,,,
SEAR,YR,NH,FLU_STH_ASIA,IND,India,2014-03-10,2014,11,2014-03-09,2014,11,NOTDEFINED,164.0,164.0,5.0,0.0,2.0,0.0,,0.0,,0.0,,7.0,,,0.0,,0.0,11.0,11.0,18.0,,3.0,,,,,,,,,,,,,IN,201411,201411,,,
SEAR,YR,NH,FLU_STH_ASIA,IND,India,2014-03-17,2014,12,2014-03-16,2014,12,NOTDEFINED,177.0,177.0,0.0,0.0,0.0,0.0,,0.0,,0.0,,0.0,,,0.0,,0.0,9.0,9.0,9.0,,3.0,,,,,,,,,,,,,IN,201412,201412,,,
SEAR,YR,NH,FLU_STH_ASIA,IND,India,2014-03-24,2014,13,2014-03-23,2014,13,NOTDEFINED,191.0,191.0,0.0,0.0,0.0,0.0,,0.0,,0.0,,0.0,,,0.0,,0.0,11.0,11.0,11.0,,3.0,,,,,,,,,,,,,IN,201413,201413,,,
SEAR,YR,NH,FLU_STH_ASIA,IND,India,2014-03-31,2014,14,2014-03-30,2014,14,NOTDEFINED,172.0,172.0,1.0,0.0,0.0,0.0,,0.0,,0.0,,1.0,,,0.0,,0.0,10.0,10.0,11.0,,3.0,,,,,,,,,,,,,IN,201414,201414,,,
SEAR,YR,NH,FLU_STH_ASIA,IND,India,2014-04-07,2014,15,2014-04-06,2014,15,NOTDEFINED,136.0,136.0,0.0,0.0,0.0,0.0,,0.0,,0.0,,0.0,,,0.0,,0.0,14.0,14.0,14.0,,3.0,,,,,,,,,,,,,IN,201415,201415,,,
SEAR,YR,NH,FLU_STH_ASIA,IND,India,2014-04-14,2014,16,2014-04-13,2014,16,NOTDEFINED,111.0,111.0,1.0,0.0,3.0,0.0,,0.0,,0.0,,4.0,,,0.0,,0.0,10.0,10.0,14.0,,3.0,,,,,,,,,,,,,IN,201416,201416,,,
SEAR,YR,NH,FLU_STH_ASIA,IND,India,2014-04-21,2014,17,2014-04-20,2014,17,NOTDEFINED,179.0,179.0,0.0,0.0,0.0,0.0,,0.0,,0.0,,0.0,,,0.0,,0.0,12.0,12.0,12.0,,3.0,,,,,,,,,,,,,IN,201417,201417,,,
SEAR,YR,NH,FLU_STH_ASIA,IND,India,2014-04-28,2014,18,2014-04-27,2014,18,NOTDEFINED,139.0,139.0,1.0,0.0,3.0,0.0,,0.0,,0.0,,4.0,,,0.0,,0.0,12.0,12.0,16.0,,3.0,,,,,,,,,,,,,IN,201418,201418,,,
SEAR,YR,NH,FLU_STH_ASIA,IND,India,2014-05-05,2014,19,2014-05-04,2014,19,NOTDEFINED,164.0,164.0,0.0,0.0,2.0,0.0,,0.0,,0.0,,2.0,,,0.0,,0.0,5.0,5.0,7.0,,3.0,,,,,,,,,,,,,IN,201419,201419,,,
SEAR,YR,NH,FLU_STH_ASIA,IND,India,2014-05-12,2014,20,2014-05-11,2014,20,NOTDEFINED,120.0,120.0,1.0,0.0,4.0,0.0,,0.0,,0.0,,5.0,,,0.0,,0.0,4.0,4.0,9.0,,3.0,,,,,,,,,,,,,IN,201420,201420,,,
SEAR,YR,NH,FLU_STH_ASIA,IND,India,2014-05-19,2014,21,2014-05-18,2014,21,NOTDEFINED,145.0,145.0,1.0,0.0,17.0,0.0,,0.0,,0.0,,18.0,,,0.0,,0.0,0.0,0.0,18.0,,3.0,,,,,,,,,,,,,IN,201421,201421,,,
SEAR,YR,NH,FLU_STH_ASIA,IND,India,2014-05-26,2014,22,2014-05-25,2014,22,NOTDEFINED,147.0,147.0,1.0,0.0,8.0,0.0,,0.0,,0.0,,9.0,,,0.0,,0.0,1.0,1.0,10.0,,3.0,,,,,,,,,,,,,IN,201422,201422,,,
SEAR,YR,NH,FLU_STH_ASIA,IND,India,2014-06-02,2014,23,2014-06-01,2014,23,NOTDEFINED,146.0,146.0,1.0,0.0,17.0,0.0,,0.0,,0.0,,18.0,,,0.0,,0.0,3.0,3.0,21.0,,3.0,,,,,,,,,,,,,IN,201423,201423,,,
SEAR,YR,NH,FLU_STH_ASIA,IND,India,2014-06-09,2014,24,2014-06-08,2014,24,NOTDEFINED,151.0,151.0,3.0,0.0,15.0,0.0,,0.0,,0.0,,18.0,,,0.0,,0.0,1.0,1.0,19.0,,3.0,,,,,,,,,,,,,IN,201424,201424,,,
SEAR,YR,NH,FLU_STH_ASIA,IND,India,2014-06-16,2014,25,2014-06-15,2014,25,NOTDEFINED,168.0,168.0,3.0,0.0,13.0,0.0,,0.0,,0.0,,16.0,,,0.0,,0.0,0.0,0.0,16.0,,3.0,,,,,,,,,,,,,IN,201425,201425,,,
SEAR,YR,NH,FLU_STH_ASIA,IND,India,2014-06-23,2014,26,2014-06-22,2014,26,NOTDEFINED,188.0,188.0,0.0,0.0,41.0,0.0,,0.0,,0.0,,41.0,,,0.0,,0.0,2.0,2.0,43.0,,3.0,,,,,,,,,,,,,IN,201426,201426,,,
SEAR,YR,NH,FLU_STH_ASIA,IND,India,2014-06-30,2014,27,2014-06-29,2014,27,NOTDEFINED,176.0,176.0,4.0,0.0,29.0,0.0,,0.0,,0.0,,33.0,,,0.0,,0.0,1.0,1.0,34.0,,3.0,,,,,,,,,,,,,IN,201427,201427,,,
SEAR,YR,NH,FLU_STH_ASIA,IND,India,2014-07-07,2014,28,2014-07-06,2014,28,NOTDEFINED,230.0,230.0,0.0,0.0,50.0,0.0,,0.0,,0.0,,50.0,,,0.0,,0.0,6.0,6.0,56.0,,3.0,,,,,,,,,,,,,IN,201428,201428,,,
SEAR,YR,NH,FLU_STH_ASIA,IND,India,2014-07-14,2014,29,2014-07-13,2014,29,NOTDEFINED,162.0,162.0,2.0,0.0,27.0,0.0,,0.0,,0.0,,29.0,,,0.0,,0.0,3.0,3.0,32.0,,3.0,,,,,,,,,,,,,IN,201429,201429,,,
SEAR,YR,NH,FLU_STH_ASIA,IND,India,2014-07-21,2014,30,2014-07-20,2014,30,NOTDEFINED,164.0,164.0,3.0,0.0,23.0,0.0,,0.0,,0.0,,26.0,,,0.0,,0.0,11.0,11.0,37.0,,3.0,,,,,,,,,,,,,IN,201430,201430,,,
SEAR,YR,NH,FLU_STH_ASIA,IND,India,2014-07-28,2014,31,2014-07-27,2014,31,NOTDEFINED,182.0,182.0,5.0,0.0,42.0,0.0,,0.0,,0.0,,47.0,,,0.0,,0.0,11.0,11.0,58.0,,3.0,,,,,,,,,,,,,IN,201431,201431,,,
SEAR,YR,NH,FLU_STH_ASIA,IND,India,2014-08-04,2014,32,2014-08-03,2014,32,NOTDEFINED,224.0,224.0,5.0,0.0,38.0,0.0,,0.0,,0.0,,43.0,,,0.0,,0.0,10.0,10.0,53.0,,3.0,,,,,,,,,,,,,IN,201432,201432,,,
SEAR,YR,NH,FLU_STH_ASIA,IND,India,2014-08-11,2014,33,2014-08-10,2014,33,NOTDEFINED,206.0,206.0,3.0,0.0,41.0,0.0,,0.0,,0.0,,44.0,,,0.0,,0.0,11.0,11.0,55.0,,3.0,,,,,,,,,,,,,IN,201433,201433,,,
SEAR,YR,NH,FLU_STH_ASIA,IND,India,2014-08-18,2014,34,2014-08-17,2014,34,NOTDEFINED,168.0,168.0,2.0,0.0,32.0,0.0,,0.0,,0.0,,34.0,,,0.0,,0.0,12.0,12.0,46.0,,3.0,,,,,,,,,,,,,IN,201434,201434,,,
SEAR,YR,NH,FLU_STH_ASIA,IND,India,2014-08-25,2014,35,2014-08-24,2014,35,NOTDEFINED,178.0,178.0,1.0,0.0,22.0,0.0,,0.0,,0.0,,23.0,,,0.0,,0.0,9.0,9.0,32.0,,3.0,,,,,,,,,,,,,IN,201435,201435,,,
SEAR,YR,NH,FLU_STH_ASIA,IND,India,2014-09-01,2014,36,2014-08-31,2014,36,NOTDEFINED,149.0,149.0,3.0,0.0,13.0,0.0,,0.0,,0.0,,16.0,,,0.0,,0.0,14.0,14.0,30.0,,3.0,,,,,,,,,,,,,IN,201436,201436,,,
SEAR,YR,NH,FLU_STH_ASIA,IND,India,2014-09-08,2014,37,2014-09-07,2014,37,NOTDEFINED,89.0,89.0,4.0,0.0,5.0,0.0,,0.0,,0.0,,9.0,,,0.0,,0.0,9.0,9.0,18.0,,3.0,,,,,,,,,,,,,IN,201437,201437,,,
SEAR,YR,NH,FLU_STH_ASIA,IND,India,2014-09-15,2014,38,2014-09-14,2014,38,NOTDEFINED,73.0,73.0,3.0,0.0,3.0,0.0,,0.0,,0.0,,6.0,,,0.0,,0.0,7.0,7.0,13.0,,3.0,,,,,,,,,,,,,IN,201438,201438,,,
SEAR,YR,NH,FLU_STH_ASIA,IND,India,2014-09-22,2014,39,2014-09-21,2014,39,NOTDEFINED,81.0,81.0,1.0,0.0,3.0,0.0,,0.0,,0.0,,4.0,,,0.0,,0.0,11.0,11.0,15.0,,3.0,,,,,,,,,,,,,IN,201439,201439,,,
SEAR,YR,NH,FLU_STH_ASIA,IND,India,2014-09-29,2014,40,2014-09-28,2014,40,NOTDEFINED,53.0,62.0,1.0,0.0,0.0,0.0,,0.0,,0.0,,1.0,,,0.0,,0.0,9.0,9.0,10.0,,3.0,,,,,,,,,,,,,IN,201440,201440,,,
SEAR,YR,NH,FLU_STH_ASIA,IND,India,2014-10-06,2014,41,2014-10-05,2014,41,NOTDEFINED,68.0,68.0,0.0,0.0,2.0,0.0,,0.0,,0.0,,2.0,,,0.0,,0.0,6.0,6.0,8.0,,3.0,,,,,,,,,,,,,IN,201441,201441,,,
SEAR,YR,NH,FLU_STH_ASIA,IND,India,2014-10-13,2014,42,2014-10-12,2014,42,NOTDEFINED,189.0,189.0,3.0,0.0,8.0,0.0,,0.0,,0.0,,11.0,,,0.0,,0.0,7.0,7.0,18.0,,3.0,,,,,,,,,,,,,IN,201442,201442,,,
SEAR,YR,NH,FLU_STH_ASIA,IND,India,2014-10-20,2014,43,2014-10-19,2014,43,NOTDEFINED,75.0,75.0,1.0,0.0,2.0,0.0,,0.0,,0.0,,3.0,,,0.0,,0.0,4.0,4.0,7.0,,3.0,,,,,,,,,,,,,IN,201443,201443,,,
SEAR,YR,NH,FLU_STH_ASIA,IND,India,2014-10-27,2014,44,2014-10-26,2014,44,NOTDEFINED,64.0,64.0,0.0,0.0,0.0,0.0,,0.0,,0.0,,0.0,,,0.0,,0.0,4.0,4.0,4.0,,3.0,,,,,,,,,,,,,IN,201444,201444,,,
SEAR,YR,NH,FLU_STH_ASIA,IND,India,2014-11-03,2014,45,2014-11-02,2014,45,NOTDEFINED,78.0,78.0,4.0,0.0,2.0,0.0,,0.0,,0.0,,6.0,,,0.0,,0.0,3.0,3.0,9.0,,3.0,,,,,,,,,,,,,IN,201445,201445,,,
SEAR,YR,NH,FLU_STH_ASIA,IND,India,2014-11-10,2014,46,2014-11-09,2014,46,NOTDEFINED,168.0,168.0,2.0,0.0,2.0,0.0,,0.0,,0.0,,4.0,,,0.0,,0.0,11.0,11.0,15.0,,3.0,,,,,,,,,,,,,IN,201446,201446,,,
SEAR,YR,NH,FLU_STH_ASIA,IND,India,2014-11-17,2014,47,2014-11-16,2014,47,NOTDEFINED,55.0,55.0,1.0,0.0,0.0,0.0,,0.0,,0.0,,1.0,,,0.0,,0.0,1.0,1.0,2.0,,3.0,,,,,,,,,,0,,,IN,201447,201447,,,
SEAR,YR,NH,FLU_STH_ASIA,IND,India,2014-11-24,2014,48,2014-11-23,2014,48,NOTDEFINED,65.0,68.0,0.0,0.0,0.0,0.0,,0.0,,0.0,,0.0,,,0.0,,0.0,1.0,1.0,1.0,,3.0,,,,,,,,,,,,,IN,201448,201448,,,
SEAR,YR,NH,FLU_STH_ASIA,IND,India,2014-12-01,2014,49,2014-11-30,2014,49,NOTDEFINED,62.0,62.0,0.0,0.0,0.0,0.0,,0.0,,0.0,,0.0,,,0.0,,0.0,0.0,0.0,,,2.0,,,,,,,,,,0,,,IN,201449,201449,,,
SEAR,YR,NH,FLU_STH_ASIA,IND,India,2014-12-08,2014,50,2014-12-07,2014,50,NOTDEFINED,59.0,59.0,0.0,0.0,2.0,0.0,,0.0,,0.0,,2.0,,,0.0,,0.0,1.0,1.0,3.0,,3.0,,,,,,,,,,,,,IN,201450,201450,,,
SEAR,YR,NH,FLU_STH_ASIA,IND,India,2014-12-15,2014,51,2014-12-14,2014,51,NOTDEFINED,53.0,53.0,1.0,0.0,0.0,0.0,,0.0,,0.0,,1.0,,,0.0,,0.0,0.0,0.0,1.0,,3.0,,,,,,,,,,0,,,IN,201451,201451,,,
SEAR,YR,NH,FLU_STH_ASIA,IND,India,2014-12-22,2014,52,2014-12-21,2014,52,NOTDEFINED,28.0,30.0,0.0,0.0,0.0,0.0,,0.0,,0.0,,0.0,,,0.0,,0.0,1.0,1.0,1.0,,3.0,,,,,,,,,,,,,IN,201452,201452,,,
SEAR,YR,NH,FLU_STH_ASIA,IND,India,2014-12-29,2015,1,2014-12-28,2014,53,NOTDEFINED,24.0,25.0,1.0,0.0,0.0,0.0,,0.0,,0.0,,1.0,,,0.0,,0.0,0.0,0.0,1.0,,3.0,,,,,,,,,,,,,IN,201501,201453,,,
SEAR,YR,NH,FLU_STH_ASIA,IND,India,2015-01-05,2015,2,2015-01-04,2015,1,NOTDEFINED,53.0,53.0,2.0,0.0,0.0,0.0,,0.0,,0.0,,2.0,,,0.0,,0.0,4.0,4.0,6.0,,3.0,,,,,,,,,,,,,IN,201502,201501,,,
SEAR,YR,NH,FLU_STH_ASIA,IND,India,2015-01-12,2015,3,2015-01-11,2015,2,NOTDEFINED,71.0,71.0,4.0,0.0,2.0,0.0,,0.0,,0.0,,6.0,,,0.0,,0.0,0.0,0.0,6.0,,3.0,,,,,,,,,,,,,IN,201503,201502,,,
SEAR,YR,NH,FLU_STH_ASIA,IND,India,2015-01-19,2015,4,2015-01-18,2015,3,NOTDEFINED,87.0,87.0,12.0,0.0,4.0,0.0,,0.0,,0.0,,16.0,,,0.0,,0.0,1.0,1.0,17.0,,3.0,,,,,,,,,,,,,IN,201504,201503,,,
SEAR,YR,NH,FLU_STH_ASIA,IND,India,2015-01-26,2015,5,2015-01-25,2015,4,NOTDEFINED,121.0,121.0,18.0,0.0,9.0,0.0,,0.0,,0.0,,27.0,,,0.0,,0.0,4.0,4.0,31.0,,3.0,,,,,,,,,,,,,IN,201505,201504,,,
SEAR,YR,NH,FLU_STH_ASIA,IND,India,2015-02-02,2015,6,2015-02-01,2015,5,NOTDEFINED,436.0,436.0,103.0,0.0,15.0,0.0,,0.0,,0.0,,118.0,,,0.0,,0.0,9.0,9.0,127.0,,5.0,,,,,,,,,,,,,IN,201506,201505,,,
SEAR,YR,NH,FLU_STH_ASIA,IND,India,2015-02-09,2015,7,2015-02-08,2015,6,NOTDEFINED,815.0,815.0,260.0,0.0,12.0,0.0,,0.0,,0.0,,272.0,,,0.0,,0.0,5.0,5.0,277.0,,5.0,,,,,,,,,,,,,IN,201507,201506,,,
SEAR,YR,NH,FLU_STH_ASIA,IND,India,2015-02-16,2015,8,2015-02-15,2015,7,NOTDEFINED,1920.0,1920.0,626.0,0.0,23.0,0.0,,0.0,,0.0,,649.0,,,0.0,,0.0,11.0,11.0,660.0,,5.0,,,,,,,,,,,,,IN,201508,201507,,,
SEAR,YR,NH,FLU_STH_ASIA,IND,India,2015-02-23,2015,9,2015-02-22,2015,8,NOTDEFINED,2709.0,2709.0,853.0,0.0,27.0,0.0,,0.0,,0.0,,880.0,,,0.0,,0.0,9.0,9.0,889.0,,5.0,,,,,,,,,,,,,IN,201509,201508,,,
SEAR,YR,NH,FLU_STH_ASIA,IND,India,2015-03-02,2015,10,2015-03-01,2015,9,NOTDEFINED,3051.0,3051.0,1033.0,0.0,5.0,0.0,,0.0,,0.0,,1038.0,,,0.0,,0.0,2.0,2.0,1040.0,,5.0,,,,,,,,,,,,,IN,201510,201509,,,
SEAR,YR,NH,FLU_STH_ASIA,IND,India,2015-03-09,2015,11,2015-03-08,2015,10,NOTDEFINED,2816.0,2816.0,925.0,0.0,3.0,0.0,,0.0,,0.0,,928.0,,,0.0,,0.0,0.0,0.0,928.0,,6.0,,,,,,,,,,,,,IN,201511,201510,,,
SEAR,YR,NH,FLU_STH_ASIA,IND,India,2015-03-16,2015,12,2015-03-15,2015,11,NOTDEFINED,2038.0,2038.0,556.0,0.0,1.0,0.0,,0.0,,0.0,,557.0,,,0.0,,0.0,0.0,0.0,557.0,,6.0,,,,,,,,,,,,,IN,201512,201511,,,
SEAR,YR,NH,FLU_STH_ASIA,IND,India,2015-03-23,2015,13,2015-03-22,2015,12,NOTDEFINED,1451.0,1451.0,269.0,0.0,1.0,0.0,,0.0,,0.0,,270.0,,,0.0,,0.0,2.0,2.0,272.0,,6.0,,,,,,,,,,,,,IN,201513,201512,,,
SEAR,YR,NH,FLU_STH_ASIA,IND,India,2015-03-30,2015,14,2015-03-29,2015,13,NOTDEFINED,682.0,682.0,118.0,0.0,0.0,0.0,,0.0,,0.0,,118.0,,,0.0,,0.0,1.0,1.0,119.0,,5.0,,,,,,,,,,,,,IN,201514,201513,,,
SEAR,YR,NH,FLU_STH_ASIA,IND,India,2015-04-06,2015,15,2015-04-05,2015,14,NOTDEFINED,484.0,484.0,66.0,0.0,0.0,0.0,,0.0,,0.0,,66.0,,,0.0,,0.0,0.0,0.0,66.0,,5.0,,,,,,,,,,,,,IN,201515,201514,,,
SEAR,YR,NH,FLU_STH_ASIA,IND,India,2015-04-13,2015,16,2015-04-12,2015,15,NOTDEFINED,306.0,306.0,39.0,0.0,1.0,0.0,,0.0,,0.0,,40.0,,,0.0,,0.0,0.0,0.0,40.0,,5.0,,,,,,,,,,,,,IN,201516,201515,,,
SEAR,YR,NH,FLU_STH_ASIA,IND,India,2015-04-20,2015,17,2015-04-19,2015,16,NOTDEFINED,238.0,238.0,29.0,0.0,0.0,0.0,,0.0,,0.0,,29.0,,,0.0,,0.0,3.0,3.0,32.0,,5.0,,,,,,,,,,,,,IN,201517,201516,,,
SEAR,YR,NH,FLU_STH_ASIA,IND,India,2015-04-27,2015,18,2015-04-26,2015,17,NOTDEFINED,172.0,172.0,14.0,0.0,0.0,0.0,,0.0,,0.0,,14.0,,,0.0,,0.0,0.0,0.0,14.0,,3.0,,,,,,,,,,,,,IN,201518,201517,,,
SEAR,YR,NH,FLU_STH_ASIA,IND,India,2015-05-04,2015,19,2015-05-03,2015,18,NOTDEFINED,103.0,103.0,6.0,0.0,0.0,0.0,,0.0,,0.0,,6.0,,,0.0,,0.0,0.0,0.0,6.0,,3.0,,,,,,,,,,,,,IN,201519,201518,,,
SEAR,YR,NH,FLU_STH_ASIA,IND,India,2015-05-11,2015,20,2015-05-10,2015,19,NOTDEFINED,91.0,93.0,13.0,0.0,0.0,0.0,,0.0,,0.0,,13.0,,,0.0,,0.0,0.0,0.0,13.0,,3.0,,,,,,,,,,,,,IN,201520,201519,,,
SEAR,YR,NH,FLU_STH_ASIA,IND,India,2015-05-18,2015,21,2015-05-17,2015,20,NOTDEFINED,70.0,80.0,8.0,0.0,0.0,0.0,,0.0,,0.0,,8.0,,,0.0,,0.0,0.0,0.0,8.0,,3.0,,,,,,,,,,,,,IN,201521,201520,,,
SEAR,YR,NH,FLU_STH_ASIA,IND,India,2015-05-25,2015,22,2015-05-24,2015,21,NOTDEFINED,54.0,54.0,8.0,0.0,0.0,0.0,,0.0,,0.0,,8.0,,,0.0,,0.0,0.0,0.0,8.0,,3.0,,,,,,,,,,,,,IN,201522,201521,,,
SEAR,YR,NH,FLU_STH_ASIA,IND,India,2015-06-01,2015,23,2015-05-31,2015,22,NOTDEFINED,49.0,50.0,1.0,0.0,0.0,0.0,,0.0,,0.0,,1.0,,,0.0,,0.0,0.0,0.0,1.0,,3.0,,,,,,,,,,,,,IN,201523,201522,,,
SEAR,YR,NH,FLU_STH_ASIA,IND,India,2015-06-08,2015,24,2015-06-07,2015,23,NOTDEFINED,70.0,70.0,4.0,0.0,0.0,0.0,,0.0,,0.0,,4.0,,,0.0,,0.0,0.0,0.0,4.0,,3.0,,,,,,,,,,,,,IN,201524,201523,,,
SEAR,YR,NH,FLU_STH_ASIA,IND,India,2015-06-15,2015,25,2015-06-14,2015,24,NOTDEFINED,71.0,71.0,1.0,0.0,0.0,0.0,,0.0,,0.0,,1.0,,,0.0,,0.0,1.0,1.0,2.0,,3.0,,,,,,,,,,,,,IN,201525,201524,,,
SEAR,YR,NH,FLU_STH_ASIA,IND,India,2015-06-22,2015,26,2015-06-21,2015,25,NOTDEFINED,68.0,68.0,2.0,0.0,0.0,0.0,,0.0,,0.0,,2.0,,,0.0,,0.0,0.0,0.0,2.0,,3.0,,,,,,,,,,,,,IN,201526,201525,,,
SEAR,YR,NH,FLU_STH_ASIA,IND,India,2015-06-29,2015,27,2015-06-28,2015,26,NOTDEFINED,63.0,68.0,0.0,0.0,2.0,0.0,,0.0,,0.0,,2.0,,,0.0,,0.0,0.0,0.0,2.0,,3.0,,,,,,,,,,,,,IN,201527,201526,,,
SEAR,YR,NH,FLU_STH_ASIA,IND,India,2015-07-06,2015,28,2015-07-05,2015,27,NOTDEFINED,59.0,59.0,1.0,0.0,2.0,0.0,,0.0,,0.0,,3.0,,,0.0,,0.0,0.0,0.0,3.0,,3.0,,,,,,,,,,,,,IN,201528,201527,,,
SEAR,YR,NH,FLU_STH_ASIA,IND,India,2015-07-13,2015,29,2015-07-12,2015,28,NOTDEFINED,91.0,91.0,2.0,0.0,0.0,0.0,,0.0,,0.0,,2.0,,,0.0,,0.0,1.0,1.0,3.0,,3.0,,,,,,,,,,,,,IN,201529,201528,,,
SEAR,YR,NH,FLU_STH_ASIA,IND,India,2015-07-20,2015,30,2015-07-19,2015,29,NOTDEFINED,53.0,57.0,3.0,0.0,0.0,0.0,,0.0,,0.0,,3.0,,,0.0,,0.0,5.0,5.0,8.0,,3.0,,,,,,,,,,,,,IN,201530,201529,,,
SEAR,YR,NH,FLU_STH_ASIA,IND,India,2015-07-27,2015,31,2015-07-26,2015,30,NOTDEFINED,80.0,83.0,1.0,0.0,0.0,0.0,,0.0,,0.0,,1.0,,,0.0,,0.0,7.0,7.0,8.0,,3.0,,,,,,,,,,,,,IN,201531,201530,,,
SEAR,YR,NH,FLU_STH_ASIA,IND,India,2015-08-03,2015,32,2015-08-02,2015,31,NOTDEFINED,105.0,115.0,7.0,0.0,0.0,0.0,,0.0,,0.0,,7.0,,,0.0,,0.0,1.0,1.0,8.0,,3.0,,,,,,,,,,,,,IN,201532,201531,,,
SEAR,YR,NH,FLU_STH_ASIA,IND,India,2015-08-10,2015,33,2015-08-09,2015,32,NOTDEFINED,146.0,156.0,19.0,0.0,0.0,0.0,,0.0,,0.0,,19.0,,,0.0,,0.0,0.0,0.0,19.0,,3.0,,,,,,,,,,,,,IN,201533,201532,,,
SEAR,YR,NH,FLU_STH_ASIA,IND,India,2015-08-17,2015,34,2015-08-16,2015,33,NOTDEFINED,159.0,159.0,34.0,0.0,0.0,0.0,,0.0,,0.0,,34.0,,,0.0,,0.0,3.0,3.0,37.0,,3.0,,,,,,,,,,,,,IN,201534,201533,,,
SEAR,YR,NH,FLU_STH_ASIA,IND,India,2015-08-24,2015,35,2015-08-23,2015,34,NOTDEFINED,189.0,189.0,55.0,0.0,0.0,0.0,,0.0,,0.0,,55.0,,,0.0,,0.0,5.0,5.0,60.0,,3.0,,,,,,,,,,,,,IN,201535,201534,,,
SEAR,YR,NH,FLU_STH_ASIA,IND,India,2015-08-31,2015,36,2015-08-30,2015,35,NOTDEFINED,224.0,224.0,60.0,0.0,0.0,0.0,,0.0,,0.0,,60.0,,,0.0,,0.0,2.0,2.0,62.0,,3.0,,,,,,,,,,,,,IN,201536,201535,,,
SEAR,YR,NH,FLU_STH_ASIA,IND,India,2015-09-07,2015,37,2015-09-06,2015,36,NOTDEFINED,184.0,184.0,53.0,0.0,0.0,0.0,,0.0,,0.0,,53.0,,,0.0,,0.0,2.0,2.0,55.0,,3.0,,,,,,,,,,,,,IN,201537,201536,,,
SEAR,YR,NH,FLU_STH_ASIA,IND,India,2015-09-14,2015,38,2015-09-13,2015,37,NOTDEFINED,227.0,227.0,49.0,0.0,0.0,0.0,,0.0,,0.0,,49.0,,,0.0,,0.0,4.0,4.0,53.0,,3.0,,,,,,,,,,,,,IN,201538,201537,,,
SEAR,YR,NH,FLU_STH_ASIA,IND,India,2015-09-21,2015,39,2015-09-20,2015,38,NOTDEFINED,221.0,221.0,60.0,0.0,0.0,0.0,,0.0,,0.0,,60.0,,,0.0,,0.0,5.0,5.0,65.0,,3.0,,,,,,,,,,,,,IN,201539,201538,,,
SEAR,YR,NH,FLU_STH_ASIA,IND,India,2015-09-28,2015,40,2015-09-27,2015,39,NOTDEFINED,204.0,204.0,48.0,0.0,0.0,0.0,,0.0,,0.0,,48.0,,,0.0,,0.0,5.0,5.0,53.0,,3.0,,,,,,,,,,0,,,IN,201540,201539,,,
SEAR,YR,NH,FLU_STH_ASIA,IND,India,2015-10-05,2015,41,2015-10-04,2015,40,NOTDEFINED,272.0,272.0,63.0,0.0,0.0,0.0,,0.0,,0.0,,63.0,,,0.0,,0.0,13.0,13.0,76.0,,3.0,,,,,,,,,,,,,IN,201541,201540,,,
SEAR,YR,NH,FLU_STH_ASIA,IND,India,2015-10-12,2015,42,2015-10-11,2015,41,NOTDEFINED,183.0,183.0,34.0,0.0,0.0,0.0,,0.0,,0.0,,34.0,,,0.0,,0.0,7.0,7.0,41.0,,3.0,,,,,,,,,,,,,IN,201542,201541,,,
SEAR,YR,NH,FLU_STH_ASIA,IND,India,2015-10-19,2015,43,2015-10-18,2015,42,NOTDEFINED,132.0,132.0,21.0,0.0,2.0,0.0,,0.0,,0.0,,23.0,,,0.0,,0.0,3.0,3.0,26.0,,3.0,,,,,,,,,,,,,IN,201543,201542,,,
SEAR,YR,NH,FLU_STH_ASIA,IND,India,2015-10-26,2015,44,2015-10-25,2015,43,NOTDEFINED,146.0,146.0,16.0,0.0,1.0,0.0,,0.0,,0.0,,17.0,,,0.0,,0.0,6.0,6.0,23.0,,3.0,,,,,,,,,,,,,IN,201544,201543,,,
SEAR,YR,NH,FLU_STH_ASIA,IND,India,2015-11-02,2015,45,2015-11-01,2015,44,NOTDEFINED,116.0,116.0,11.0,0.0,0.0,0.0,,0.0,,0.0,,11.0,,,0.0,,0.0,0.0,0.0,11.0,,3.0,,,,,,,,,,,,,IN,201545,201544,,,
SEAR,YR,NH,FLU_STH_ASIA,IND,India,2015-11-09,2015,46,2015-11-08,2015,45,NOTDEFINED,58.0,58.0,10.0,0.0,0.0,0.0,,0.0,,0.0,,10.0,,,0.0,,0.0,0.0,0.0,10.0,,3.0,,,,,,,,,,,,,IN,201546,201545,,,
SEAR,YR,NH,FLU_STH_ASIA,IND,India,2015-11-16,2015,47,2015-11-15,2015,46,NOTDEFINED,74.0,74.0,7.0,0.0,1.0,0.0,,0.0,,0.0,,8.0,,,0.0,,0.0,1.0,1.0,9.0,,3.0,,,,,,,,,,,,,IN,201547,201546,,,
SEAR,YR,NH,FLU_STH_ASIA,IND,India,2015-11-23,2015,48,2015-11-22,2015,47,NOTDEFINED,28.0,28.0,2.0,0.0,0.0,0.0,,0.0,,0.0,,2.0,,,0.0,,0.0,0.0,0.0,2.0,,3.0,,,,,,,,,,,,,IN,201548,201547,,,
SEAR,YR,NH,FLU_STH_ASIA,IND,India,2015-11-30,2015,49,2015-11-29,2015,48,NOTDEFINED,51.0,51.0,4.0,0.0,0.0,0.0,,0.0,,0.0,,4.0,,,0.0,,0.0,1.0,1.0,5.0,,3.0,,,,,,,,,,,,,IN,201549,201548,,,
SEAR,YR,NH,FLU_STH_ASIA,IND,India,2015-12-07,2015,50,2015-12-06,2015,49,NOTDEFINED,57.0,57.0,3.0,0.0,1.0,0.0,,0.0,,0.0,,4.0,,,0.0,,0.0,0.0,0.0,4.0,,3.0,,,,,,,,,,,,,IN,201550,201549,,,
SEAR,YR,NH,FLU_STH_ASIA,IND,India,2015-12-14,2015,51,2015-12-13,2015,50,NOTDEFINED,53.0,53.0,1.0,0.0,0.0,0.0,,0.0,,0.0,,1.0,,,0.0,,0.0,0.0,0.0,1.0,,3.0,,,,,,,,,,,,,IN,201551,201550,,,
SEAR,YR,NH,FLU_STH_ASIA,IND,India,2015-12-21,2015,52,2015-12-20,2015,51,NOTDEFINED,38.0,38.0,1.0,0.0,0.0,0.0,,0.0,,0.0,,1.0,,,0.0,,0.0,0.0,0.0,1.0,,3.0,,,,,,,,,,,,,IN,201552,201551,,,
SEAR,YR,NH,FLU_STH_ASIA,IND,India,2015-12-28,2015,53,2015-12-27,2015,52,NOTDEFINED,25.0,25.0,3.0,0.0,0.0,0.0,,0.0,,0.0,,3.0,,,0.0,,0.0,0.0,0.0,3.0,,3.0,,,,,,,,,,,,,IN,201553,201552,,,
SEAR,YR,NH,FLU_STH_ASIA,IND,India,2016-01-04,2016,1,2016-01-03,2016,1,NOTDEFINED,45.0,45.0,0.0,0.0,3.0,0.0,,0.0,,0.0,,3.0,,,0.0,,0.0,0.0,0.0,3.0,,3.0,,,,,,,,,,,,,IN,201601,201601,,,
SEAR,YR,NH,FLU_STH_ASIA,IND,India,2016-01-11,2016,2,2016-01-10,2016,2,NOTDEFINED,44.0,44.0,1.0,0.0,1.0,0.0,,0.0,,0.0,,2.0,,,0.0,,0.0,1.0,1.0,3.0,,3.0,,,,,,,,,,,,,IN,201602,201602,,,
SEAR,YR,NH,FLU_STH_ASIA,IND,India,2016-01-18,2016,3,2016-01-17,2016,3,NOTDEFINED,29.0,29.0,0.0,0.0,0.0,0.0,,0.0,,0.0,,0.0,,,0.0,,0.0,0.0,0.0,,,3.0,,,,,,,,,,,,,IN,201603,201603,,,
SEAR,YR,NH,FLU_STH_ASIA,IND,India,2016-01-25,2016,4,2016-01-24,2016,4,NOTDEFINED,43.0,43.0,1.0,0.0,3.0,0.0,,0.0,,0.0,,4.0,,,0.0,,0.0,0.0,0.0,4.0,,3.0,,,,,,,,,,,,,IN,201604,201604,,,
SEAR,YR,NH,FLU_STH_ASIA,IND,India,2016-02-01,2016,5,2016-01-31,2016,5,NOTDEFINED,58.0,58.0,4.0,0.0,2.0,0.0,,0.0,,0.0,,6.0,,,0.0,,0.0,0.0,0.0,6.0,,3.0,,,,,,,,,,,,,IN,201605,201605,,,
SEAR,YR,NH,FLU_STH_ASIA,IND,India,2016-02-08,2016,6,2016-02-07,2016,6,NOTDEFINED,58.0,58.0,5.0,0.0,8.0,0.0,,0.0,,0.0,,13.0,,,0.0,,3.0,0.0,3.0,16.0,,3.0,,,,,,,,,,,,,IN,201606,201606,,,
SEAR,YR,NH,FLU_STH_ASIA,IND,India,2016-02-15,2016,7,2016-02-14,2016,7,NOTDEFINED,49.0,49.0,4.0,0.0,3.0,0.0,,0.0,,0.0,,7.0,,,0.0,,0.0,0.0,0.0,7.0,,3.0,,,,,,,,,,,,,IN,201607,201607,,,
SEAR,YR,NH,FLU_STH_ASIA,IND,India,2016-02-22,2016,8,2016-02-21,2016,8,NOTDEFINED,42.0,42.0,1.0,0.0,3.0,0.0,,0.0,,0.0,,4.0,,,0.0,,0.0,1.0,1.0,5.0,,3.0,,,,,,,,,,,,,IN,201608,201608,,,
SEAR,YR,NH,FLU_STH_ASIA,IND,India,2016-02-29,2016,9,2016-02-28,2016,9,NOTDEFINED,31.0,31.0,1.0,0.0,0.0,0.0,,0.0,,0.0,,1.0,,,0.0,,0.0,0.0,0.0,1.0,,3.0,,,,,,,,,,,,,IN,201609,201609,,,
SEAR,YR,NH,FLU_STH_ASIA,IND,India,2016-03-07,2016,10,2016-03-06,2016,10,NOTDEFINED,33.0,33.0,1.0,0.0,0.0,0.0,,0.0,,0.0,,1.0,,,0.0,,0.0,0.0,0.0,1.0,,3.0,,,,,,,,,,,,,IN,201610,201610,,,
SEAR,YR,NH,FLU_STH_ASIA,IND,India,2016-03-14,2016,11,2016-03-13,2016,11,NOTDEFINED,52.0,52.0,2.0,0.0,0.0,0.0,,0.0,,0.0,,2.0,,,0.0,,0.0,0.0,0.0,2.0,,3.0,,,,,,,,,,,,,IN,201611,201611,,,
SEAR,YR,NH,FLU_STH_ASIA,IND,India,2016-03-21,2016,12,2016-03-20,2016,12,NOTDEFINED,22.0,22.0,1.0,0.0,0.0,0.0,,0.0,,0.0,,1.0,,,0.0,,0.0,0.0,0.0,1.0,,3.0,,,,,,,,,,,,,IN,201612,201612,,,
SEAR,YR,NH,FLU_STH_ASIA,IND,India,2016-03-28,2016,13,2016-03-27,2016,13,NOTDEFINED,26.0,26.0,0.0,0.0,0.0,0.0,,0.0,,0.0,,0.0,,,0.0,,0.0,0.0,0.0,,,3.0,,,,,,,,,,,,,IN,201613,201613,,,
SEAR,YR,NH,FLU_STH_ASIA,IND,India,2016-04-04,2016,14,2016-04-03,2016,14,NOTDEFINED,20.0,20.0,1.0,0.0,2.0,0.0,,0.0,,0.0,,3.0,,,0.0,,0.0,0.0,0.0,3.0,,3.0,,,,,,,,,,,,,IN,201614,201614,,,
SEAR,YR,NH,FLU_STH_ASIA,IND,India,2016-04-11,2016,15,2016-04-10,2016,15,NOTDEFINED,33.0,33.0,1.0,0.0,0.0,0.0,,0.0,,0.0,,1.0,,,0.0,,0.0,0.0,0.0,1.0,,3.0,,,,,,,,,,0,,,IN,201615,201615,,,
SEAR,YR,NH,FLU_STH_ASIA,IND,India,2016-04-18,2016,16,2016-04-17,2016,16,NOTDEFINED,23.0,23.0,0.0,0.0,1.0,0.0,,0.0,,0.0,,1.0,,,0.0,,0.0,1.0,1.0,2.0,,3.0,,,,,,,,,,,,,IN,201616,201616,,,
SEAR,YR,NH,FLU_STH_ASIA,IND,India,2016-04-25,2016,17,2016-04-24,2016,17,NOTDEFINED,18.0,18.0,0.0,0.0,0.0,0.0,,0.0,,0.0,,0.0,,,0.0,,0.0,0.0,0.0,,,3.0,,,,,,,,,,,,,IN,201617,201617,,,
SEAR,YR,NH,FLU_STH_ASIA,IND,India,2016-05-02,2016,18,2016-05-01,2016,18,NOTDEFINED,21.0,21.0,0.0,0.0,1.0,0.0,,0.0,,0.0,,1.0,,,0.0,,0.0,0.0,0.0,1.0,,3.0,,,,,,,,,,,,,IN,201618,201618,,,
SEAR,YR,NH,FLU_STH_ASIA,IND,India,2016-05-09,2016,19,2016-05-08,2016,19,NOTDEFINED,18.0,18.0,1.0,0.0,0.0,0.0,,0.0,,0.0,,1.0,,,0.0,,0.0,0.0,0.0,1.0,,3.0,,,,,,,,,,,,,IN,201619,201619,,,
SEAR,YR,NH,FLU_STH_ASIA,IND,India,2016-05-16,2016,20,2016-05-15,2016,20,NOTDEFINED,20.0,20.0,0.0,0.0,0.0,0.0,,0.0,,0.0,,0.0,,,0.0,,0.0,0.0,0.0,,,3.0,,,,,,,,,,,,,IN,201620,201620,,,
SEAR,YR,NH,FLU_STH_ASIA,IND,India,2016-05-23,2016,21,2016-05-22,2016,21,NOTDEFINED,14.0,14.0,0.0,0.0,0.0,0.0,,0.0,,0.0,,0.0,,,0.0,,0.0,0.0,0.0,,,3.0,,,,,,,,,,,,,IN,201621,201621,,,
SEAR,YR,NH,FLU_STH_ASIA,IND,India,2016-05-30,2016,22,2016-05-29,2016,22,NOTDEFINED,15.0,15.0,0.0,0.0,1.0,0.0,,0.0,,0.0,,1.0,,,0.0,,0.0,0.0,0.0,1.0,,3.0,,,,,,,,,,,,,IN,201622,201622,,,
SEAR,YR,NH,FLU_STH_ASIA,IND,India,2016-06-06,2016,23,2016-06-05,2016,23,NOTDEFINED,15.0,15.0,0.0,0.0,1.0,0.0,,0.0,,0.0,,1.0,,,0.0,,0.0,0.0,0.0,1.0,,3.0,,,,,,,,,,,,,IN,201623,201623,,,
SEAR,YR,NH,FLU_STH_ASIA,IND,India,2016-06-13,2016,24,2016-06-12,2016,24,NOTDEFINED,16.0,16.0,0.0,0.0,3.0,0.0,,0.0,,0.0,,3.0,,,1.0,,0.0,0.0,1.0,4.0,,3.0,,,,,,,,,,,,,IN,201624,201624,,,
SEAR,YR,NH,FLU_STH_ASIA,IND,India,2016-06-20,2016,25,2016-06-19,2016,25,NOTDEFINED,26.0,26.0,0.0,0.0,1.0,0.0,,0.0,,0.0,,1.0,,,0.0,,0.0,0.0,0.0,1.0,,3.0,,,,,,,,,,,,,IN,201625,201625,,,
SEAR,YR,NH,FLU_STH_ASIA,IND,India,2016-06-27,2016,26,2016-06-26,2016,26,NOTDEFINED,20.0,20.0,0.0,0.0,0.0,0.0,,0.0,,0.0,,0.0,,,0.0,,0.0,0.0,0.0,,,3.0,,,,,,,,,,,,,IN,201626,201626,,,
SEAR,YR,NH,FLU_STH_ASIA,IND,India,2016-07-04,2016,27,2016-07-03,2016,27,NOTDEFINED,26.0,26.0,0.0,0.0,2.0,0.0,,0.0,,0.0,,2.0,,,0.0,,0.0,0.0,0.0,2.0,,3.0,,,,,,,,,,,,,IN,201627,201627,,,
SEAR,YR,NH,FLU_STH_ASIA,IND,India,2016-07-11,2016,28,2016-07-10,2016,28,NOTDEFINED,37.0,37.0,1.0,0.0,7.0,0.0,,0.0,,0.0,,8.0,,,1.0,,0.0,0.0,1.0,9.0,,3.0,,,,,,,,,,,,,IN,201628,201628,,,
SEAR,YR,NH,FLU_STH_ASIA,IND,India,2016-07-18,2016,29,2016-07-17,2016,29,NOTDEFINED,46.0,46.0,0.0,0.0,2.0,0.0,,0.0,,0.0,,2.0,,,1.0,,0.0,0.0,1.0,3.0,,3.0,,,,,,,,,,,,,IN,201629,201629,,,
SEAR,YR,NH,FLU_STH_ASIA,IND,India,2016-07-25,2016,30,2016-07-24,2016,30,NOTDEFINED,56.0,56.0,0.0,0.0,0.0,0.0,,0.0,,0.0,,0.0,,,0.0,,0.0,3.0,3.0,3.0,,3.0,,,,,,,,,,,,,IN,201630,201630,,,
SEAR,YR,NH,FLU_STH_ASIA,IND,India,2016-08-01,2016,31,2016-07-31,2016,31,NOTDEFINED,51.0,51.0,0.0,0.0,1.0,0.0,,0.0,,0.0,,1.0,,,0.0,,0.0,2.0,2.0,3.0,,3.0,,,,,,,,,,,,,IN,201631,201631,,,
SEAR,YR,NH,FLU_STH_ASIA,IND,India,2016-08-08,2016,32,2016-08-07,2016,32,NOTDEFINED,53.0,53.0,0.0,0.0,0.0,0.0,,0.0,,0.0,,0.0,,,0.0,,0.0,0.0,0.0,,,3.0,,,,,,,,,,,,,IN,201632,201632,,,
SEAR,YR,NH,FLU_STH_ASIA,IND,India,2016-08-15,2016,33,2016-08-14,2016,33,NOTDEFINED,40.0,40.0,1.0,0.0,2.0,0.0,,0.0,,0.0,,3.0,,,0.0,,0.0,0.0,0.0,3.0,,3.0,,,,,,,,,,,,,IN,201633,201633,,,
SEAR,YR,NH,FLU_STH_ASIA,IND,India,2016-08-22,2016,34,2016-08-21,2016,34,NOTDEFINED,93.0,93.0,1.0,0.0,1.0,0.0,,0.0,,0.0,,2.0,,,4.0,,0.0,2.0,6.0,8.0,,3.0,,,,,,,,,,,,,IN,201634,201634,,,
SEAR,YR,NH,FLU_STH_ASIA,IND,India,2016-08-29,2016,35,2016-08-28,2016,35,NOTDEFINED,28.0,28.0,0.0,0.0,0.0,0.0,,0.0,,0.0,,0.0,,,0.0,,0.0,,0.0,,,3.0,,,,,,,,,,,,,IN,201635,201635,,,
SEAR,YR,NH,FLU_STH_ASIA,IND,India,2016-09-05,2016,36,2016-09-04,2016,36,NOTDEFINED,29.0,29.0,0.0,0.0,0.0,0.0,,0.0,,0.0,,0.0,,,0.0,,0.0,0.0,0.0,,,3.0,,,,,,,,,,0,,,IN,201636,201636,,,
SEAR,YR,NH,FLU_STH_ASIA,IND,India,2016-09-12,2016,37,2016-09-11,2016,37,NOTDEFINED,46.0,46.0,0.0,0.0,0.0,0.0,,0.0,,0.0,,0.0,,,0.0,,0.0,0.0,0.0,,,3.0,,,,,,,,,,,,,IN,201637,201637,,,
SEAR,YR,NH,FLU_STH_ASIA,IND,India,2016-09-19,2016,38,2016-09-18,2016,38,NOTDEFINED,27.0,27.0,0.0,0.0,0.0,0.0,,0.0,,0.0,,0.0,,,0.0,,0.0,1.0,1.0,1.0,,3.0,,,,,,,,,,,,,IN,201638,201638,,,
SEAR,YR,NH,FLU_STH_ASIA,IND,India,2016-09-26,2016,39,2016-09-25,2016,39,NOTDEFINED,36.0,36.0,0.0,0.0,0.0,0.0,,0.0,,0.0,,0.0,,,0.0,,0.0,3.0,3.0,3.0,,3.0,,,,,,,,,,,,,IN,201639,201639,,,
SEAR,YR,NH,FLU_STH_ASIA,IND,India,2016-10-03,2016,40,2016-10-02,2016,40,NOTDEFINED,19.0,19.0,0.0,0.0,0.0,0.0,,0.0,,0.0,,0.0,,,0.0,,0.0,2.0,2.0,2.0,,3.0,,,,,,,,,,,,,IN,201640,201640,,,
SEAR,YR,NH,FLU_STH_ASIA,IND,India,2016-10-10,2016,41,2016-10-09,2016,41,NOTDEFINED,28.0,29.0,,,,,,,,,,,,,,,,,,,28.0,3.0,,,,,,,,,,,,,IN,201641,201641,,,
SEAR,YR,NH,FLU_STH_ASIA,IND,India,2016-10-17,2016,42,2016-10-16,2016,42,NOTDEFINED,21.0,21.0,,,,,,,,,,,,,,,,,,,21.0,3.0,,,,,,,,,,,,,IN,201642,201642,,,
SEAR,YR,NH,FLU_STH_ASIA,IND,India,2016-10-24,2016,43,2016-10-23,2016,43,NOTDEFINED,33.0,33.0,0.0,,0.0,0.0,0.0,0.0,,0.0,,0.0,,,,,,1.0,1.0,1.0,32.0,3.0,,,,,,,,,,"Out of 33, 30 samples tested for other respiratory pathogens.
Referred samples tested only for Influenza.",,,IN,201643,201643,,,
SEAR,YR,NH,FLU_STH_ASIA,IND,India,2016-10-31,2016,44,2016-10-30,2016,44,NOTDEFINED,42.0,42.0,,,1.0,,,,,,,1.0,,,,,,3.0,3.0,4.0,38.0,3.0,0.0,0.0,,5.0,0.0,2.0,,1.0,0.0,,,,IN,201644,201644,,,
SEAR,YR,NH,FLU_STH_ASIA,IND,India,2016-11-07,2016,45,2016-11-06,2016,45,NOTDEFINED,84.0,84.0,0.0,,0.0,0.0,0.0,0.0,,0.0,,0.0,,,,,,1.0,1.0,1.0,83.0,3.0,2.0,0.0,,12.0,0.0,7.0,,1.0,0.0,"from 84 samples 67 samples tested for other respiratory viruses.
17 referred samples not tested for other respiratory viruses.",,,IN,201645,201645,,,
SEAR,YR,NH,FLU_STH_ASIA,IND,India,2016-11-14,2016,46,2016-11-13,2016,46,NOTDEFINED,68.0,68.0,,,,,,,,,,,,,,,,,,,68.0,1.0,7.0,0.0,,3.0,1.0,8.0,,3.0,0.0,"out of 68 samples, 62 samples tested for other respiratory viruses.
6 referred samples not tested for other respiratory viruses.",,,IN,201646,201646,,,
SEAR,YR,NH,FLU_STH_ASIA,IND,India,2016-11-21,2016,47,2016-11-20,2016,47,NOTDEFINED,49.0,49.0,0.0,,0.0,0.0,0.0,0.0,,0.0,,0.0,,,,,,1.0,1.0,1.0,48.0,3.0,0.0,0.0,,0.0,1.0,2.0,,1.0,0.0,"out of 49, 9 referred samples not tested for other respiratory viruses.",,,IN,201647,201647,,,
SEAR,YR,NH,FLU_STH_ASIA,IND,India,2016-11-28,2016,48,2016-11-27,2016,48,NOTDEFINED,75.0,82.0,0.0,,0.0,0.0,0.0,0.0,,0.0,,0.0,,,0.0,,0.0,0.0,0.0,,75.0,3.0,5.0,0.0,,1.0,1.0,12.0,,0.0,0.0,"Out of 75, 71 samples processed for other respiratory viruses.

4 referred samples tested only for Influenza",,,IN,201648,201648,,,
SEAR,YR,NH,FLU_STH_ASIA,IND,India,2016-12-05,2016,49,2016-12-04,2016,49,NOTDEFINED,84.0,84.0,,,,,,,,,,,,,,,,,,,84.0,3.0,,,,,,9.0,,,,"out of 84, 3 referred samples not tested for other respiratory viruses.",,,IN,201649,201649,,,
SEAR,YR,NH,FLU_STH_ASIA,IND,India,2016-12-12,2016,50,2016-12-11,2016,50,NOTDEFINED,85.0,85.0,2.0,,1.0,,,,,,,3.0,,,,,,,,3.0,82.0,3.0,8.0,,,6.0,1.0,7.0,,1.0,,"out of 85, 6 referred samples were not tested for other respiratory viruses",,,IN,201650,201650,,,
SEAR,YR,NH,FLU_STH_ASIA,IND,India,2016-12-19,2016,51,2016-12-18,2016,51,NOTDEFINED,100.0,100.0,1.0,,0.0,0.0,0.0,0.0,,0.0,,1.0,,,,,,1.0,1.0,2.0,98.0,3.0,7.0,0.0,,8.0,0.0,16.0,,0.0,0.0,"out of 100, 5 referred sample were not tested for other respiratory viruses.",,,IN,201651,201651,,,
SEAR,YR,NH,FLU_STH_ASIA,IND,India,2016-12-26,2016,52,2016-12-25,2016,52,NOTDEFINED,104.0,104.0,,,,,,,,,,,,,,,,2.0,2.0,2.0,102.0,3.0,7.0,0.0,,8.0,0.0,18.0,,1.0,0.0,"out of 104, 5 referred samples were not tested for other respiratory viruses.",,,IN,201652,201652,,,
SEAR,YR,NH,FLU_STH_ASIA,IND,India,2017-01-02,2017,1,2017-01-01,2017,1,NOTDEFINED,132.0,132.0,4.0,,2.0,,,,,,,6.0,,,,,,1.0,1.0,7.0,125.0,3.0,6.0,0.0,,7.0,5.0,7.0,,1.0,0.0,"out of 132, 6 referred samples were not tested for other respiratory viruse",,,IN,201701,201701,,,
SEAR,YR,NH,FLU_STH_ASIA,IND,India,2017-01-09,2017,2,2017-01-08,2017,2,NOTDEFINED,321.0,321.0,36.0,,,,,,,,,36.0,,,,,,5.0,5.0,41.0,280.0,3.0,7.0,,,13.0,5.0,7.0,,9.0,,"out of 321, 127 referred samples were not tested for other respiratory viruses.",,,IN,201702,201702,,,
SEAR,YR,NH,FLU_STH_ASIA,IND,India,2017-01-16,2017,3,2017-01-15,2017,3,NOTDEFINED,270.0,270.0,47.0,,1.0,,,,,,,48.0,,,,,,11.0,11.0,59.0,211.0,5.0,12.0,,,8.0,9.0,9.0,,2.0,,"out of 270, 123 referred samples were not tested for other respiratory pathogens.",,"More Influenza A(H1N1)pdm09 activity in Chennai (South East of India).
In Chennai, No.of referred samples: 121
            A(H1N1)pdm09 positives: 41",IN,201703,201703,,,
SEAR,YR,NH,FLU_STH_ASIA,IND,India,2017-01-23,2017,4,2017-01-22,2017,4,NOTDEFINED,311.0,311.0,58.0,,,,,,,,,58.0,,,,,,7.0,7.0,65.0,246.0,5.0,4.0,0.0,,12.0,5.0,9.0,,1.0,0.0,"out of 311, 154 referred samples were not tested for other respiratory viruses",,"More Influenza  activity in Chennai(South east of India)
In Chennai No Referred samples: 146
           A(H1N1)pdm09 positives: 51",IN,201704,201704,,,
SEAR,YR,NH,FLU_STH_ASIA,IND,India,2017-01-30,2017,5,2017-01-29,2017,5,NOTDEFINED,379.0,379.0,72.0,,4.0,,,,,,,76.0,,,,,,12.0,12.0,88.0,295.0,5.0,12.0,,,9.0,13.0,7.0,,11.0,,"out of 379,
177 samples tested for influenza and other respiratory pathogens.
202 referred samples tested only for influenza.",,,IN,201705,201705,,,
SEAR,YR,NH,FLU_STH_ASIA,IND,India,2017-02-06,2017,6,2017-02-05,2017,6,NOTDEFINED,470.0,470.0,65.0,,4.0,0.0,0.0,0.0,,0.0,,69.0,,,,,,30.0,30.0,99.0,371.0,5.0,7.0,0.0,,13.0,21.0,5.0,,8.0,0.0,"Out of 470 no. of specimens, 214 samples were tested for other respiratory pathogens.
256 referred samples not tested for other respiratory pathogens.",,"More Influenza A(H1N1)pdm09 activity in chennai(south east of India).
In chennai No.of referred samples: 234
            Influenza A(H1N1)pdm09 positives:60",IN,201706,201706,,,
SEAR,YR,NH,FLU_STH_ASIA,IND,India,2017-02-13,2017,7,2017-02-12,2017,7,NOTDEFINED,407.0,407.0,68.0,,3.0,,,,,,,71.0,,,,,,24.0,24.0,95.0,312.0,5.0,4.0,,,9.0,12.0,8.0,,12.0,,"out of 407 samples, 257 referred samples were not tested for other respiratory viruses.",,"More Influenza A(H1N1)pdm09 activity in Chennai.

Chennai- Referred samples:238
         Influenza A(H1N1)pdm09 positives:60",IN,201707,201707,,,
SEAR,YR,NH,FLU_STH_ASIA,IND,India,2017-02-20,2017,8,2017-02-19,2017,8,NOTDEFINED,524.0,524.0,73.0,,4.0,0.0,0.0,0.0,,0.0,,77.0,,,1.0,,,29.0,30.0,107.0,416.0,5.0,9.0,0.0,,14.0,12.0,9.0,,24.0,0.0,"out of 524, 335 referred samples were not tested for other respiratory viruses.","out of 524, 335 referred samples were not tested for other respiratory viruses.","More Influenza A(H1N1)pdm09 activity in chennai.

Chennai referred samples:316
A(H1N1)pdm09 positives:62",IN,201708,201708,,,
SEAR,YR,NH,FLU_STH_ASIA,IND,India,2017-02-27,2017,9,2017-02-26,2017,9,NOTDEFINED,460.0,460.0,55.0,,6.0,,,,,,,61.0,,,,,,35.0,35.0,96.0,364.0,5.0,12.0,,,14.0,17.0,15.0,,20.0,,"Out of 460, 277 referred samples were not tested for other respiratory viruses.",,"More Influenza A(H1N1)pdm09 activity in chennai.
Chennai referred samples:242
A(H1N1)pdm09 positives:53",IN,201709,201709,,,
SEAR,YR,NH,FLU_STH_ASIA,IND,India,2017-03-06,2017,10,2017-03-05,2017,10,NOTDEFINED,417.0,417.0,66.0,,9.0,,,,,,,75.0,,,,,,22.0,22.0,97.0,320.0,5.0,2.0,,,10.0,7.0,8.0,,22.0,,"Out of 411, 203 referred samples were not tested for other respiratory viruses.",,"More Influenza A(H1N1)pdm09 activity in chennai.
Chennai referred samples:173
A(H1N1)pdm09 positives:42",IN,201710,201710,,,
SEAR,YR,NH,FLU_STH_ASIA,IND,India,2017-03-20,2017,12,2017-03-19,2017,12,NOTDEFINED,386.0,386.0,37.0,,9.0,,,,,,,46.0,,,,,,19.0,19.0,65.0,321.0,5.0,8.0,,,9.0,11.0,8.0,,15.0,,"out of 386 samples, 205 samples were tested for other respiratory viruses.
181 referred samples were not tested for respiratory viruses.",,More Influenza A(H1N1)pdm09 activity in chennai.,IN,201712,201712,,,
SEAR,YR,NH,FLU_STH_ASIA,IND,India,2017-03-27,2017,13,2017-03-26,2017,13,NOTDEFINED,439.0,439.0,74.0,,21.0,,,,,,,95.0,,,,,,20.0,20.0,115.0,324.0,5.0,5.0,,,10.0,22.0,8.0,,38.0,,"out of 439, 170 referred samples were not tested for other respiratory viruses.",,,IN,201713,201713,,,
SEAR,YR,NH,FLU_STH_ASIA,IND,India,2017-04-03,2017,14,2017-04-02,2017,14,NOTDEFINED,293.0,293.0,87.0,,6.0,,,,,,,93.0,,,,,,1.0,1.0,94.0,199.0,5.0,3.0,,,3.0,20.0,7.0,,15.0,,"out of 293,156 samples tested for other respiratory viruses.137 referred samples were not tested for other respiratory viruses.",,,IN,201714,201714,,,
SEAR,YR,NH,FLU_STH_ASIA,IND,India,2017-04-10,2017,15,2017-04-09,2017,15,NOTDEFINED,258.0,258.0,31.0,,7.0,,,,,,,38.0,,,,,,2.0,2.0,40.0,218.0,5.0,5.0,,,4.0,10.0,7.0,,5.0,,,,,IN,201715,201715,,,
SEAR,YR,NH,FLU_STH_ASIA,IND,India,2017-04-17,2017,16,2017-04-16,2017,16,NOTDEFINED,307.0,307.0,52.0,,,,,,,,,52.0,,,,,,6.0,6.0,58.0,249.0,5.0,7.0,,,3.0,13.0,13.0,,11.0,,"out of 307, 130 referred samples were not tested for other respiratory viruses.",,,IN,201716,201716,,,
SEAR,YR,NH,FLU_STH_ASIA,IND,India,2017-04-24,2017,17,2017-04-23,2017,17,NOTDEFINED,368.0,368.0,63.0,,,,,,,,,63.0,,,,,,3.0,3.0,66.0,303.0,5.0,2.0,,,2.0,5.0,3.0,,6.0,,"out of 368,  217 referred samples were not tested for other respiratory viruses.",,,IN,201717,201717,,,
SEAR,YR,NH,FLU_STH_ASIA,IND,India,2017-05-01,2017,18,2017-04-30,2017,18,NOTDEFINED,276.0,276.0,36.0,,,,,,,,,36.0,,,,,,2.0,2.0,38.0,238.0,5.0,2.0,,,,4.0,1.0,,,,"out of 276, 93 samples tested for other respiratory viruses.
183 referred samples were not tested for other respiratory viruses.",,,IN,201718,201718,,,
SEAR,YR,NH,FLU_STH_ASIA,IND,India,2017-05-08,2017,19,2017-05-07,2017,19,NOTDEFINED,199.0,199.0,29.0,,,,,,,,,29.0,,,1.0,,,,1.0,30.0,169.0,5.0,2.0,0.0,,2.0,0.0,0.0,,0.0,0.0,"out of 199 , 85 samples tested for other respiratory viruses.
114 referred samples were not tested for other respiratory viruses.",,,IN,201719,201719,,,
SEAR,YR,NH,FLU_STH_ASIA,IND,India,2017-05-15,2017,20,2017-05-14,2017,20,NOTDEFINED,233.0,233.0,39.0,,4.0,,,,,,,43.0,,,,,,,,43.0,190.0,5.0,0.0,,,0.0,1.0,2.0,,2.0,,"Out of 233, 103 samples were tested for Influenza A(H1N1)pdm09
130 referred samples tested only for Influenza.",,,IN,201720,201720,,,
SEAR,YR,NH,FLU_STH_ASIA,IND,India,2017-05-22,2017,21,2017-05-21,2017,21,NOTDEFINED,267.0,267.0,41.0,,,,,,,,"Out of 267 samples, 103 samples were tested for Influenza A(H1N1)pdm09.
164 referred samples were tested only for Influenza.",41.0,,,,,,,,41.0,226.0,5.0,0.0,,,0.0,3.0,7.0,,2.0,,,,,IN,201721,201721,,,
SEAR,YR,NH,FLU_STH_ASIA,IND,India,2017-05-29,2017,22,2017-05-28,2017,22,NOTDEFINED,172.0,172.0,35.0,,1.0,,,,,,,36.0,,,,,,,,36.0,136.0,5.0,1.0,,,,,1.0,,,,"out of 172, 84 samples were tested for other respiratory viruses.
88 referred samples were tested only for influenza.",,,IN,201722,201722,,,
SEAR,YR,NH,FLU_STH_ASIA,IND,India,2017-06-05,2017,23,2017-06-04,2017,23,NOTDEFINED,147.0,147.0,17.0,,,,,,,,,17.0,,,,,,,,17.0,130.0,3.0,2.0,,,,,1.0,,,,"out of 147, 115 samples tested for other respiratory viruses.
32 referred samples tested only for influenza.",,,IN,201723,201723,,,
SEAR,YR,NH,FLU_STH_ASIA,IND,India,2017-06-26,2017,26,2017-06-25,2017,26,NOTDEFINED,138.0,138.0,24.0,,,,,,,,,24.0,,,,,,,,24.0,114.0,3.0,,,,,3.0,2.0,,2.0,,"out of 138, 44 referred samples were tested only for Influena.",,,IN,201726,201726,,,
SEAR,YR,NH,FLU_STH_ASIA,IND,India,2017-07-03,2017,27,2017-07-02,2017,27,NOTDEFINED,208.0,208.0,29.0,,0.0,0.0,0.0,0.0,,0.0,,29.0,,,,,,,,29.0,179.0,3.0,5.0,0.0,,0.0,6.0,6.0,,0.0,0.0,"Out of 208, 130 cases were tested for other respiratory viruses.
78 referred cases tested only for Influenza.",,,IN,201727,201727,,,
SEAR,YR,NH,FLU_STH_ASIA,IND,India,2017-07-10,2017,28,2017-07-09,2017,28,NOTDEFINED,280.0,280.0,35.0,,,,,,,,,35.0,,,,,,,,35.0,245.0,3.0,2.0,,,1.0,2.0,4.0,,4.0,,"Out of 280, 141 samples were tested for other respiratory viruses,139 referred samples were tested only for Influenza.",,,IN,201728,201728,,,
SEAR,YR,NH,FLU_STH_ASIA,IND,India,2017-07-17,2017,29,2017-07-16,2017,29,NOTDEFINED,232.0,232.0,34.0,,1.0,,,,,,,35.0,,,,,,,,35.0,,3.0,1.0,,,0.0,1.0,4.0,,6.0,,,,"out of 232, 133 samples tested for other respiratory viruses.99 referred samples tested only for influenza.",IN,201729,201729,,,
SEAR,YR,NH,FLU_STH_ASIA,IND,India,2017-07-24,2017,30,2017-07-23,2017,30,NOTDEFINED,279.0,279.0,42.0,,,,,,,,,42.0,,,,,,1.0,1.0,43.0,,5.0,1.0,,,2.0,1.0,3.0,,4.0,,"Out of 279, 149 samples were tested for other respiratory viruses.130 referred samples were tested only for Influenza.",,,IN,201730,201730,,,
SEAR,YR,NH,FLU_STH_ASIA,IND,India,2017-07-31,2017,31,2017-07-30,2017,31,NOTDEFINED,317.0,317.0,69.0,,,,,,,,,69.0,,,,,,,,69.0,248.0,5.0,3.0,,,2.0,3.0,5.0,,2.0,,"Out of 317, 139 samples were tested for other respiratory viruses, 178 referred samples tested only for influenza.",,,IN,201731,201731,,,
SEAR,YR,NH,FLU_STH_ASIA,IND,India,2017-08-07,2017,32,2017-08-06,2017,32,NOTDEFINED,355.0,355.0,94.0,,2.0,,,,,,,96.0,,,,,,,,96.0,259.0,5.0,,,,6.0,1.0,5.0,,9.0,,"Out of 355, 184 samples were tested for other respiratory viruses.
171 referred samples were tested only for Influenza.",,,IN,201732,201732,,,
SEAR,YR,NH,FLU_STH_ASIA,IND,India,2017-08-14,2017,33,2017-08-13,2017,33,NOTDEFINED,488.0,488.0,105.0,,2.0,,,,,,,107.0,,,,,,,,107.0,381.0,5.0,3.0,,,2.0,1.0,3.0,,9.0,,"Out of 488, 184 samples were tested for other respiratory viruses.
304 referred samples tested only for Influenza.",,,IN,201733,201733,,,
SEAR,YR,NH,FLU_STH_ASIA,IND,India,2017-08-28,2017,35,2017-08-27,2017,35,NOTDEFINED,521.0,521.0,71.0,,15.0,,,,,,,86.0,,,,,,,,86.0,435.0,5.0,7.0,,,13.0,1.0,5.0,,7.0,,"Out of 521, 192 samples were tested for other respiratory viruses.
329 refereed samples were tested only for Influenza.",,,IN,201735,201735,,,
SEAR,YR,NH,FLU_STH_ASIA,IND,India,2017-09-04,2017,36,2017-09-03,2017,36,NOTDEFINED,517.0,517.0,74.0,,8.0,,,,,,,82.0,,,,,,,,82.0,435.0,5.0,6.0,,,10.0,3.0,15.0,,8.0,,"out of 517, 183 samples were tested for other respiratory viruses.
334 referred samples were tested only for Influenza.",,,IN,201736,201736,,,
SEAR,YR,NH,FLU_STH_ASIA,IND,India,2017-09-11,2017,37,2017-09-10,2017,37,NOTDEFINED,375.0,375.0,47.0,,15.0,,,,,,,62.0,,,,,,1.0,1.0,63.0,312.0,5.0,9.0,,,14.0,2.0,3.0,,,,"out o 375, 307 Referred samples tested only for Influenza.",,,IN,201737,201737,,,
SEAR,YR,NH,FLU_STH_ASIA,IND,India,2017-09-18,2017,38,2017-09-17,2017,38,NOTDEFINED,334.0,334.0,22.0,,18.0,,,,,,,40.0,,,,,,,,40.0,294.0,5.0,1.0,,,5.0,,6.0,,,,"Out of 334, 100 samples tested for other respiratory viruses.
234 referred samples tested for Influenza.",,,IN,201738,201738,,,
SEAR,YR,NH,FLU_STH_ASIA,IND,India,2017-09-25,2017,39,2017-09-24,2017,39,NOTDEFINED,332.0,332.0,19.0,,7.0,,,,,,,26.0,,,,,,2.0,2.0,28.0,304.0,5.0,1.0,,,5.0,,7.0,,,,"Out of 332, 101 samples tested for other respiratory viruses.
231 referred samples tested only for Influenza",,,IN,201739,201739,,,
SEAR,YR,NH,FLU_STH_ASIA,IND,India,2017-10-02,2017,40,2017-10-01,2017,40,NOTDEFINED,488.0,488.0,70.0,,15.0,,,,,,,85.0,,,,,,,,85.0,403.0,5.0,1.0,,,7.0,1.0,5.0,,7.0,,"Out of 488,152 samples were tested for other respiratory viruses.
336 referred samples were tested only for Influenza.",,,IN,201740,201740,,,
SEAR,YR,NH,FLU_STH_ASIA,IND,India,2017-10-09,2017,41,2017-10-08,2017,41,NOTDEFINED,382.0,382.0,45.0,,8.0,,,,,,,53.0,,,,,,,,53.0,,5.0,3.0,,,5.0,1.0,5.0,,3.0,,"Out of 382, 123 samples tested for other respiratory viruses.
259 referred samples tested only for Influenza.",,,IN,201741,201741,,,
SEAR,YR,NH,FLU_STH_ASIA,IND,India,2017-10-16,2017,42,2017-10-15,2017,42,NOTDEFINED,272.0,272.0,29.0,,14.0,,,,,,,43.0,,,,,,2.0,2.0,45.0,229.0,5.0,1.0,,,2.0,0.0,4.0,,3.0,,"Out of 272, 113 samples tested for other respiratory viruses.
159 referred samples tested only for Influenza.",,,IN,201742,201742,,,
SEAR,YR,NH,FLU_STH_ASIA,IND,India,2017-10-23,2017,43,2017-10-22,2017,43,NOTDEFINED,378.0,378.0,18.0,,6.0,,,,,,,24.0,,,,,,,,24.0,360.0,3.0,1.0,,,2.0,,2.0,,7.0,,"Out of 378,164 samples were tested for other respiratory viruses.
214 referred samples tested only for Influenza.",,,IN,201743,201743,,,
SEAR,YR,NH,FLU_STH_ASIA,IND,India,2017-10-30,2017,44,2017-10-29,2017,44,NOTDEFINED,281.0,281.0,13.0,,8.0,,,,,,,21.0,,,,,,,,21.0,260.0,3.0,1.0,,,0.0,2.0,5.0,,3.0,,"Out 281, 153 samples were tested for other respiratory viruses.
128 referred samples were tested only for Influenza.",,,IN,201744,201744,,,
SEAR,YR,NH,FLU_STH_ASIA,IND,India,2017-11-06,2017,45,2017-11-05,2017,45,NOTDEFINED,283.0,283.0,21.0,,8.0,,,,,,,29.0,,,,,,2.0,2.0,31.0,252.0,3.0,1.0,,,,1.0,2.0,,4.0,,"Out of 283, 195 samples tested for other respiratory viruses.
88 referred samples tested only for Influenza.",,,IN,201745,201745,,,
SEAR,YR,NH,FLU_STH_ASIA,IND,India,2017-11-13,2017,46,2017-11-12,2017,46,NOTDEFINED,324.0,324.0,25.0,,5.0,,,,,,,30.0,,,,,,,,30.0,294.0,3.0,1.0,,,0.0,0.0,1.0,,7.0,,"Out of 324,203 samples tested for other respiratory viruses.
121 referred samples were tested only for Influenza.",,,IN,201746,201746,,,
SEAR,YR,NH,FLU_STH_ASIA,IND,India,2017-11-20,2017,47,2017-11-19,2017,47,NOTDEFINED,287.0,287.0,31.0,,9.0,,,,,,,40.0,,,,,,,,40.0,247.0,3.0,2.0,,,0.0,0.0,4.0,,4.0,,"Out of 287, 202 samples were tested for other respiratory viruses.
85 referred samples tested only for Influenza.",,,IN,201747,201747,,,
SEAR,YR,NH,FLU_STH_ASIA,IND,India,2017-11-27,2017,48,2017-11-26,2017,48,NOTDEFINED,253.0,253.0,21.0,,13.0,,,,,,,34.0,,,,,,1.0,1.0,35.0,219.0,3.0,1.0,,,,1.0,2.0,,3.0,,"Out of 253, 190 samples were tested for other respiratory viruses.
63 referred samples tested only for Influenza.",,,IN,201748,201748,,,
SEAR,YR,NH,FLU_STH_ASIA,IND,India,2017-12-04,2017,49,2017-12-03,2017,49,NOTDEFINED,207.0,207.0,7.0,,5.0,,,,,,,12.0,,,,,,14.0,14.0,26.0,181.0,3.0,3.0,,,3.0,,9.0,,1.0,,"Out of 207, 142 samples tested for other respiratory viruses.
65 referred samples tested only for Influenza.",,,IN,201749,201749,,,
SEAR,YR,NH,FLU_STH_ASIA,IND,India,2017-12-11,2017,50,2017-12-10,2017,50,NOTDEFINED,192.0,192.0,10.0,,5.0,,,,,,,15.0,,,,,,7.0,7.0,22.0,170.0,3.0,1.0,,,2.0,,8.0,,1.0,,"Out of 192, 144 samples tested for other respiratory viruses.
28 referred samples tested only for Influenza.",,,IN,201750,201750,,,
SEAR,YR,NH,FLU_STH_ASIA,IND,India,2017-12-18,2017,51,2017-12-17,2017,51,NOTDEFINED,177.0,177.0,10.0,,1.0,,,,,,,11.0,,,,,,12.0,12.0,23.0,154.0,3.0,2.0,,,,,7.0,,1.0,,"Out of 177, 115 samples tested for other respiratory viruses.
62 referred samples tested only for Influenza.",,,IN,201751,201751,,,
SEAR,YR,NH,FLU_STH_ASIA,IND,India,2017-12-25,2017,52,2017-12-24,2017,52,NOTDEFINED,155.0,155.0,4.0,,5.0,,,,,,,9.0,,,,,,9.0,9.0,18.0,137.0,3.0,2.0,,,3.0,1.0,12.0,,9.0,,"Out of 155, 113 samples were tested for other respiratory viruses. 42 referred samples tested only for Influenza.",,,IN,201752,201752,,,
SEAR,YR,NH,FLU_STH_ASIA,IND,India,2018-01-01,2018,1,2017-12-31,2018,1,NOTDEFINED,526.0,585.0,84.0,,16.0,,,,,,,100.0,,,,,5.0,,5.0,105.0,421.0,4.0,0.0,,,0.0,2.0,0.0,,0.0,,"Out of 526, 13 samples tested for other respiratory viruses, 513 samples tested for only for Influenza.",,,IN,201801,201801,,,
SEAR,YR,NH,FLU_STH_ASIA,IND,India,2018-01-08,2018,2,2018-01-07,2018,2,NOTDEFINED,117.0,117.0,3.0,,,,,,,,,3.0,,,1.0,,3.0,6.0,10.0,13.0,104.0,3.0,3.0,,,2.0,1.0,,,2.0,,"out of 117, 72 samples tested for other respiratory viruses.45 referred samples tested only for Influenza.",,,IN,201802,201802,,,
SEAR,YR,NH,FLU_STH_ASIA,IND,India,2018-01-15,2018,3,2018-01-14,2018,3,NOTDEFINED,200.0,200.0,3.0,,,,,,,,,3.0,,,1.0,,2.0,15.0,18.0,21.0,179.0,3.0,0.0,0.0,,0.0,3.0,1.0,,2.0,0.0,"Out of 200, 104 samples were tested for other respiratory viruses.
96 referred samples were tested only for Influenza.",,,IN,201803,201803,,,
SEAR,YR,NH,FLU_STH_ASIA,IND,India,2018-01-22,2018,4,2018-01-21,2018,4,NOTDEFINED,183.0,183.0,6.0,,6.0,,,,,,,12.0,,,1.0,,4.0,6.0,11.0,23.0,160.0,3.0,3.0,,,1.0,5.0,2.0,,4.0,,"Out of 183, 121 samples tested for other respiratory viruses.
62 referred samples tested only for Influenza",,,IN,201804,201804,,,
SEAR,YR,NH,FLU_STH_ASIA,IND,India,2018-01-29,2018,5,2018-01-28,2018,5,NOTDEFINED,211.0,211.0,3.0,,4.0,,,,,,,7.0,,,,,11.0,7.0,18.0,25.0,186.0,3.0,3.0,,,0.0,5.0,3.0,,6.0,,"Out of 211, 150 samples tested for other respiratory viruses & 61 referred samples tested only for Influenza.",,,IN,201805,201805,,,
SEAR,YR,NH,FLU_STH_ASIA,IND,India,2018-02-05,2018,6,2018-02-04,2018,6,NOTDEFINED,266.0,266.0,5.0,,5.0,,,,,,,10.0,,,,,6.0,10.0,16.0,26.0,220.0,3.0,2.0,,,0.0,3.0,1.0,,11.0,,"Out of 266, 180 samples tested for other respiratory viruses & 86 referred samples tested only for Influenza.",,,IN,201806,201806,,,
SEAR,YR,NH,FLU_STH_ASIA,IND,India,2018-02-12,2018,7,2018-02-11,2018,7,NOTDEFINED,175.0,175.0,3.0,,1.0,,,,,,,4.0,,,3.0,,7.0,3.0,13.0,17.0,140.0,3.0,3.0,,,0.0,5.0,11.0,,3.0,,"Out of 175, 132 samples tested for other respiratory viruses & 43 referred samples tested only for Influenza.",,,IN,201807,201807,,,
SEAR,YR,NH,FLU_STH_ASIA,IND,India,2018-02-19,2018,8,2018-02-18,2018,8,NOTDEFINED,194.0,194.0,3.0,,5.0,,,,,,,8.0,,,1.0,,12.0,6.0,19.0,27.0,167.0,3.0,3.0,,,2.0,4.0,3.0,,10.0,,"Out of 194,137 samples tested for other respiratory viruses & 57 referred samples tested only for Influenza.",,,IN,201808,201808,,,
SEAR,YR,NH,FLU_STH_ASIA,IND,India,2018-02-26,2018,9,2018-02-25,2018,9,NOTDEFINED,150.0,150.0,0.0,,3.0,,,,,,,3.0,,,,,5.0,3.0,8.0,11.0,139.0,3.0,5.0,,,5.0,2.0,5.0,,8.0,,"Out of 150, 101 samples tested for other respiratory viruses & 49 referred samples tested only for Influenza.",,,IN,201809,201809,,,
SEAR,YR,NH,FLU_STH_ASIA,IND,India,2018-03-05,2018,10,2018-03-04,2018,10,NOTDEFINED,163.0,163.0,1.0,,,,,,,,,1.0,,,,,5.0,7.0,12.0,13.0,150.0,3.0,5.0,,,3.0,3.0,2.0,,6.0,,"Out of 163, 93 samples were tested for other respiratory pathogens.
70 referred samples were tested only for Influenza.",,,IN,201810,201810,,,
SEAR,YR,NH,FLU_STH_ASIA,IND,India,2018-03-12,2018,11,2018-03-11,2018,11,NOTDEFINED,168.0,168.0,1.0,,,,,,,,,1.0,,,1.0,,2.0,1.0,4.0,5.0,163.0,3.0,4.0,,,0.0,6.0,0.0,,5.0,,"Out of 168, 101 samples tested for other respiratory viruses & 67 samples tested only for Influenza.",,,IN,201811,201811,,,
SEAR,YR,NH,FLU_STH_ASIA,IND,India,2018-03-19,2018,12,2018-03-18,2018,12,NOTDEFINED,158.0,158.0,1.0,,,,,,,,,1.0,,,1.0,,3.0,5.0,9.0,10.0,148.0,3.0,2.0,,,,1.0,0.0,,10.0,,"Out of 158, 124 samples tested for other respiratory viruses & 34 referred samples tested only for Influenza.",,,IN,201812,201812,,,
SEAR,YR,NH,FLU_STH_ASIA,IND,India,2018-03-26,2018,13,2018-03-25,2018,13,NOTDEFINED,125.0,125.0,1.0,,2.0,,,,,,,3.0,,,,,3.0,2.0,5.0,8.0,117.0,3.0,4.0,,,0.0,4.0,1.0,,3.0,,"Out of 125, 90 samples tested for other respiratory viruses & 35 referred samples tested only for Influenza.",,,IN,201813,201813,,,
SEAR,YR,NH,FLU_STH_ASIA,IND,India,2018-04-02,2018,14,2018-04-01,2018,14,NOTDEFINED,119.0,119.0,1.0,,3.0,,,,,,,4.0,,,,,,4.0,4.0,8.0,111.0,3.0,8.0,,,1.0,4.0,0.0,,2.0,,"Out of 119, 93 samples tested for other respiratory viruses & 26 samples tested only for Influenza.",,,IN,201814,201814,,,
SEAR,YR,NH,FLU_STH_ASIA,IND,India,2018-04-09,2018,15,2018-04-08,2018,15,NOTDEFINED,119.0,119.0,4.0,,,,,,,,,4.0,,,,,,3.0,3.0,7.0,112.0,3.0,6.0,,,1.0,2.0,1.0,,1.0,,,,"Out of 119, 88 samples tested for other respiratory viruses & 31 referred samples tested only for Influenza.",IN,201815,201815,,,
SEAR,YR,NH,FLU_STH_ASIA,IND,India,2018-04-16,2018,16,2018-04-15,2018,16,NOTDEFINED,104.0,104.0,1.0,,,,,,,,,1.0,,,0.0,,1.0,8.0,9.0,10.0,94.0,3.0,1.0,,,0.0,3.0,2.0,,1.0,,"Out of 104, 86 samples tested for other respiratory viruses & 18 referred samples tested only for Influenza.",,,IN,201816,201816,,,
SEAR,YR,NH,FLU_STH_ASIA,IND,India,2018-04-23,2018,17,2018-04-22,2018,17,NOTDEFINED,94.0,94.0,1.0,,,,,,,,,1.0,,,,,,2.0,2.0,3.0,91.0,3.0,0.0,,,0.0,5.0,1.0,,5.0,,"Out of 94, 70 samples tested for other respiratory viruses & 24 referred samples tested only for Influenza.",,,IN,201817,201817,,,
SEAR,YR,NH,FLU_STH_ASIA,IND,India,2018-04-30,2018,18,2018-04-29,2018,18,NOTDEFINED,94.0,94.0,1.0,,,,,,,,,1.0,,,,,,4.0,4.0,5.0,89.0,3.0,1.0,,,1.0,1.0,0.0,,2.0,,"Out of 94, 68 samples tested for other respiratory viruses & 26 samples tested only for Influenza.",,,IN,201818,201818,,,
SEAR,YR,NH,FLU_STH_ASIA,IND,India,2018-05-07,2018,19,2018-05-06,2018,19,NOTDEFINED,101.0,101.0,,,,,,,,,,,,,1.0,,1.0,2.0,4.0,4.0,97.0,3.0,3.0,,,0.0,2.0,5.0,,3.0,,"Out of 101, 82 samples tested for other respiratory viruses & 19 referred samples tested only for Influenza.",,,IN,201819,201819,,,
SEAR,YR,NH,FLU_STH_ASIA,IND,India,2018-05-14,2018,20,2018-05-13,2018,20,NOTDEFINED,128.0,128.0,,,,,,,,,,,,,,,,1.0,1.0,1.0,127.0,3.0,4.0,,,0.0,6.0,12.0,,7.0,,"Out of 128, 105 samples tested for other respiratory viruses & 23 referred samples tested only for Influenza.",,,IN,201820,201820,,,
SEAR,YR,NH,FLU_STH_ASIA,IND,India,2018-05-21,2018,21,2018-05-20,2018,21,NOTDEFINED,127.0,127.0,1.0,,0.0,,,,,,,1.0,,,,,,2.0,2.0,3.0,124.0,3.0,2.0,,,0.0,2.0,8.0,,4.0,,"Out of 127, 98 samples tested for other respiratory viruses & 29 referred samples tested only for Influenza.",,,IN,201821,201821,,,
SEAR,YR,NH,FLU_STH_ASIA,IND,India,2018-05-28,2018,22,2018-05-27,2018,22,NOTDEFINED,126.0,126.0,,,,,,,,,,,,,,,,2.0,2.0,2.0,124.0,3.0,1.0,,,0.0,1.0,3.0,,3.0,,"Out of 126, 106 samples tested for other respiratory viruses & 20 referred samples tested only for Influenza.",,,IN,201822,201822,,,
SEAR,YR,NH,FLU_STH_ASIA,IND,India,2018-06-04,2018,23,2018-06-03,2018,23,NOTDEFINED,103.0,103.0,0.0,,1.0,,,,,,,1.0,,,,,,5.0,5.0,6.0,97.0,3.0,1.0,,,1.0,3.0,4.0,,3.0,,"Out of 103, 94 samples tested for other respiratory viruses & 9 referred samples tested only for Influenza.",,,IN,201823,201823,,,
SEAR,YR,NH,FLU_STH_ASIA,IND,India,2018-06-11,2018,24,2018-06-10,2018,24,NOTDEFINED,98.0,98.0,,,,,,,,,,,,,,,,2.0,2.0,2.0,96.0,3.0,0.0,,,0.0,5.0,6.0,,1.0,,"Out of 98, 82 samples tested for other respiratory viruses & 16 referred samples tested only for Influenza.",,,IN,201824,201824,,,
SEAR,YR,NH,FLU_STH_ASIA,IND,India,2018-06-18,2018,25,2018-06-17,2018,25,NOTDEFINED,109.0,109.0,,,,,,,,,,,,,,,,1.0,1.0,1.0,108.0,3.0,2.0,,,1.0,2.0,3.0,,5.0,,"Out of 109, 88 samples tested for other respiratory viruses & 21 referred samples tested only for Influenza..",,,IN,201825,201825,,,
SEAR,YR,NH,FLU_STH_ASIA,IND,India,2018-06-25,2018,26,2018-06-24,2018,26,NOTDEFINED,126.0,126.0,,,,,,,,,,,,,,,,,,,126.0,3.0,3.0,,,1.0,4.0,7.0,,1.0,,"Out of 126, 105 samples tested for other respiratory viruses & 21 referred samples tested only for Influenza.",,,IN,201826,201826,,,
SEAR,YR,NH,FLU_STH_ASIA,IND,India,2018-07-02,2018,27,2018-07-01,2018,27,NOTDEFINED,104.0,104.0,,,,,,,,,,,,,,,,,,,104.0,3.0,3.0,,,1.0,2.0,1.0,,1.0,,"Out of 104, 85 samples tested for other respiratory viruses & 19 referred samples tested only for Influenza.",,,IN,201827,201827,,,
SEAR,YR,NH,FLU_STH_ASIA,IND,India,2018-07-09,2018,28,2018-07-08,2018,28,NOTDEFINED,123.0,123.0,0.0,,1.0,,,,,,,1.0,,,,,,,,1.0,122.0,3.0,3.0,,,0.0,0.0,3.0,,6.0,,"Out of 123, 103 samples tested for other respiratory viruses & 20 samples tested only for Influenza.",,,IN,201828,201828,,,
SEAR,YR,NH,FLU_STH_ASIA,IND,India,2018-07-16,2018,29,2018-07-15,2018,29,NOTDEFINED,141.0,141.0,1.0,,,,,,,,,1.0,,,,,,,,1.0,140.0,3.0,1.0,,,0.0,1.0,7.0,,8.0,,,,"Out of 141, 106 samples tested for other respiratory viruses & 35 samples tested only for Influenza.",IN,201829,201829,,,
SEAR,YR,NH,FLU_STH_ASIA,IND,India,2018-07-23,2018,30,2018-07-22,2018,30,NOTDEFINED,154.0,162.0,1.0,,,,,,,,,1.0,,,,,,1.0,1.0,2.0,152.0,3.0,0.0,,,0.0,2.0,7.0,,12.0,,"Out of 154, 125 samples tested for other respiratory viruses & 29 samples tested only for Influenza.",,,IN,201830,201830,,,
SEAR,YR,NH,FLU_STH_ASIA,IND,India,2018-07-30,2018,31,2018-07-29,2018,31,NOTDEFINED,153.0,168.0,2.0,,,,,,,,,2.0,,,,,,6.0,6.0,8.0,143.0,3.0,1.0,,,1.0,2.0,9.0,,12.0,,"Out of 153, 121 samples tested for other respiratory viruses & 32 samples tested only for Influenza.",,,IN,201831,201831,,,
SEAR,YR,NH,FLU_STH_ASIA,IND,India,2018-08-06,2018,32,2018-08-05,2018,32,NOTDEFINED,143.0,162.0,2.0,,1.0,,,,,,,3.0,,,,,,1.0,1.0,4.0,139.0,3.0,1.0,,,3.0,3.0,8.0,,16.0,,"Out of 143, 100 samples tested for other respiratory viruses & 43 samples tested only for Influenza.",,,IN,201832,201832,,,
SEAR,YR,NH,FLU_STH_ASIA,IND,India,2018-08-13,2018,33,2018-08-12,2018,33,NOTDEFINED,143.0,153.0,1.0,,,,,,,,,1.0,,,2.0,,,1.0,3.0,4.0,139.0,3.0,1.0,,,0.0,3.0,3.0,,12.0,,"Out of 143, 89 samples tested for other respiratory viruses & 54 samples tested only for Influenza.",,,IN,201833,201833,,,
SEAR,YR,NH,FLU_STH_ASIA,IND,India,2018-08-20,2018,34,2018-08-19,2018,34,NOTDEFINED,186.0,195.0,7.0,,,,,,,,,7.0,,,1.0,,1.0,,2.0,9.0,,4.0,1.0,,,1.0,2.0,5.0,,27.0,,"Out of 186, 127 samples tested for other respiratory viruses & 59 samples tested only for Influenza.",,,IN,201834,201834,,,
SEAR,YR,NH,FLU_STH_ASIA,IND,India,2018-08-27,2018,35,2018-08-26,2018,35,NOTDEFINED,207.0,207.0,21.0,,4.0,,,,,,,25.0,,,,,1.0,4.0,5.0,30.0,177.0,4.0,3.0,,,3.0,1.0,3.0,,5.0,,"Out of 207, 133 samples tested for other respiratory viruses & 74 samples tested only for Influenza.",,,IN,201835,201835,,,
SEAR,YR,NH,FLU_STH_ASIA,IND,India,2018-09-03,2018,36,2018-09-02,2018,36,NOTDEFINED,346.0,352.0,61.0,,15.0,,,,,,,76.0,,,,,,2.0,2.0,78.0,267.0,4.0,2.0,,,0.0,0.0,1.0,,16.0,,"Out of 346, 194 samples tested for other respiratory viruses & 152 samples tested only for Influenza.",,,IN,201836,201836,,,
SEAR,YR,NH,FLU_STH_ASIA,IND,India,2018-09-10,2018,37,2018-09-09,2018,37,NOTDEFINED,409.0,409.0,104.0,,24.0,,,,,,,128.0,,,,,,1.0,1.0,129.0,280.0,4.0,5.0,,,2.0,0.0,2.0,,21.0,,"Out of 409, 179 samples tested for other respiratory pathogens.230 samples tested only for Influenza.",,,IN,201837,201837,,,
SEAR,YR,NH,FLU_STH_ASIA,IND,India,2018-09-17,2018,38,2018-09-16,2018,38,NOTDEFINED,501.0,509.0,119.0,,20.0,,,,,,,139.0,,,,,6.0,1.0,7.0,146.0,355.0,4.0,2.0,,,4.0,1.0,4.0,,18.0,,"Out of 501, 173 samples tested for other respiratory viruses. 328 samples tested only for influenza.",,,IN,201838,201838,,,
SEAR,YR,NH,FLU_STH_ASIA,IND,India,2018-09-24,2018,39,2018-09-23,2018,39,NOTDEFINED,495.0,496.0,116.0,,13.0,,,,,,,129.0,,,,,3.0,,3.0,132.0,366.0,4.0,4.0,,,2.0,2.0,6.0,,17.0,,"Out of 495, 169 samples tested for other respiratory viruses & 326 referred samples tested only for Influenza.",,,IN,201839,201839,,,
SEAR,YR,NH,FLU_STH_ASIA,IND,India,2018-10-01,2018,40,2018-09-30,2018,40,NOTDEFINED,463.0,463.0,118.0,,29.0,,,,,,,147.0,,,,,4.0,,4.0,151.0,312.0,4.0,7.0,,,1.0,0.0,4.0,,5.0,,"Out of 463, 176 samples tested for other respiratory viruses & 287 samples tested only for Influenza.",,,IN,201840,201840,,,
SEAR,YR,NH,FLU_STH_ASIA,IND,India,2018-10-08,2018,41,2018-10-07,2018,41,NOTDEFINED,448.0,448.0,80.0,,7.0,,,,,,,87.0,,,,,2.0,,2.0,89.0,359.0,4.0,2.0,,,0.0,0.0,3.0,,3.0,,Out of 448 167 samples tested for other respiratory viruses & 281 samples tested only for Influenza.,,,IN,201841,201841,,,
SEAR,YR,NH,FLU_STH_ASIA,IND,India,2018-10-15,2018,42,2018-10-14,2018,42,NOTDEFINED,394.0,398.0,61.0,,8.0,,,,,,,69.0,,,,,3.0,,3.0,72.0,322.0,4.0,0.0,,,0.0,1.0,1.0,,4.0,,"Out of 394, 111 samples tested for other respiratory viruses, 283 referred samples tested only for influenza.",,,IN,201842,201842,,,
SEAR,YR,NH,FLU_STH_ASIA,IND,India,2018-10-22,2018,43,2018-10-21,2018,43,NOTDEFINED,510.0,510.0,74.0,,10.0,,,,,,,84.0,,,,,,,,84.0,426.0,4.0,1.0,,,3.0,1.0,,,2.0,,,,"Out of 510, 102 samples tested for other respiratory viruses & 408 referred samples tested only for Influenza.",IN,201843,201843,,,
SEAR,YR,NH,FLU_STH_ASIA,IND,India,2018-10-29,2018,44,2018-10-28,2018,44,NOTDEFINED,531.0,540.0,97.0,,5.0,,,,,,,102.0,,,,,,,,102.0,429.0,4.0,1.0,,,1.0,2.0,0.0,,2.0,,"Out of 531, 158 samples tested for other respiratory viruses & 373 samples tested only for Influenza.",,,IN,201844,201844,,,
SEAR,YR,NH,FLU_STH_ASIA,IND,India,2018-11-05,2018,45,2018-11-04,2018,45,NOTDEFINED,347.0,362.0,39.0,,3.0,,,,,,,42.0,,,,,1.0,,1.0,43.0,304.0,4.0,2.0,,,0.0,0.0,0.0,,2.0,,"Out of 347, 67 samples tested for other respiratory viruses & 280 samples tested only for Influenza.",,,IN,201845,201845,,,
SEAR,YR,NH,FLU_STH_ASIA,IND,India,2018-11-12,2018,46,2018-11-11,2018,46,NOTDEFINED,381.0,381.0,15.0,,5.0,,,,,,,20.0,,,,,,1.0,1.0,21.0,360.0,4.0,1.0,,,0.0,0.0,0.0,,1.0,,"Out of 381, 65 samples tested for other respiratory viruses & 316 samples tested only for Influenza.",,,IN,201846,201846,,,
SEAR,YR,NH,FLU_STH_ASIA,IND,India,2018-11-19,2018,47,2018-11-18,2018,47,NOTDEFINED,323.0,323.0,41.0,,7.0,,,,,,,48.0,,,,,,1.0,1.0,49.0,274.0,4.0,2.0,,,1.0,1.0,1.0,,2.0,,"Out of 323, 77 samples tested for other respiratory viruses & 246 samples tested only for Influenza.",,,IN,201847,201847,,,
SEAR,YR,NH,FLU_STH_ASIA,IND,India,2018-11-26,2018,48,2018-11-25,2018,48,NOTDEFINED,293.0,293.0,30.0,,1.0,,,,,,,31.0,,,,,,1.0,1.0,32.0,261.0,4.0,1.0,,,0.0,0.0,2.0,,2.0,,"Out of 293, 83 samples tested for other respiratory viruses & 210 samples tested only for Influenza.",,,IN,201848,201848,,,
SEAR,YR,NH,FLU_STH_ASIA,IND,India,2018-12-03,2018,49,2018-12-02,2018,49,NOTDEFINED,274.0,310.0,32.0,,4.0,,,,,,,36.0,,,,,3.0,,3.0,39.0,235.0,4.0,0.0,,,1.0,1.0,4.0,,1.0,,"Out of 274, 37 samples tested for other respiratory viruses & 237 samples tested only for Influenza.",,,IN,201849,201849,,,
SEAR,YR,NH,FLU_STH_ASIA,IND,India,2018-12-10,2018,50,2018-12-09,2018,50,NOTDEFINED,630.0,630.0,82.0,,33.0,,,,,,,115.0,,,,,4.0,,4.0,119.0,511.0,4.0,0.0,,,0.0,1.0,0.0,,0.0,,,,"Out of 630, 19 samples tested for other respiratory viruses & 611 samples tested only for Influenza.",IN,201850,201850,,,
SEAR,YR,NH,FLU_STH_ASIA,IND,India,2018-12-17,2018,51,2018-12-16,2018,51,NOTDEFINED,564.0,578.0,71.0,,15.0,,,,,,,86.0,,,1.0,,1.0,,2.0,88.0,476.0,4.0,2.0,,,0.0,1.0,0.0,,1.0,,"Out of 564, 19 samples tested for other respiratory viruses & 545 samples tested only for Influenza.",,,IN,201851,201851,,,
SEAR,YR,NH,FLU_STH_ASIA,IND,India,2018-12-24,2018,52,2018-12-23,2018,52,NOTDEFINED,522.0,539.0,71.0,,18.0,,,,,,,89.0,,,,,,2.0,2.0,91.0,431.0,4.0,,,,,2.0,,,,,"Out of 522, 34 samples tested for other respiratory viruses & 488 samples tested only for Influenza.",,,IN,201852,201852,,,
SEAR,YR,NH,FLU_STH_ASIA,IND,India,2018-12-31,2019,1,2018-12-30,2019,1,NOTDEFINED,1069.0,1098.0,178.0,,86.0,,,,,,,264.0,,,,,5.0,,5.0,269.0,800.0,4.0,0.0,,,0.0,2.0,0.0,,0.0,,"Out of 1069, 13 samples tested for other respiratory viruses and 1056 samples tested for influenza only.",,,IN,201901,201901,,,
SEAR,YR,NH,FLU_STH_ASIA,IND,India,2019-01-07,2019,2,2019-01-06,2019,2,NOTDEFINED,1855.0,1876.0,316.0,,182.0,,,,,,,498.0,,,1.0,,3.0,,4.0,502.0,1353.0,4.0,2.0,,,0.0,1.0,0.0,,0.0,,"Out of 1855, 23 samples tested for other respiratory viruses and 1832 samples tested for influenza only.",,,IN,201902,201902,,,
SEAR,YR,NH,FLU_STH_ASIA,IND,India,2019-01-14,2019,3,2019-01-13,2019,3,NOTDEFINED,1866.0,1916.0,307.0,,187.0,,,,,,,494.0,,,,,2.0,1.0,3.0,497.0,1369.0,4.0,1.0,,,0.0,2.0,3.0,,2.0,,"Out of 1866, 29 samples tested for other respiratory viruses and 1837 samples tested for influenza only.",,,IN,201903,201903,,,
SEAR,YR,NH,FLU_STH_ASIA,IND,India,2019-01-21,2019,4,2019-01-20,2019,4,NOTDEFINED,2041.0,2041.0,365.0,,236.0,,,,,,,601.0,,,,,4.0,,4.0,605.0,1436.0,5.0,,,,,5.0,,,1.0,,"Out of 2041, 32 samples tested for other respiratory viruses and 2009 samples tested for influenza only.",,,IN,201904,201904,,,
SEAR,YR,NH,FLU_STH_ASIA,IND,India,2019-01-28,2019,5,2019-01-27,2019,5,NOTDEFINED,2723.0,2754.0,490.0,,181.0,,,,,1.0,"1- Influenza A(H9N2) case deteted from 77 samples received from Melghat, Amravati, Maharashtra (Tribal area)",672.0,,,,,2.0,,2.0,674.0,2051.0,4.0,5.0,,,2.0,20.0,11.0,,,,,13 A(H1N1)pdm09 positives tested for  H275Y mutation-All samples were sensitive,"Samples tested only for Influenza A(H1N1)pdm09, Inf B",IN,201905,201905,,,
SEAR,YR,NH,FLU_STH_ASIA,IND,India,2019-02-04,2019,6,2019-02-03,2019,6,NOTDEFINED,2915.0,2927.0,534.0,,205.0,,,,,,,739.0,,,,,6.0,2.0,8.0,747.0,2168.0,5.0,3.0,,,0.0,1.0,0.0,,,,"Out of 2915, 33 samples tested for other respiratory viruses and 2882 samples tested for influenza only.",,,IN,201906,201906,,,
SEAR,YR,NH,FLU_STH_ASIA,IND,India,2019-02-11,2019,7,2019-02-10,2019,7,NOTDEFINED,3068.0,3073.0,590.0,,278.0,,,,,,,868.0,,,,,2.0,1.0,3.0,871.0,2197.0,5.0,1.0,,,1.0,1.0,0.0,,0.0,,"Out of 3068, 26 samples tested for other respiratory viruses and 3042 samples tested for influenza only.",,,IN,201907,201907,,,
SEAR,YR,NH,FLU_STH_ASIA,IND,India,2019-02-18,2019,8,2019-02-17,2019,8,NOTDEFINED,2800.0,2849.0,485.0,,121.0,,,,,,,606.0,,,2.0,,3.0,0.0,5.0,611.0,2189.0,5.0,3.0,,,1.0,2.0,,,1.0,,"Out of 2800, 34 samples tested for other respiratory viruses and 2766 samples tested for influenza only.",,,IN,201908,201908,,,
SEAR,YR,NH,FLU_STH_ASIA,IND,India,2019-02-25,2019,9,2019-02-24,2019,9,NOTDEFINED,2752.0,2802.0,515.0,,97.0,,,,,,,612.0,,,4.0,,2.0,0.0,6.0,618.0,2134.0,5.0,3.0,,,,1.0,,,2.0,,"Out of 2752, 28 samples tested for all respiratory viruses and 2724 samples tested only for influenza.",,,IN,201909,201909,,,
SEAR,YR,NH,FLU_STH_ASIA,IND,India,2019-03-04,2019,10,2019-03-03,2019,10,NOTDEFINED,2182.0,2194.0,402.0,,46.0,,,,,,,448.0,,,3.0,,,0.0,3.0,451.0,1731.0,5.0,2.0,,,,2.0,,,0.0,,"Out of 2182, 25 samples tested for other respiratory viruses and 2157 samples tested for influenza only.",,,IN,201910,201910,,,
SEAR,YR,NH,FLU_STH_ASIA,IND,India,2019-03-11,2019,11,2019-03-10,2019,11,NOTDEFINED,1993.0,2018.0,375.0,,55.0,,,,,,,430.0,,,3.0,,2.0,0.0,5.0,435.0,1558.0,5.0,1.0,,,1.0,0.0,0.0,,0.0,,"Out of 1993, 24 samples tested for other respiratory viruses and 1969 samples tested for influenza only.",,,IN,201911,201911,,,
SEAR,YR,NH,FLU_STH_ASIA,IND,India,2019-03-18,2019,12,2019-03-17,2019,12,NOTDEFINED,1218.0,1230.0,183.0,,28.0,,,,,,,211.0,,,7.0,,1.0,6.0,14.0,225.0,993.0,5.0,,,,,1.0,,,,,"Out of 1218, 24 samples tested for other respiratory viruses and 1194 samples tested for influenza only.",,,IN,201912,201912,,,
SEAR,YR,NH,FLU_STH_ASIA,IND,India,2019-03-25,2019,13,2019-03-24,2019,13,NOTDEFINED,1446.0,1462.0,222.0,,20.0,,,,,,,242.0,,,8.0,,6.0,2.0,16.0,258.0,1188.0,5.0,,,,2.0,2.0,,,,,"Out of 1446, 35 samples tested for other respiratory viruses and 1411 samples tested for influenza only.",,,IN,201913,201913,,,
SEAR,YR,NH,FLU_STH_ASIA,IND,India,2019-04-01,2019,14,2019-03-31,2019,14,NOTDEFINED,1123.0,1149.0,144.0,,17.0,,,,,,,161.0,,,9.0,,9.0,,18.0,179.0,944.0,5.0,2.0,,,2.0,1.0,1.0,,0.0,,,,"Out of 1123, 21 samples tested for other respiratory viruses and 1102 samples tested for influenza only.",IN,201914,201914,,,
SEAR,YR,NH,FLU_STH_ASIA,IND,India,2019-04-08,2019,15,2019-04-07,2019,15,NOTDEFINED,921.0,921.0,112.0,,20.0,,,,,,,132.0,,,2.0,,28.0,0.0,30.0,162.0,759.0,5.0,2.0,,,1.0,2.0,1.0,,,,"Out of 921, 34 samples tested for other respiratory viruses and 887 samples tested for influenza only.",,,IN,201915,201915,,,
SEAR,YR,NH,FLU_STH_ASIA,IND,India,2019-04-15,2019,16,2019-04-14,2019,16,NOTDEFINED,641.0,665.0,58.0,,27.0,,,,,,,85.0,,,2.0,,4.0,0.0,6.0,91.0,550.0,5.0,0.0,,,0.0,0.0,1.0,,0.0,,"Out of 641, 19 samples tested for other respiratory viruses and 622 samples tested for influenza only.",,,IN,201916,201916,,,
SEAR,YR,NH,FLU_STH_ASIA,IND,India,2019-04-22,2019,17,2019-04-21,2019,17,NOTDEFINED,743.0,745.0,73.0,,11.0,,,,,,,84.0,,,8.0,,9.0,,17.0,101.0,642.0,4.0,,,,,1.0,1.0,,,,"Out of 743, 15 samples tested for other respiratory viruses and 728 samples tested for influenza only.",,,IN,201917,201917,,,
SEAR,YR,NH,FLU_STH_ASIA,IND,India,2019-04-29,2019,18,2019-04-28,2019,18,NOTDEFINED,708.0,717.0,40.0,,7.0,,,,,,,47.0,,,9.0,,5.0,1.0,15.0,62.0,646.0,4.0,,,,,,1.0,,,,"Out of 708, 15 samples tested for other respiratory viruses and 693 samples tested for influenza only.",,,IN,201918,201918,,,
SEAR,YR,NH,FLU_STH_ASIA,IND,India,2019-05-06,2019,19,2019-05-05,2019,19,NOTDEFINED,487.0,498.0,41.0,,10.0,,,,,,,51.0,,,5.0,,0.0,1.0,6.0,57.0,430.0,4.0,,,,,,,,,,"Out of 487, 12 samples tested for other respiratory viruses and 475 samples tested for influenza only.",,,IN,201919,201919,,,
SEAR,YR,NH,FLU_STH_ASIA,IND,India,2019-05-13,2019,20,2019-05-12,2019,20,NOTDEFINED,507.0,508.0,45.0,,10.0,,,,,,,55.0,,,4.0,,0.0,4.0,8.0,63.0,444.0,4.0,0.0,,,0.0,1.0,0.0,,0.0,,"Out of 507, 21 samples tested for other respiratory viruses and 486 samples tested for influenza only.",,,IN,201920,201920,,,
SEAR,YR,NH,FLU_STH_ASIA,IND,India,2019-05-20,2019,21,2019-05-19,2019,21,NOTDEFINED,561.0,567.0,55.0,,8.0,,,,,,,63.0,,,8.0,,1.0,1.0,10.0,73.0,488.0,4.0,,,,,1.0,1.0,,,,"Out of 561, 19 samples tested for other respiratory viruses and 542 samples tested for influenza only.",,,IN,201921,201921,,,
SEAR,YR,NH,FLU_STH_ASIA,IND,India,2019-05-27,2019,22,2019-05-26,2019,22,NOTDEFINED,631.0,650.0,56.0,,12.0,,,,,,,68.0,,,2.0,,,3.0,5.0,73.0,558.0,4.0,2.0,,,0.0,1.0,0.0,,0.0,,"Out of 631, 9 samples tested for other respiratory viruses and 622 samples tested for influenza only.",,,IN,201922,201922,,,
SEAR,YR,NH,FLU_STH_ASIA,IND,India,2019-06-03,2019,23,2019-06-02,2019,23,NOTDEFINED,312.0,324.0,25.0,,20.0,,,,,,,45.0,,,4.0,,,3.0,7.0,52.0,260.0,4.0,1.0,,,0.0,0.0,2.0,,0.0,,"Out of 312, 14 samples tested for other respiratory viruses and 298 samples tested for influenza only.",,,IN,201923,201923,,,
SEAR,YR,NH,FLU_STH_ASIA,IND,India,2019-06-10,2019,24,2019-06-09,2019,24,NOTDEFINED,565.0,566.0,42.0,,32.0,,,,,,,74.0,,,8.0,,,1.0,9.0,83.0,482.0,4.0,3.0,,,0.0,1.0,0.0,,0.0,,"Out of 565, 17 samples tested for other respiratory viruses and 548 samples tested for influenza only.",,,IN,201924,201924,,,
SEAR,YR,NH,FLU_STH_ASIA,IND,India,2019-06-17,2019,25,2019-06-16,2019,25,NOTDEFINED,516.0,531.0,34.0,,36.0,,,,,,,70.0,,,7.0,,,10.0,17.0,87.0,429.0,4.0,,,,,,2.0,,,,"Out of 516, 17 samples tested for other respiratory viruses and 499 samples tested for influenza only.",,,IN,201925,201925,,,
SEAR,YR,NH,FLU_STH_ASIA,IND,India,2019-06-24,2019,26,2019-06-23,2019,26,NOTDEFINED,611.0,612.0,41.0,,65.0,,,,,,,106.0,,,14.0,,0.0,5.0,19.0,125.0,486.0,4.0,1.0,,,0.0,1.0,2.0,,0.0,,,,"Samples tested only for Influenza A(H1N1)pdm09, A(H3)",IN,201926,201926,,,
SEAR,YR,NH,FLU_STH_ASIA,IND,India,2019-07-01,2019,27,2019-06-30,2019,27,NOTDEFINED,661.0,644.0,59.0,,79.0,,,,,,,138.0,,,6.0,,0.0,22.0,28.0,166.0,495.0,4.0,,,,,,,,,,,,"Samples tested only for Influenza A(H1N1)pdm09, A(H3)",IN,201927,201927,,,
SEAR,YR,NH,FLU_STH_ASIA,IND,India,2019-07-08,2019,28,2019-07-07,2019,28,NOTDEFINED,492.0,500.0,30.0,,44.0,,,0.0,,,,74.0,,,7.0,,0.0,12.0,19.0,93.0,408.0,4.0,,,,,,,,1.0,,,"2- A(H1N1)pdm09 samples tested for Antiviral susceptability: 1-Sensitive, 1: Undetermined.","Samples tested only for Influenza A(H1N1)pdm09, A(H3)",IN,201928,201928,,,
SEAR,YR,NH,FLU_STH_ASIA,IND,India,2019-07-15,2019,29,2019-07-14,2019,29,NOTDEFINED,819.0,819.0,77.0,,83.0,,,,,,,160.0,,,21.0,,0.0,34.0,55.0,215.0,604.0,4.0,1.0,,,,,,,,,,,"Samples tested only for Influenza A(H1N1)pdm09, A(H3)",IN,201929,201929,,,
SEAR,YR,NH,FLU_STH_ASIA,IND,India,2019-07-22,2019,30,2019-07-21,2019,30,NOTDEFINED,710.0,725.0,54.0,,51.0,,,,,,,105.0,,,13.0,,11.0,48.0,72.0,177.0,527.0,4.0,1.0,,,3.0,2.0,0.0,,1.0,,,5 Inf A(H1N1)pdm09 clinical samples were assessed for the H274Y mutation by allelic discrimination using real-time RT-PCR. One sample found reduced susceptibility to Oseltamivir.,"Samples tested only for Influenza A(H1N1)pdm09, A(H3)",IN,201930,201930,,,
SEAR,YR,NH,FLU_STH_ASIA,IND,India,2019-07-29,2019,31,2019-07-28,2019,31,NOTDEFINED,737.0,737.0,27.0,,42.0,,,,,,,69.0,,,22.0,,1.0,41.0,64.0,133.0,604.0,4.0,1.0,,,2.0,1.0,2.0,,,,,"2- A(H1N1)pdm09 samples tested for Antiviral susceptability: 1-Sensitive, 1- Undetermined","Samples tested only for Influenza A(H1N1)pdm09, A(H3)",IN,201931,201931,,,
SEAR,YR,NH,FLU_STH_ASIA,IND,India,2019-08-05,2019,32,2019-08-04,2019,32,NOTDEFINED,777.0,778.0,42.0,,76.0,,,,,,,118.0,,,18.0,,0.0,40.0,58.0,176.0,601.0,4.0,1.0,,,2.0,,,,,,,2- A(H1N1)pdm09 positive samples tested for Antiviral susceptability and found sensitive,"Samples tested only for Influenza A(H1N1)pdm09, Inf B",IN,201932,201932,,,
SEAR,YR,NH,FLU_STH_ASIA,IND,India,2019-08-12,2019,33,2019-08-11,2019,33,NOTDEFINED,644.0,650.0,31.0,,63.0,,,,,,,94.0,,,20.0,,0.0,18.0,38.0,132.0,512.0,4.0,1.0,,,7.0,1.0,1.0,,0.0,,,,"Samples tested only for Influenza A(H1N1)pdm09, Inf B",IN,201933,201933,,,
SEAR,YR,NH,FLU_STH_ASIA,IND,India,2019-08-19,2019,34,2019-08-18,2019,34,NOTDEFINED,859.0,861.0,28.0,,104.0,,,,,,,132.0,,,39.0,,2.0,46.0,87.0,219.0,661.0,4.0,,,,4.0,,,,,,,,"Samples tested only for Influenza A(H1N1)pdm09, Inf B",IN,201934,201934,,,
SEAR,YR,NH,FLU_STH_ASIA,IND,India,2019-08-26,2019,35,2019-08-25,2019,35,NOTDEFINED,784.0,785.0,20.0,,79.0,,,,,,,99.0,,,29.0,,,41.0,70.0,169.0,646.0,4.0,,,,4.0,,,,,,,,"Samples tested only for Influenza A(H1N1)pdm09, Inf B",IN,201935,201935,,,
SEAR,YR,NH,FLU_STH_ASIA,IND,India,2019-09-02,2019,36,2019-09-01,2019,36,NOTDEFINED,982.0,983.0,28.0,,100.0,,,,,,,128.0,,,22.0,,,46.0,68.0,196.0,786.0,4.0,,,,8.0,,,,1.0,,,,"Samples tested only for Influenza A(H1N1)pdm09, Inf B",IN,201936,201936,,,
SEAR,YR,NH,FLU_STH_ASIA,IND,India,2019-09-09,2019,37,2019-09-08,2019,37,NOTDEFINED,580.0,581.0,12.0,,46.0,,,,,,,58.0,,,16.0,,0.0,24.0,40.0,98.0,482.0,4.0,,,,8.0,,,,2.0,,,,"Samples tested only for Influenza A(H1N1)pdm09, A(H3)",IN,201937,201937,,,
SEAR,YR,NH,FLU_STH_ASIA,IND,India,2019-09-16,2019,38,2019-09-15,2019,38,NOTDEFINED,908.0,934.0,33.0,,77.0,,,,,,,110.0,,,33.0,,0.0,23.0,56.0,166.0,742.0,4.0,,,,4.0,,,,2.0,,,,"Samples tested only for Influenza A(H1N1)pdm09, Inf B",IN,201938,201938,,,
SEAR,YR,NH,FLU_STH_ASIA,IND,India,2019-09-23,2019,39,2019-09-22,2019,39,NOTDEFINED,995.0,1005.0,29.0,,40.0,,,,,,,69.0,,,51.0,,0.0,20.0,71.0,140.0,855.0,4.0,,,,6.0,,,,1.0,,,,"Samples tested only for Influenza A(H1N1)pdm09, Inf B",IN,201939,201939,,,
SEAR,YR,NH,FLU_STH_ASIA,IND,India,2019-09-30,2019,40,2019-09-29,2019,40,NOTDEFINED,563.0,565.0,12.0,,24.0,,,,,,,36.0,,,3.0,,0.0,22.0,25.0,61.0,502.0,4.0,,,,5.0,,2.0,,5.0,,,,"Samples tested only for Influenza A(H1N1)pdm09, Inf B",IN,201940,201940,,,
SEAR,YR,NH,FLU_STH_ASIA,IND,India,2019-10-07,2019,41,2019-10-06,2019,41,NOTDEFINED,633.0,634.0,9.0,,25.0,,,,,,,34.0,,,6.0,,0.0,15.0,21.0,55.0,578.0,4.0,1.0,,,1.0,,,,,,,,"Samples tested only for Influenza A(H1N1)pdm09, Inf B",IN,201941,201941,,,
SEAR,YR,NH,FLU_STH_ASIA,IND,India,2019-10-14,2019,42,2019-10-13,2019,42,NOTDEFINED,672.0,672.0,6.0,,8.0,,,,,,,14.0,,,14.0,,0.0,15.0,29.0,43.0,,4.0,1.0,,,2.0,,2.0,,12.0,,,,"Samples tested only for Influenza A(H1N1)pdm09, Inf B",IN,201942,201942,,,
SEAR,YR,NH,FLU_STH_ASIA,IND,India,2019-10-21,2019,43,2019-10-20,2019,43,NOTDEFINED,701.0,729.0,6.0,,13.0,,,,,,,19.0,,,11.0,,0.0,11.0,22.0,41.0,,4.0,0.0,,,3.0,1.0,3.0,,19.0,,,,"Samples tested only for Influenza A(H1N1)pdm09, Inf B",IN,201943,201943,,,
SEAR,YR,NH,FLU_STH_ASIA,IND,India,2019-10-28,2019,44,2019-10-27,2019,44,NOTDEFINED,467.0,472.0,5.0,,11.0,,,,,,,16.0,,,7.0,,0.0,9.0,16.0,32.0,,3.0,,,,1.0,,1.0,,9.0,,,,"Samples tested only for Influenza A(H1N1)pdm09, Inf B",IN,201944,201944,,,
SEAR,YR,NH,FLU_STH_ASIA,IND,India,2019-11-04,2019,45,2019-11-03,2019,45,NOTDEFINED,591.0,609.0,9.0,,9.0,0.0,0.0,0.0,,0.0,0,18.0,,,1.0,,0.0,12.0,13.0,31.0,,3.0,2.0,,,3.0,1.0,1.0,,9.0,,,,"Samples tested only for Influenza A(H1N1)pdm09, Inf B",IN,201945,201945,,,
SEAR,YR,NH,FLU_STH_ASIA,IND,India,2019-11-11,2019,46,2019-11-10,2019,46,NOTDEFINED,626.0,634.0,11.0,,14.0,,,,,,,25.0,,,2.0,,,2.0,4.0,29.0,,3.0,,,,1.0,1.0,3.0,,9.0,,,,"Samples tested only for Influenza A(H1N1)pdm09, Inf B",IN,201946,201946,,,
SEAR,YR,NH,FLU_STH_ASIA,IND,India,2019-11-18,2019,47,2019-11-17,2019,47,NOTDEFINED,726.0,746.0,8.0,,8.0,,,,,,,16.0,,,3.0,,,16.0,19.0,35.0,,3.0,,,,,,3.0,,10.0,,,,"Samples tested only for Influenza A(H1N1)pdm09, Inf B",IN,201947,201947,,,
SEAR,YR,NH,FLU_STH_ASIA,IND,India,2019-11-25,2019,48,2019-11-24,2019,48,NOTDEFINED,677.0,695.0,6.0,,4.0,,,,,,,10.0,,,,,,2.0,2.0,12.0,,3.0,0.0,,,1.0,2.0,1.0,,10.0,,,,"Samples tested only for Influenza A(H1N1)pdm09, Inf B",IN,201948,201948,,,
SEAR,YR,NH,FLU_STH_ASIA,IND,India,2019-12-02,2019,49,2019-12-01,2019,49,NOTDEFINED,362.0,372.0,1.0,,2.0,,,,,,,3.0,,,3.0,,,1.0,4.0,7.0,,3.0,1.0,,,,2.0,,,11.0,,,,"Samples tested only for Influenza A(H1N1)pdm09, Inf B",IN,201949,201949,,,
SEAR,YR,NH,FLU_STH_ASIA,IND,India,2019-12-09,2019,50,2019-12-08,2019,50,NOTDEFINED,491.0,505.0,3.0,,2.0,,,,,,,5.0,,,,,,4.0,4.0,9.0,,3.0,1.0,,,0.0,3.0,0.0,,13.0,,,,"Samples tested only for Influenza A(H1N1)pdm09, Inf B",IN,201950,201950,,,
SEAR,YR,NH,FLU_STH_ASIA,IND,India,2019-12-16,2019,51,2019-12-15,2019,51,NOTDEFINED,312.0,318.0,4.0,,1.0,,,,,,,5.0,,,,,,3.0,3.0,8.0,,3.0,1.0,,,0.0,3.0,1.0,,12.0,,,,"Samples tested only for Influenza A(H1N1)pdm09, A(H3N2)",IN,201951,201951,,,
SEAR,YR,NH,FLU_STH_ASIA,IND,India,2019-12-23,2019,52,2019-12-22,2019,52,NOTDEFINED,526.0,526.0,7.0,,4.0,,,,,,,11.0,,,1.0,,,2.0,3.0,14.0,,3.0,1.0,,,,,,,3.0,,,,"Samples tested only for Influenza A(H1N1)pdm09, A(H3N2)",IN,201952,201952,,,
SEAR,YR,NH,FLU_STH_ASIA,IND,India,2019-12-30,2020,1,2019-12-29,2020,1,NOTDEFINED,387.0,387.0,2.0,,1.0,,,,,,,3.0,,,,,,,,3.0,,3.0,,,,,2.0,,,1.0,,,,Samples tested only for Influenza,IN,202001,202001,,,
SEAR,YR,NH,FLU_STH_ASIA,IND,India,2020-01-06,2020,2,2020-01-05,2020,2,NOTDEFINED,337.0,337.0,10.0,,0.0,,,,,,,10.0,,,,,,2.0,2.0,12.0,,3.0,1.0,,,,1.0,,,5.0,,,,Samples tested only for Influenza,IN,202002,202002,,,
SEAR,YR,NH,FLU_STH_ASIA,IND,India,2020-01-13,2020,3,2020-01-12,2020,3,NOTDEFINED,239.0,242.0,10.0,,0.0,,,,,,,10.0,,,0.0,,0.0,2.0,2.0,12.0,,3.0,,,,,7.0,,,2.0,,,,Samples tested only for Influenza,IN,202003,202003,,,
SEAR,YR,NH,FLU_STH_ASIA,IND,India,2020-01-27,2020,5,2020-01-26,2020,5,NOTDEFINED,305.0,312.0,14.0,,,,,,,,,14.0,,,,,,,,14.0,,3.0,,,,,,,,,,,,Samples tested only for Influenza,IN,202005,202005,,,
SEAR,YR,NH,FLU_STH_ASIA,IND,India,2020-02-03,2020,6,2020-02-02,2020,6,NOTDEFINED,340.0,347.0,19.0,,1.0,,,,,,,20.0,,,,,,,,20.0,,3.0,2.0,,,,,,,2.0,,,,Samples tested only for Influenza,IN,202006,202006,,,
SEAR,YR,NH,FLU_STH_ASIA,IND,India,2020-02-10,2020,7,2020-02-09,2020,7,NOTDEFINED,620.0,620.0,31.0,,9.0,,,,,,,40.0,,,,,,,,40.0,,3.0,2.0,,,,3.0,,,2.0,,,,Samples tested only for Influenza A(H1N1)pdm09,IN,202007,202007,,,
SEAR,YR,NH,FLU_STH_ASIA,IND,India,2020-02-17,2020,8,2020-02-16,2020,8,NOTDEFINED,693.0,693.0,84.0,,16.0,,,,,,,100.0,,,43.0,,,,43.0,143.0,,4.0,,,,,1.0,1.0,,,,,,Samples tested only for Influenza,IN,202008,202008,,,
SEAR,YR,NH,FLU_STH_ASIA,IND,India,2020-02-24,2020,9,2020-02-23,2020,9,NOTDEFINED,816.0,816.0,143.0,,27.0,,,,,,,170.0,,,49.0,,,,49.0,219.0,,4.0,1.0,,,,1.0,,,,,,,Samples tested only for Influenza,IN,202009,202009,,,
SEAR,YR,NH,FLU_STH_ASIA,IND,India,2020-03-02,2020,10,2020-03-01,2020,10,NOTDEFINED,488.0,488.0,78.0,,15.0,,,,,,,93.0,,,,,,20.0,20.0,113.0,,4.0,,,,1.0,,1.0,,,,,,Samples tested only for Influenza,IN,202010,202010,,,
SEAR,YR,NH,FLU_STH_ASIA,IND,India,2020-03-09,2020,11,2020-03-08,2020,11,NOTDEFINED,400.0,400.0,24.0,,1.0,,,,,,,25.0,,,1.0,,,3.0,4.0,29.0,,4.0,1.0,,,,,,,1.0,,,,Samples tested only for Influenza,IN,202011,202011,,,
SEAR,YR,NH,FLU_STH_ASIA,IND,India,2020-03-16,2020,12,2020-03-15,2020,12,NOTDEFINED,800.0,800.0,11.0,,1.0,,,,,,,12.0,,,,,,2.0,2.0,14.0,,3.0,,,,,,,,,,,,Samples tested only for Influenza,IN,202012,202012,,,
SEAR,YR,NH,FLU_STH_ASIA,IND,India,2020-03-23,2020,13,2020-03-22,2020,13,NOTDEFINED,1254.0,1254.0,8.0,,1.0,,,,,,,9.0,,,,,,5.0,5.0,14.0,,3.0,,,,,,,,,,,,Samples tested only for Influenza. Samples referred from India,IN,202013,202013,,,
SEAR,YR,NH,FLU_STH_ASIA,IND,India,2020-03-30,2020,14,2020-03-29,2020,14,NOTDEFINED,1235.0,1235.0,5.0,,,,,,,,,5.0,,,,,,,,5.0,,3.0,,,,,,,,,,,,Samples tested only for Influenza.,IN,202014,202014,,,
SEAR,YR,NH,FLU_STH_ASIA,IND,India,2020-04-06,2020,15,2020-04-05,2020,15,NOTDEFINED,373.0,373.0,1.0,,,,,,,,,1.0,,,,,,,,1.0,,2.0,,,,,,,,,,,,Samples tested only for Influenza.,IN,202015,202015,,,
SEAR,YR,NH,FLU_STH_ASIA,IND,India,2020-04-13,2020,16,2020-04-12,2020,16,NOTDEFINED,93.0,93.0,,,,,,,,,,,,,,,,,,,,2.0,,,,,,,,,,,,Samples tested only for Influenza.,IN,202016,202016,,,
SEAR,YR,NH,FLU_STH_ASIA,IND,India,2020-04-20,2020,17,2020-04-19,2020,17,NOTDEFINED,66.0,66.0,,,,,,,,,,,,,,,,,,,,2.0,,,,,,,,,,,,Samples tested only for Influenza.,IN,202017,202017,,,
SEAR,YR,NH,FLU_STH_ASIA,IND,India,2020-04-27,2020,18,2020-04-26,2020,18,NOTDEFINED,26.0,26.0,,,,,,,,,,,,,,,,,,,,2.0,,,,,,,,,,,,Samples tested only for Influenza.,IN,202018,202018,,,
SEAR,YR,NH,FLU_STH_ASIA,IND,India,2020-05-04,2020,19,2020-05-03,2020,19,NOTDEFINED,6.0,6.0,,,,,,,,,,,,,,,,,,,,2.0,,,,,,,,,,,,Samples tested only for Influenza.,IN,202019,202019,,,
SEAR,YR,NH,FLU_STH_ASIA,IND,India,2020-05-25,2020,22,2020-05-24,2020,22,NOTDEFINED,6.0,6.0,,,,,,,,,,,,,,,,,,,,2.0,,,,,,,,,,,,Samples tested only for Other respiratory viruses.,IN,202022,202022,,,
SEAR,YR,NH,FLU_STH_ASIA,IND,India,2020-06-01,2020,23,2020-05-31,2020,23,NOTDEFINED,23.0,23.0,,,,,,,,,,,,,,,,,,,,2.0,,,,,,,,,,,,Samples tested only for Other respiratory viruses.,IN,202023,202023,,,
SEAR,YR,NH,FLU_STH_ASIA,IND,India,2020-06-08,2020,24,2020-06-07,2020,24,NOTDEFINED,10.0,10.0,,,,,,,,,,,,,,,,,,,,2.0,,,,,,,,,,,,Samples tested  for  Influenza and Other respiratory viruses.,IN,202024,202024,,,
SEAR,YR,NH,FLU_STH_ASIA,IND,India,2020-06-15,2020,25,2020-06-14,2020,25,NOTDEFINED,86.0,86.0,0.0,,,,,,,,,0.0,,,,,,,,,,2.0,,,,,,,,,,,,Samples tested only for Inf A(H1N1)pdm09,IN,202025,202025,,,
SEAR,YR,NH,FLU_STH_ASIA,IND,India,2020-06-22,2020,26,2020-06-21,2020,26,NOTDEFINED,57.0,57.0,,,,,,,,,,,,,,,,,,,,2.0,,,,,,,,,,,,Samples tested  for  Influenza and Other respiratory viruses.,IN,202026,202026,,,
SEAR,YR,NH,FLU_STH_ASIA,IND,India,2020-06-29,2020,27,2020-06-28,2020,27,NOTDEFINED,79.0,79.0,,,,,,,,,,,,,,,,,,,,2.0,,,,2.0,,,,,,,,Samples tested only for Inf A(H1N1)pdm09,IN,202027,202027,,,
SEAR,YR,NH,FLU_STH_ASIA,IND,India,2020-07-06,2020,28,2020-07-05,2020,28,NOTDEFINED,81.0,81.0,,,,,,,,,,,,,,,,,,,,2.0,,,,,,,,,,,,Samples tested only for Inf A(H1N1)pdm09,IN,202028,202028,,,
SEAR,YR,NH,FLU_STH_ASIA,IND,India,2020-07-13,2020,29,2020-07-12,2020,29,NOTDEFINED,129.0,129.0,,,,,,,,,,,,,,,,,,,,2.0,,,,,,3.0,,,,,,Samples tested only for Inf A(H1N1)pdm09,IN,202029,202029,,,
SEAR,YR,NH,FLU_STH_ASIA,IND,India,2020-07-20,2020,30,2020-07-19,2020,30,NOTDEFINED,71.0,71.0,,,,,,,,,,,,,,,,,,,,2.0,,,,,2.0,,,,,,,Samples tested only for Inf A(H1N1)pdm09,IN,202030,202030,,,
SEAR,YR,NH,FLU_STH_ASIA,IND,India,2020-07-27,2020,31,2020-07-26,2020,31,NOTDEFINED,71.0,71.0,,,,,,,,,,,,,,,,,,,,2.0,,,,,2.0,,,,,,,Samples tested only for Inf A(H1N1)pdm09,IN,202031,202031,,,
SEAR,YR,NH,FLU_STH_ASIA,IND,India,2020-08-03,2020,32,2020-08-02,2020,32,NOTDEFINED,24.0,24.0,,,,,,,,,,,,,,,,,,,,2.0,,,,,,,,,,,,Samples tested only for Inf A(H1N1)pdm09,IN,202032,202032,,,
SEAR,YR,NH,FLU_STH_ASIA,IND,India,2020-08-10,2020,33,2020-08-09,2020,33,NOTDEFINED,24.0,24.0,,,,,,,,,,,,,,,,,,,,2.0,,,,,,,,,,,,Samples tested only for Inf A(H1N1)pdm09,IN,202033,202033,,,
SEAR,YR,NH,FLU_STH_ASIA,IND,India,2020-08-17,2020,34,2020-08-16,2020,34,NOTDEFINED,24.0,24.0,,,,,,,,,,,,,,,,,,,,2.0,,,,,,,,,,,,Samples tested only for Inf A(H1N1)pdm09,IN,202034,202034,,,
SEAR,YR,NH,FLU_STH_ASIA,IND,India,2020-08-31,2020,36,2020-08-30,2020,36,NOTDEFINED,72.0,72.0,,,,,,,,,,,,,,,,,,,,2.0,,,,,,,,,,,,Samples tested only for Inf A(H1N1)pdm09,IN,202036,202036,,,
SEAR,YR,NH,FLU_STH_ASIA,IND,India,2020-09-07,2020,37,2020-09-06,2020,37,NOTDEFINED,91.0,91.0,,,,,,,,,,,,,,,,,,,,2.0,,,,,,,,,,,,Samples tested only for Influenza,IN,202037,202037,,,
SEAR,YR,NH,FLU_STH_ASIA,IND,India,2020-09-14,2020,38,2020-09-13,2020,38,NOTDEFINED,77.0,77.0,,,,,,,,,,,,,,,,,,,,2.0,,,,,,,,,,,,Samples tested only for Inf A(H1N1)pdm09,IN,202038,202038,,,
SEAR,YR,NH,FLU_STH_ASIA,IND,India,2020-09-21,2020,39,2020-09-20,2020,39,NOTDEFINED,97.0,97.0,,,,,,,,,,,,,,,,,,,,2.0,,,,,,,,,,,,Samples tested only for Inf A(H1N1)pdm09,IN,202039,202039,,,
SEAR,YR,NH,FLU_STH_ASIA,IND,India,2020-09-28,2020,40,2020-09-27,2020,40,NOTDEFINED,94.0,94.0,,,,,,,,,,,,,,,,,,,,2.0,,,,,,,,,,,,Samples tested only for Inf A(H1N1)pdm09,IN,202040,202040,,,
SEAR,YR,NH,FLU_STH_ASIA,IND,India,2020-10-05,2020,41,2020-10-04,2020,41,NOTDEFINED,136.0,136.0,,,3.0,,,,,,,3.0,,,,,,,,3.0,,2.0,,,,,,,,,,,,Samples tested only for Inf A(H1N1)pdm09,IN,202041,202041,,,
SEAR,YR,NH,FLU_STH_ASIA,IND,India,2020-10-12,2020,42,2020-10-11,2020,42,NOTDEFINED,160.0,160.0,,,1.0,,,,,,,1.0,,,,,,,,1.0,,3.0,,,,,,,,,,,,"Out of 160, 57 samples tested for all respiratory viruses and 103 samples tested only for Influenza",IN,202042,202042,,,
SEAR,YR,NH,FLU_STH_ASIA,IND,India,2020-10-19,2020,43,2020-10-18,2020,43,NOTDEFINED,103.0,103.0,,,1.0,,,,,,,1.0,,,,,,,,1.0,,3.0,,,,,,,,,,,,Samples tested for Influenza only,IN,202043,202043,,,
SEAR,YR,NH,FLU_STH_ASIA,IND,India,2020-10-26,2020,44,2020-10-25,2020,44,NOTDEFINED,98.0,98.0,,,4.0,,,,,,,4.0,,,,,,,,4.0,,3.0,2.0,,,,,1.0,,1.0,,,,samples tested only for influenza,IN,202044,202044,,,
SEAR,YR,NH,FLU_STH_ASIA,IND,India,2020-11-02,2020,45,2020-11-01,2020,45,NOTDEFINED,69.0,69.0,,,1.0,,,,,,,1.0,,,,,,,,1.0,,3.0,,,,,,,,,,,,"Out of 69, 44 samples tested for all respiratory viruses and 25 samples tested only for Influenza",IN,202045,202045,,,
SEAR,YR,NH,FLU_STH_ASIA,IND,India,2020-11-09,2020,46,2020-11-08,2020,46,NOTDEFINED,50.0,50.0,,,,,,,,,,,,,,,,,,,,3.0,,,,,,,,,,,,"Out of 50, 32 samples tested for all respiratory viruses and 18 samples tested only for Influenza",IN,202046,202046,,,
SEAR,YR,NH,FLU_STH_ASIA,IND,India,2020-11-16,2020,47,2020-11-15,2020,47,NOTDEFINED,55.0,55.0,,,1.0,,,,,,,1.0,,,,,,,,1.0,,3.0,,,,,,,,,,,,Samples tested only for Influenza,IN,202047,202047,,,
SEAR,YR,NH,FLU_STH_ASIA,IND,India,2020-11-23,2020,48,2020-11-22,2020,48,NOTDEFINED,55.0,55.0,,,,,,,,,,,,,,,,,,,,2.0,,,,,,,,1.0,,,,"Out of 55, 40 samples tested for all respiratory viruses and 15 samples tested only for Influenza",IN,202048,202048,,,
SEAR,YR,NH,FLU_STH_ASIA,IND,India,2020-12-07,2020,50,2020-12-06,2020,50,NOTDEFINED,261.0,261.0,,,1.0,,,,,,,1.0,,,,,,,,1.0,,2.0,,,,,,1.0,,,,,,Samples tested only for Influenza,IN,202050,202050,,,
SEAR,YR,NH,FLU_STH_ASIA,IND,India,2020-12-14,2020,51,2020-12-13,2020,51,NOTDEFINED,41.0,41.0,,,1.0,,,,,,,1.0,,,,,,,,1.0,,2.0,,,,,1.0,4.0,,,,,,"Out of 41, 14 samples tested for all respiratory viruses and 27 samples tested only for Influenza",IN,202051,202051,,,
SEAR,YR,NH,FLU_STH_ASIA,IND,India,2020-12-21,2020,52,2020-12-20,2020,52,NOTDEFINED,41.0,41.0,,,1.0,,,,,,,1.0,,,,,,,,1.0,,2.0,,,,,1.0,4.0,,,,,,"Out of 41, 14 samples tested for all respiratory viruses and 27 samples tested only for Influenza",IN,202052,202052,,,
SEAR,YR,NH,FLU_STH_ASIA,IND,India,2020-12-28,2020,53,2020-12-27,2020,53,NOTDEFINED,52.0,52.0,1.0,,1.0,,,,,,,2.0,,,,,,,,2.0,,2.0,,,,,,3.0,,,,,,"Out of 50, 35 samples tested for all respiratory viruses and 15 samples tested only for Influenza",IN,202053,202053,,,
SEAR,YR,NH,FLU_STH_ASIA,IND,India,2021-01-04,2021,1,2021-01-03,2021,1,NOTDEFINED,68.0,68.0,,,,,,,,,,,,,,,,,,,,2.0,1.0,,,,1.0,1.0,,,,,,Samples tested only for Influenza,IN,202101,202101,,,
SEAR,YR,NH,FLU_STH_ASIA,IND,India,2021-01-11,2021,2,2021-01-10,2021,2,NOTDEFINED,3699.0,3699.0,1.0,,5.0,,,,,,,6.0,,,4.0,,,3.0,7.0,13.0,,3.0,,,,,,,,,,,,"Out of 3307, 50 smples tested for all respiratory viruses and samples tested only for Influenza",IN,202102,202102,,,
SEAR,YR,NH,FLU_STH_ASIA,IND,India,2021-01-18,2021,3,2021-01-17,2021,3,NOTDEFINED,3534.0,3534.0,,,3.0,,,,,,,3.0,,,2.0,,,,2.0,5.0,,3.0,,,,2.0,2.0,,,,,,,Samples tested for Influenza only,IN,202103,202103,,,
SEAR,YR,NH,FLU_STH_ASIA,IND,India,2021-01-25,2021,4,2021-01-24,2021,4,NOTDEFINED,3059.0,3059.0,,,,,,,,,,,,,,,,,,,,3.0,1.0,,,1.0,11.0,2.0,,1.0,,,,Samples tested for Influenza only,IN,202104,202104,,,
SEAR,YR,NH,FLU_STH_ASIA,IND,India,2021-02-01,2021,5,2021-01-31,2021,5,NOTDEFINED,2277.0,2277.0,,,,,,,,,,,,,,,,1.0,1.0,1.0,,3.0,1.0,,,,4.0,,,,,,,Samples tested for Influenza only,IN,202105,202105,,,
SEAR,YR,NH,FLU_STH_ASIA,IND,India,2021-02-08,2021,6,2021-02-07,2021,6,NOTDEFINED,2271.0,2271.0,1.0,,,,,,,,,1.0,,,,,,,,1.0,,2.0,,,,1.0,3.0,,,,,,,Samples tested for Influenza only,IN,202106,202106,,,
SEAR,YR,NH,FLU_STH_ASIA,IND,India,2021-02-15,2021,7,2021-02-14,2021,7,NOTDEFINED,1391.0,1391.0,,,,,,,,,,,,,,,,,,,,2.0,,,,1.0,3.0,1.0,,,,,,Samples tested for Influenza only,IN,202107,202107,,,
SEAR,YR,NH,FLU_STH_ASIA,IND,India,2021-02-22,2021,8,2021-02-21,2021,8,NOTDEFINED,893.0,893.0,1.0,,19.0,,,,,,,20.0,,,,,,,,20.0,,3.0,,,,,,,,,,,,Samples tested only for Influenza,IN,202108,202108,,,
SEAR,YR,NH,FLU_STH_ASIA,IND,India,2021-03-01,2021,9,2021-02-28,2021,9,NOTDEFINED,936.0,936.0,1.0,,8.0,,,,,,,9.0,,,,,,,,9.0,,3.0,,,,,,,,1.0,,,,Samples tested only for Influenza,IN,202109,202109,,,
SEAR,YR,NH,FLU_STH_ASIA,IND,India,2021-03-08,2021,10,2021-03-07,2021,10,NOTDEFINED,999.0,999.0,,,8.0,,,,,,,8.0,,,,,,,,8.0,,3.0,1.0,,,,,,,,,,,Samples tested only for Influenza,IN,202110,202110,,,
SEAR,YR,NH,FLU_STH_ASIA,IND,India,2021-03-15,2021,11,2021-03-14,2021,11,NOTDEFINED,958.0,958.0,,,14.0,,,,,,,14.0,,,,,,,,14.0,,3.0,1.0,,,,,,,,,,,Samples tested only for Influenza,IN,202111,202111,,,
SEAR,YR,NH,FLU_STH_ASIA,IND,India,2021-03-22,2021,12,2021-03-21,2021,12,NOTDEFINED,898.0,898.0,,,6.0,,,,,,,6.0,,,,,,,,6.0,,3.0,1.0,,,,,,,,,,,Samples tested only for Influenza,IN,202112,202112,,,
SEAR,YR,NH,FLU_STH_ASIA,IND,India,2021-03-29,2021,13,2021-03-28,2021,13,NOTDEFINED,1219.0,1219.0,,,7.0,,,,,,,7.0,,,,,,,,7.0,,3.0,,,,,,,,,,,,Samples tested only for Influenza,IN,202113,202113,,,
SEAR,YR,NH,FLU_STH_ASIA,IND,India,2021-04-05,2021,14,2021-04-04,2021,14,NOTDEFINED,1734.0,1734.0,,,16.0,,,,,,,16.0,,,,,,,,16.0,,3.0,,,,,,,,,,,,Samples tested only for Influenza,IN,202114,202114,,,
SEAR,YR,NH,FLU_STH_ASIA,IND,India,2021-04-12,2021,15,2021-04-11,2021,15,NOTDEFINED,1520.0,1520.0,1.0,,9.0,,,,,,,10.0,,,,,,,,10.0,,3.0,,,,,,,,,,,,Samples tested only for Influenza,IN,202115,202115,,,
SEAR,YR,NH,FLU_STH_ASIA,IND,India,2021-04-19,2021,16,2021-04-18,2021,16,NOTDEFINED,2246.0,2246.0,,,5.0,,,,,,,5.0,,,,,,,,5.0,,3.0,,,,,,,,,,,,Samples tested only for Influenza,IN,202116,202116,,,
SEAR,YR,NH,FLU_STH_ASIA,IND,India,2021-04-26,2021,17,2021-04-25,2021,17,NOTDEFINED,2080.0,2080.0,,,5.0,,,,,,,5.0,,,1.0,,,,1.0,6.0,,3.0,,,,,,,,,,,,Samples tested only for Influenza,IN,202117,202117,,,
SEAR,YR,NH,FLU_STH_ASIA,IND,India,2021-05-03,2021,18,2021-05-02,2021,18,NOTDEFINED,2779.0,2779.0,1.0,,6.0,,,,,,,7.0,,,,,,,,7.0,,3.0,,,,,,,,,,,,Samples tested only for Influenza,IN,202118,202118,,,
SEAR,YR,NH,FLU_STH_ASIA,IND,India,2021-05-10,2021,19,2021-05-09,2021,19,NOTDEFINED,2791.0,2791.0,,,1.0,,,,,,,1.0,,,1.0,,,,1.0,2.0,,3.0,,,,,,,,,,,,Samples tested only for Influenza,IN,202119,202119,,,
SEAR,YR,NH,FLU_STH_ASIA,IND,India,2021-05-17,2021,20,2021-05-16,2021,20,NOTDEFINED,2555.0,2555.0,2.0,,8.0,,,,,,,10.0,,,,,,,,10.0,,3.0,,,,,,,,,,,,Samples tested only for Influenza,IN,202120,202120,,,
SEAR,YR,NH,FLU_STH_ASIA,IND,India,2021-05-24,2021,21,2021-05-23,2021,21,NOTDEFINED,2416.0,2416.0,,,7.0,,,,,,,7.0,,,,,,,,7.0,,3.0,,,,,,,,,,,,samples tested only for Influenza,IN,202121,202121,,,
SEAR,YR,NH,FLU_STH_ASIA,IND,India,2021-05-31,2021,22,2021-05-30,2021,22,NOTDEFINED,2377.0,2377.0,1.0,,4.0,,,,,,,5.0,,,1.0,,,,1.0,6.0,,3.0,,,,,,,,,,,,Samples tested only for Influenza,IN,202122,202122,,,
SEAR,YR,NH,FLU_STH_ASIA,IND,India,2021-06-07,2021,23,2021-06-06,2021,23,NOTDEFINED,1787.0,1787.0,1.0,,2.0,,,,,,,3.0,,,,,,,,3.0,,3.0,,,,,,,,,,,,Samples tested only for Influenza,IN,202123,202123,,,
SEAR,YR,NH,FLU_STH_ASIA,IND,India,2021-06-14,2021,24,2021-06-13,2021,24,NOTDEFINED,1994.0,1994.0,4.0,,,,,,,,,4.0,,,,,,,,4.0,,3.0,,,,,,,,,,,,Samples tested only for Influenza,IN,202124,202124,,,
SEAR,YR,NH,FLU_STH_ASIA,IND,India,2021-06-21,2021,25,2021-06-20,2021,25,NOTDEFINED,1861.0,1861.0,4.0,,5.0,,,,,,,9.0,,,,,,,,9.0,,,,,,,,,,,,,,Samples tested only for Influenza,IN,202125,202125,,,
SEAR,YR,NH,FLU_STH_ASIA,IND,India,2021-06-28,2021,26,2021-06-27,2021,26,NOTDEFINED,2011.0,2011.0,8.0,,25.0,,,,,,,33.0,,,,,,,,33.0,,,,,,,,,,,,,,Samples tested only for Influenza,IN,202126,202126,,,
SEAR,YR,NH,FLU_STH_ASIA,IND,India,2021-07-05,2021,27,2021-07-04,2021,27,NOTDEFINED,2538.0,2538.0,2.0,,53.0,,,,,,,55.0,,,,,,,,55.0,,,,,,,,,,,,,,Samples tested only for Influenza,IN,202127,202127,,,
SEAR,YR,NH,FLU_STH_ASIA,IND,India,2021-07-12,2021,28,2021-07-11,2021,28,NOTDEFINED,2522.0,2522.0,8.0,,84.0,,,,,,,92.0,,,,,,,,92.0,,,,,,,,,,,,,,Samples tested only for Influenza,IN,202128,202128,,,
SEAR,YR,NH,FLU_STH_ASIA,IND,India,2021-07-19,2021,29,2021-07-18,2021,29,NOTDEFINED,5433.0,5433.0,13.0,,126.0,,,,,,,139.0,,,,,,1.0,1.0,140.0,,,,,,,,,,,,,,Samples tested only for Influenza,IN,202129,202129,,,
SEAR,YR,NH,FLU_STH_ASIA,IND,India,2021-07-26,2021,30,2021-07-25,2021,30,NOTDEFINED,2719.0,2719.0,22.0,,130.0,,,,,,,152.0,,,,,,,,152.0,,,,,,,,,,,,,,Samples tested only for Influenza,IN,202130,202130,,,
SEAR,YR,NH,FLU_STH_ASIA,IND,India,2021-08-02,2021,31,2021-08-01,2021,31,NOTDEFINED,2714.0,2714.0,10.0,,215.0,,,,,,,225.0,,,5.0,,,,5.0,230.0,,,,,,,,,,,,,,Samples tested only for Influenza,IN,202131,202131,,,
SEAR,YR,NH,FLU_STH_ASIA,IND,India,2021-08-09,2021,32,2021-08-08,2021,32,NOTDEFINED,202.0,202.0,,,5.0,,,,,,,5.0,,,,,,,,5.0,,,,,,,,,,,,,,Samples tested only for Influenza,IN,202132,202132,,,
SEAR,YR,NH,FLU_STH_ASIA,IND,India,2021-08-16,2021,33,2021-08-15,2021,33,NOTDEFINED,135.0,135.0,,,2.0,,,,,,,2.0,,,,,,,,2.0,,,,,,,,,,,,,,Samples tested only for Influenza,IN,202133,202133,,,
SEAR,YR,NH,FLU_STH_ASIA,IND,India,2021-08-23,2021,34,2021-08-22,2021,34,NOTDEFINED,51.0,51.0,,,2.0,,,,,,,2.0,,,1.0,,,,1.0,3.0,,,,,,,,,,,,,,Samples tested only for Influenza,IN,202134,202134,,,
SEAR,YR,NH,FLU_STH_ASIA,IND,India,2021-08-30,2021,35,2021-08-29,2021,35,NOTDEFINED,16.0,16.0,1.0,,1.0,,,,,,,2.0,,,1.0,,,,1.0,3.0,,,,,,,,,,,,,,Samples tested only for Influenza,IN,202135,202135,,,
SEAR,YR,NH,FLU_STH_ASIA,IND,India,2022-01-03,2022,1,2022-01-02,2022,1,NOTDEFINED,,,,,,,,,,,,,,,,,,,,,,,,,,,,,,,,,,,IN,202201,202201,,,
SEAR,YR,NH,FLU_STH_ASIA,IND,India,2022-01-10,2022,2,2022-01-09,2022,2,NOTDEFINED,502.0,502.0,1.0,,5.0,,,,,,,6.0,,,1.0,,,,1.0,7.0,495.0,2.0,,,,,,,,,,,,samples tested  for Influenza & SARS CoV-2,IN,202202,202202,,,
SEAR,YR,NH,FLU_STH_ASIA,IND,India,2022-01-17,2022,3,2022-01-16,2022,3,NOTDEFINED,489.0,489.0,,,3.0,,,,,,,3.0,,,2.0,,,,2.0,5.0,484.0,2.0,,,,,,,,,,,,samples tested  for Influenza & SARS CoV-2,IN,202203,202203,,,
SEAR,YR,NH,FLU_STH_ASIA,IND,India,2022-01-24,2022,4,2022-01-23,2022,4,NOTDEFINED,449.0,449.0,,,1.0,,,,,,,1.0,,,,,,,,1.0,448.0,2.0,,,,,,,,,,,,Samples tested for Influenza only,IN,202204,202204,,,
SEAR,YR,NH,FLU_STH_ASIA,IND,India,2022-01-31,2022,5,2022-01-30,2022,5,NOTDEFINED,470.0,470.0,,,,,,,,,,,,,1.0,,,,1.0,1.0,469.0,2.0,,,,,,,,,,,,samples tested  for Influenza & SARS CoV-2,IN,202205,202205,,,
SEAR,YR,NH,FLU_STH_ASIA,IND,India,2022-02-07,2022,6,2022-02-06,2022,6,NOTDEFINED,419.0,419.0,1.0,,,,,,,,,1.0,,,,,,,,1.0,418.0,2.0,,,,,,,,,,,,samples tested  for Influenza & SARS CoV-2,IN,202206,202206,,,
SEAR,YR,NH,FLU_STH_ASIA,IND,India,2022-02-14,2022,7,2022-02-13,2022,7,NOTDEFINED,518.0,518.0,,,,,,,,,,,,,,,,,,,518.0,2.0,,,,,,,,,,,,samples tested  for Influenza & SARS CoV-2,IN,202207,202207,,,
SEAR,YR,NH,FLU_STH_ASIA,IND,India,2022-02-21,2022,8,2022-02-20,2022,8,NOTDEFINED,411.0,411.0,,,1.0,,,,,,,1.0,,,,,,,,1.0,410.0,2.0,,,,,,,,,,,,samples tested  for Influenza & SARS CoV-2,IN,202208,202208,,,
SEAR,YR,NH,FLU_STH_ASIA,IND,India,2022-02-28,2022,9,2022-02-27,2022,9,NOTDEFINED,364.0,364.0,,,,,,,,,,,,,,,,,,,364.0,2.0,,,,,,,,,,,,samples tested  for Influenza & SARS CoV-2,IN,202209,202209,,,
SEAR,YR,NH,FLU_STH_ASIA,IND,India,2022-03-07,2022,10,2022-03-06,2022,10,NOTDEFINED,317.0,317.0,2.0,,,,,,,,,2.0,,,,,,,,2.0,,,,,,,,,,,,,,Samples tested for Influenza only,IN,202210,202210,,,
SEAR,YR,NH,FLU_STH_ASIA,IND,India,2022-03-14,2022,11,2022-03-13,2022,11,NOTDEFINED,505.0,505.0,,,,,,,,,,,,,,,,3.0,3.0,3.0,502.0,2.0,,,,,,,,,,,,samples tested  for Influenza & SARS CoV-2,IN,202211,202211,,,
SEAR,YR,NH,FLU_STH_ASIA,IND,India,2022-03-21,2022,12,2022-03-20,2022,12,NOTDEFINED,498.0,498.0,,,,,,,,,,,,,,,,,,,498.0,2.0,,,,,,,,,,,,samples tested  for Influenza & SARS CoV-2,IN,202212,202212,,,
SEAR,YR,NH,FLU_STH_ASIA,IND,India,2022-03-28,2022,13,2022-03-27,2022,13,NOTDEFINED,476.0,476.0,2.0,,,,,,,,,2.0,,,,,,,,2.0,474.0,2.0,,,,,,,,,,,,samples tested  for Influenza & SARS CoV-2,IN,202213,202213,,,
SEAR,YR,NH,FLU_STH_ASIA,IND,India,2022-04-04,2022,14,2022-04-03,2022,14,NOTDEFINED,498.0,498.0,,,2.0,,,,,,,2.0,,,,,,,,2.0,496.0,2.0,,,,,,,,,,,,samples tested  for Influenza & SARS CoV-2,IN,202214,202214,,,
SEAR,YR,NH,FLU_STH_ASIA,IND,India,2022-04-11,2022,15,2022-04-10,2022,15,NOTDEFINED,550.0,550.0,1.0,,2.0,,,,,,,3.0,,,1.0,,,,1.0,4.0,546.0,2.0,,,,,,,,,,,,samples tested  for Influenza & SARS CoV-2,IN,202215,202215,,,
SEAR,YR,NH,FLU_STH_ASIA,IND,India,2022-04-18,2022,16,2022-04-17,2022,16,NOTDEFINED,379.0,379.0,4.0,,1.0,,,,,,,5.0,,,,,,,,5.0,374.0,2.0,,,,,,,,,,,,samples tested  for Influenza & SARS CoV-2,IN,202216,202216,,,
SEAR,YR,NH,FLU_STH_ASIA,IND,India,2022-05-02,2022,18,2022-05-01,2022,18,NOTDEFINED,487.0,487.0,6.0,,3.0,,,,,,,9.0,,,,,,,,9.0,478.0,3.0,,,,,,,,,,,,samples tested for Influenza & SARS CoV-2,IN,202218,202218,,,
SEAR,YR,NH,FLU_STH_ASIA,IND,India,2022-05-09,2022,19,2022-05-08,2022,19,NOTDEFINED,469.0,469.0,6.0,,9.0,,,,,,,15.0,,,,,,,,15.0,,,,,,,,,,,,,,samples tested only for Influenza,IN,202219,202219,,,
SEAR,YR,NH,FLU_STH_ASIA,IND,India,2022-05-16,2022,20,2022-05-15,2022,20,NOTDEFINED,477.0,477.0,9.0,,5.0,,,,,,,16.0,,,,,,,,16.0,463.0,3.0,,,,,,,,,,,,samples tested only for Influenza & SARS CoV-2,IN,202220,202220,,,
SEAR,YR,NH,FLU_STH_ASIA,IND,India,2022-05-23,2022,21,2022-05-22,2022,21,NOTDEFINED,516.0,516.0,7.0,,1.0,,,,,,,8.0,,,,,,,,8.0,508.0,3.0,,,,,,,,,,,,samples tested only for Influenza,IN,202221,202221,,,
SEAR,YR,NH,FLU_STH_ASIA,IND,India,2022-05-30,2022,22,2022-05-29,2022,22,NOTDEFINED,489.0,489.0,11.0,,11.0,,,,,,,22.0,,,,,,,,22.0,467.0,3.0,,,,,,,,,,,,Samples tested only for influenza,IN,202222,202222,,,
SEAR,YR,NH,FLU_STH_ASIA,IND,India,2022-06-06,2022,23,2022-06-05,2022,23,NOTDEFINED,463.0,463.0,12.0,,1.0,,,,,,,13.0,,,,,,,,13.0,450.0,3.0,,,,,,,,,,,,samples tested only for Influenza,IN,202223,202223,,,
SEAR,YR,NH,FLU_STH_ASIA,IND,India,2022-06-13,2022,24,2022-06-12,2022,24,NOTDEFINED,269.0,269.0,8.0,,,,,,,,,8.0,,,,,,,,8.0,,,,,,,,,,,,,,samples tested only for Influenza,IN,202224,202224,,,
SEAR,YR,NH,FLU_STH_ASIA,IND,India,2022-06-20,2022,25,2022-06-19,2022,25,NOTDEFINED,352.0,352.0,,,8.0,,,,,,,8.0,,,,,,,,8.0,344.0,3.0,,,,,,,,,,,,Samples tested only for influenza,IN,202225,202225,,,
SEAR,YR,NH,FLU_STH_ASIA,IND,India,2022-06-27,2022,26,2022-06-26,2022,26,NOTDEFINED,319.0,319.0,1.0,,1.0,,,,,,,2.0,,,,,,,,2.0,294.0,3.0,,,,,,,,,,,,Samples tested only for influenza,IN,202226,202226,,,
SEAR,YR,NH,FLU_STH_ASIA,IND,India,2022-07-04,2022,27,2022-07-03,2022,27,NOTDEFINED,456.0,456.0,3.0,,2.0,,,,,,,5.0,,,,,,,,5.0,451.0,2.0,,,,,,,,,,,,samples tested  for Influenza,IN,202227,202227,,,
SEAR,YR,NH,FLU_STH_ASIA,IND,India,2022-07-11,2022,28,2022-07-10,2022,28,NOTDEFINED,385.0,385.0,6.0,,4.0,,,,,,,10.0,,,,,,,,10.0,375.0,2.0,,,,,,,,,,,,samples tested  for Influenza,IN,202228,202228,,,
SEAR,YR,NH,FLU_STH_ASIA,IND,India,2022-07-25,2022,30,2022-07-24,2022,30,NOTDEFINED,304.0,304.0,14.0,,,,,,,,,14.0,,,,,,,,14.0,290.0,3.0,,,,,,,,,,,,samples tested  for Influenza & SARS CoV-2,IN,202230,202230,,,
SEAR,YR,NH,FLU_STH_ASIA,IND,India,2022-08-01,2022,31,2022-07-31,2022,31,NOTDEFINED,354.0,354.0,25.0,,2.0,,,,,,,27.0,,,,,,,,27.0,327.0,3.0,,,,,,,,,,,,samples tested  for Influenza & SARS CoV-2,IN,202231,202231,,,
SEAR,YR,NH,FLU_STH_ASIA,IND,India,2022-08-08,2022,32,2022-08-07,2022,32,NOTDEFINED,306.0,306.0,13.0,,1.0,,,,,,,14.0,,,,,,,,14.0,292.0,3.0,,,,,,,,,,,,samples tested  for Influenza & SARS CoV-2,IN,202232,202232,,,
SEAR,YR,NH,FLU_STH_ASIA,IND,India,2022-08-15,2022,33,2022-08-14,2022,33,NOTDEFINED,242.0,242.0,22.0,,2.0,,,,,,,24.0,,,,,,2.0,2.0,26.0,216.0,3.0,,,,,,,,,,,,samples tested  for Influenza & SARS CoV-2,IN,202233,202233,,,
SEAR,YR,NH,FLU_STH_ASIA,IND,India,2022-08-22,2022,34,2022-08-21,2022,34,NOTDEFINED,298.0,298.0,25.0,,11.0,,,,,,,36.0,,,,,,,,36.0,262.0,3.0,,,,,,,,,,,,samples tested  for Influenza & SARS CoV-2,IN,202234,202234,,,
SEAR,YR,NH,FLU_STH_ASIA,IND,India,2022-08-29,2022,35,2022-08-28,2022,35,NOTDEFINED,432.0,432.0,43.0,,3.0,,,,,,,46.0,,,2.0,,,8.0,10.0,56.0,376.0,3.0,,,,,,,,,,,,samples tested  for Influenza & SARS CoV-2,IN,202235,202235,,,
SEAR,YR,NH,FLU_STH_ASIA,IND,India,2021-08-09,2021,32,2021-08-08,2021,32,SENTINEL,41.0,41.0,1.0,,12.0,,,,,,,13.0,,,,,,0.0,0.0,13.0,28.0,3.0,,,,,,,,,,,,"Samples tested for Influenza ,SARS CoV-2 and other respiratory viruses",IN,202132,202132,1.0,1.0,1.0
SEAR,YR,NH,FLU_STH_ASIA,IND,India,2021-08-16,2021,33,2021-08-15,2021,33,SENTINEL,34.0,34.0,,,6.0,,,,,,,6.0,,,,,,0.0,0.0,6.0,28.0,3.0,,,,,,,,,,,,"Samples tested for Influenza ,SARS CoV-2 and other respiratory viruses",IN,202133,202133,1.0,1.0,1.0
SEAR,YR,NH,FLU_STH_ASIA,IND,India,2021-08-23,2021,34,2021-08-22,2021,34,SENTINEL,50.0,50.0,6.0,,8.0,,,,,,,14.0,,,1.0,,,2.0,3.0,17.0,33.0,3.0,,,,,,,,,,,,"Samples tested for Influenza ,SARS CoV-2 and other respiratory viruses",IN,202134,202134,1.0,1.0,1.0
SEAR,YR,NH,FLU_STH_ASIA,IND,India,2021-08-30,2021,35,2021-08-29,2021,35,SENTINEL,67.0,67.0,1.0,,17.0,,,,,,,18.0,,,1.0,,,2.0,3.0,21.0,46.0,3.0,,,,,,,,,,,,"Samples tested for Influenza ,SARS CoV-2 and other respiratory viruses",IN,202135,202135,1.0,1.0,1.0
SEAR,YR,NH,FLU_STH_ASIA,IND,India,2021-09-06,2021,36,2021-09-05,2021,36,SENTINEL,93.0,93.0,1.0,,10.0,,,,,,,11.0,,,4.0,,,1.0,5.0,16.0,76.0,3.0,,,,,,,,,,,,Samples tested only for Influenza,IN,202136,202136,1.0,1.0,1.0
SEAR,YR,NH,FLU_STH_ASIA,IND,India,2021-09-13,2021,37,2021-09-12,2021,37,SENTINEL,131.0,131.0,1.0,,16.0,,,,,,,17.0,,,8.0,,,0.0,8.0,25.0,92.0,3.0,,,,,,,,,,,,Samples tested only for Influenza,IN,202137,202137,1.0,1.0,1.0
SEAR,YR,NH,FLU_STH_ASIA,IND,India,2021-09-20,2021,38,2021-09-19,2021,38,SENTINEL,100.0,100.0,,,7.0,,,,,,,7.0,,,9.0,,,2.0,11.0,18.0,61.0,3.0,,,,,,,,,,,,Samples tested for Influenza only,IN,202138,202138,1.0,1.0,1.0
SEAR,YR,NH,FLU_STH_ASIA,IND,India,2021-09-27,2021,39,2021-09-26,2021,39,SENTINEL,141.0,141.0,,,9.0,,,,,,,9.0,,,23.0,,,2.0,25.0,34.0,90.0,3.0,,,,,,,,,,,,Samples tested for Influenza only,IN,202139,202139,1.0,1.0,1.0
SEAR,YR,NH,FLU_STH_ASIA,IND,India,2021-10-04,2021,40,2021-10-03,2021,40,SENTINEL,99.0,99.0,,,2.0,,,,,,,2.0,,,26.0,,,1.0,27.0,29.0,70.0,3.0,,,,,,,,,,,,Samples tested for Influenza only,IN,202140,202140,1.0,1.0,1.0
SEAR,YR,NH,FLU_STH_ASIA,IND,India,2021-10-11,2021,41,2021-10-10,2021,41,SENTINEL,763.0,763.0,1.0,,18.0,,,,,,,19.0,,,62.0,,3.0,13.0,78.0,97.0,87.0,3.0,,,,,,,,,,,,Samples tested only for Influenza.,IN,202141,202141,1.0,1.0,1.0
SEAR,YR,NH,FLU_STH_ASIA,IND,India,2021-10-18,2021,42,2021-10-17,2021,42,SENTINEL,588.0,588.0,1.0,,21.0,,,,,,,22.0,,,32.0,,,3.0,35.0,57.0,74.0,3.0,,,,,,,,,,,,Samples tested for Influenza only,IN,202142,202142,1.0,1.0,1.0
SEAR,YR,NH,FLU_STH_ASIA,IND,India,2021-10-25,2021,43,2021-10-24,2021,43,SENTINEL,587.0,587.0,3.0,,14.0,,,,,,,17.0,,,22.0,,,5.0,27.0,44.0,63.0,2.0,,,,,,,,,,,,Samples tested for Influenza only,IN,202143,202143,1.0,1.0,1.0
SEAR,YR,NH,FLU_STH_ASIA,IND,India,2021-11-01,2021,44,2021-10-31,2021,44,SENTINEL,575.0,575.0,2.0,,23.0,,,,,,,25.0,,,25.0,,,7.0,32.0,57.0,51.0,3.0,,,,,,,,,,,,Samples tested for Influenza only,IN,202144,202144,1.0,1.0,1.0
SEAR,YR,NH,FLU_STH_ASIA,IND,India,2021-11-08,2021,45,2021-11-07,2021,45,SENTINEL,419.0,419.0,1.0,,13.0,,,,,,,14.0,,,13.0,,,3.0,16.0,30.0,25.0,3.0,,,,,,,,,,,,Samples tested for Influenza only,IN,202145,202145,1.0,1.0,1.0
SEAR,YR,NH,FLU_STH_ASIA,IND,India,2021-11-15,2021,46,2021-11-14,2021,46,SENTINEL,454.0,454.0,1.0,,8.0,,,,,,,9.0,,,11.0,,,4.0,15.0,24.0,37.0,2.0,,,,,,,,,,,,Samples tested for Influenza only,IN,202146,202146,1.0,1.0,1.0
SEAR,YR,NH,FLU_STH_ASIA,IND,India,2021-11-22,2021,47,2021-11-21,2021,47,SENTINEL,275.0,275.0,,,6.0,,,,,,,6.0,,,7.0,,,1.0,8.0,14.0,42.0,2.0,,,,,,,,,,,,Samples tested for Influenza only,IN,202147,202147,1.0,1.0,1.0
SEAR,YR,NH,FLU_STH_ASIA,IND,India,2021-11-29,2021,48,2021-11-28,2021,48,SENTINEL,27.0,27.0,,,,,,,,,,,,,2.0,,,0.0,2.0,2.0,25.0,2.0,,,,,,,,,,,,"Samples tested for Influenza ,SARS CoV-2 and other respiratory viruses",IN,202148,202148,1.0,1.0,1.0
SEAR,YR,NH,FLU_STH_ASIA,IND,India,2021-12-06,2021,49,2021-12-05,2021,49,SENTINEL,26.0,26.0,,,,,,,,,,,,,1.0,,,0.0,1.0,1.0,25.0,2.0,,,,,,,,,,,,"Samples tested for Influenza ,SARS CoV-2 and other respiratory viruses",IN,202149,202149,1.0,1.0,1.0
SEAR,YR,NH,FLU_STH_ASIA,IND,India,2021-12-13,2021,50,2021-12-12,2021,50,SENTINEL,495.0,495.0,1.0,,3.0,,,,,,,4.0,,,9.0,,,0.0,9.0,13.0,30.0,2.0,,,,,,,,,,,,Samples tested only for Influenza,IN,202150,202150,1.0,1.0,1.0
SEAR,YR,NH,FLU_STH_ASIA,IND,India,2021-12-20,2021,51,2021-12-19,2021,51,SENTINEL,444.0,444.0,2.0,,8.0,,,,,,,10.0,,,4.0,,,2.0,6.0,16.0,28.0,2.0,,,,,,,,,,,,"Samples tested for Influenza ,SARS CoV-2 and other respiratory viruses",IN,202151,202151,1.0,1.0,1.0
SEAR,YR,NH,FLU_STH_ASIA,IND,India,2021-12-27,2021,52,2021-12-26,2021,52,SENTINEL,394.0,394.0,1.0,,2.0,,,,,,,3.0,,,6.0,,,0.0,6.0,9.0,27.0,2.0,,,,,,,,,,,,"Samples tested for Influenza ,SARS CoV-2 and other respiratory viruses",IN,202152,202152,1.0,1.0,1.0
SEAR,YR,NH,FLU_STH_ASIA,IND,India,2022-01-03,2022,1,2022-01-02,2022,1,SENTINEL,2.0,2.0,,,,,,,,,,,,,,,,,,,2.0,2.0,,,,,,,,1.0,,,,"Samples tested for Influenza ,SARS CoV-2 and other respiratory viruses",IN,202201,202201,1.0,1.0,1.0
SEAR,YR,NH,FLU_STH_ASIA,IND,India,2022-01-10,2022,2,2022-01-09,2022,2,SENTINEL,49.0,49.0,,,,,,,,,,,,,,,,3.0,3.0,3.0,46.0,2.0,,,,1.0,,1.0,,5.0,,,,"Samples tested for Influenza ,SARS CoV-2 and other respiratory viruses",IN,202202,202202,1.0,1.0,1.0
SEAR,YR,NH,FLU_STH_ASIA,IND,India,2022-01-17,2022,3,2022-01-16,2022,3,SENTINEL,29.0,29.0,,,,,,,,,,,,,,,,,,,29.0,2.0,,,,2.0,,,,2.0,,,,"Samples tested for Influenza ,SARS CoV-2 and other respiratory viruses",IN,202203,202203,1.0,1.0,1.0
SEAR,YR,NH,FLU_STH_ASIA,IND,India,2022-01-24,2022,4,2022-01-23,2022,4,SENTINEL,50.0,50.0,,,,,,,,,,,,,,,,,,,50.0,2.0,1.0,,,2.0,,2.0,,10.0,,,,"Samples tested for Influenza ,SARS CoV-2 and other respiratory viruses",IN,202204,202204,1.0,1.0,1.0
SEAR,YR,NH,FLU_STH_ASIA,IND,India,2022-01-31,2022,5,2022-01-30,2022,5,SENTINEL,30.0,30.0,,,,,,,,,,,,,,,,,,,30.0,2.0,1.0,,,,,,,5.0,,,,"Samples tested for Influenza ,SARS CoV-2 and other respiratory viruses",IN,202205,202205,1.0,1.0,1.0
SEAR,YR,NH,FLU_STH_ASIA,IND,India,2022-02-07,2022,6,2022-02-06,2022,6,SENTINEL,36.0,36.0,,,,,,,,,,,,,,,,,,,36.0,2.0,,,,1.0,,,,3.0,,,,"Samples tested for Influenza ,SARS CoV-2 and other respiratory viruses",IN,202206,202206,1.0,1.0,1.0
SEAR,YR,NH,FLU_STH_ASIA,IND,India,2022-02-14,2022,7,2022-02-13,2022,7,SENTINEL,25.0,25.0,,,,,,,,,,,,,,,,,,,25.0,2.0,,,,1.0,,1.0,,3.0,,,,"Samples tested for Influenza ,SARS CoV-2 and other respiratory viruses",IN,202207,202207,1.0,1.0,1.0
SEAR,YR,NH,FLU_STH_ASIA,IND,India,2022-02-21,2022,8,2022-02-20,2022,8,SENTINEL,26.0,26.0,,,,,,,,,,,,,,,,,,,26.0,2.0,1.0,,,,,1.0,,0.0,,,,"Samples tested for Influenza ,SARS CoV-2 and other respiratory viruses",IN,202208,202208,1.0,1.0,1.0
SEAR,YR,NH,FLU_STH_ASIA,IND,India,2022-02-28,2022,9,2022-02-27,2022,9,SENTINEL,37.0,37.0,,,,,,,,,,,,,,,,,,,37.0,2.0,,,,,,1.0,,1.0,,,,"Samples tested for Influenza ,SARS CoV-2 and other respiratory viruses",IN,202209,202209,1.0,1.0,1.0
SEAR,YR,NH,FLU_STH_ASIA,IND,India,2022-03-07,2022,10,2022-03-06,2022,10,SENTINEL,37.0,37.0,,,,,,,,,,,,,,,,,,,37.0,2.0,2.0,,,1.0,,,,1.0,,,,"Samples tested for Influenza ,SARS CoV-2 and other respiratory viruses",IN,202210,202210,1.0,1.0,1.0
SEAR,YR,NH,FLU_STH_ASIA,IND,India,2022-03-14,2022,11,2022-03-13,2022,11,SENTINEL,27.0,27.0,,,,,,,,,,,,,,,,,,,27.0,3.0,1.0,,,,,5.0,,0.0,,,,"Samples tested for Influenza ,SARS CoV-2 and other respiratory viruses",IN,202211,202211,1.0,1.0,1.0
SEAR,YR,NH,FLU_STH_ASIA,IND,India,2022-03-21,2022,12,2022-03-20,2022,12,SENTINEL,27.0,27.0,,,,,,,,,,,,,,,,,,,27.0,3.0,1.0,,,,,1.0,,1.0,,,,"Samples tested for Influenza ,SARS CoV-2 and other respiratory viruses",IN,202212,202212,1.0,1.0,1.0
SEAR,YR,NH,FLU_STH_ASIA,IND,India,2022-03-28,2022,13,2022-03-27,2022,13,SENTINEL,26.0,26.0,,,,,,,,,,,,,,,,,,,26.0,2.0,,,,,,2.0,,2.0,,,,"Samples tested for Influenza ,SARS CoV-2 and other respiratory viruses",IN,202213,202213,1.0,1.0,1.0
SEAR,YR,NH,FLU_STH_ASIA,IND,India,2022-04-04,2022,14,2022-04-03,2022,14,SENTINEL,30.0,30.0,,,,,,,,,,,,,,,,,,,30.0,2.0,3.0,,,1.0,,1.0,,1.0,,,,"Samples tested for Influenza ,SARS CoV-2 and other respiratory viruses",IN,202214,202214,1.0,1.0,1.0
SEAR,YR,NH,FLU_STH_ASIA,IND,India,2022-04-11,2022,15,2022-04-10,2022,15,SENTINEL,20.0,20.0,,,,,,,,,,,,,,,,,,,20.0,2.0,,,,,,,,0.0,,,,"Samples tested for Influenza ,SARS CoV-2 and other respiratory viruses",IN,202215,202215,1.0,1.0,1.0
SEAR,YR,NH,FLU_STH_ASIA,IND,India,2022-04-18,2022,16,2022-04-17,2022,16,SENTINEL,21.0,21.0,,,,,,,,,,,,,,,,,,,21.0,2.0,,,,,,1.0,,1.0,,,,"Samples tested for Influenza ,SARS CoV-2 and other respiratory viruses",IN,202216,202216,1.0,1.0,1.0
SEAR,YR,NH,FLU_STH_ASIA,IND,India,2022-04-25,2022,17,2022-04-24,2022,17,SENTINEL,28.0,28.0,1.0,,,,,,,,,1.0,,,,,,,,1.0,27.0,3.0,,,,2.0,,1.0,,2.0,,,,"Samples tested for Influenza ,SARS CoV-2 and other respiratory viruses",IN,202217,202217,1.0,1.0,1.0
SEAR,YR,NH,FLU_STH_ASIA,IND,India,2022-05-02,2022,18,2022-05-01,2022,18,SENTINEL,42.0,42.0,1.0,,,,,,,,,1.0,,,,,,,,1.0,41.0,3.0,3.0,,,2.0,,1.0,,5.0,,,,"Samples tested for Influenza ,SARS CoV-2 and other respiratory viruses",IN,202218,202218,1.0,1.0,1.0
SEAR,YR,NH,FLU_STH_ASIA,IND,India,2022-05-09,2022,19,2022-05-08,2022,19,SENTINEL,24.0,24.0,,,,,,,,,,,,,,,,,,,24.0,2.0,1.0,,,,,2.0,,5.0,,,,"Samples tested for Influenza ,SARS CoV-2 and other respiratory viruses",IN,202219,202219,1.0,1.0,1.0
SEAR,YR,NH,FLU_STH_ASIA,IND,India,2022-05-16,2022,20,2022-05-15,2022,20,SENTINEL,42.0,42.0,,,1.0,,,,,,,1.0,,,,,,,,1.0,41.0,3.0,1.0,,,,,,,7.0,,,,"Samples tested for Influenza ,SARS CoV-2 and other respiratory viruses",IN,202220,202220,1.0,1.0,1.0
SEAR,YR,NH,FLU_STH_ASIA,IND,India,2022-05-23,2022,21,2022-05-22,2022,21,SENTINEL,29.0,29.0,3.0,,,,,,,,,3.0,,,,,,,,3.0,26.0,3.0,1.0,,,,,4.0,,2.0,,,,"Samples tested for Influenza ,SARS CoV-2 and other respiratory viruses",IN,202221,202221,1.0,1.0,1.0
SEAR,YR,NH,FLU_STH_ASIA,IND,India,2022-05-30,2022,22,2022-05-29,2022,22,SENTINEL,32.0,32.0,,,,,,,,,,,,,,,,,,,32.0,2.0,1.0,,,,,3.0,,3.0,,,,"Samples tested for Influenza ,SARS CoV-2 and other respiratory viruses",IN,202222,202222,1.0,1.0,1.0
SEAR,YR,NH,FLU_STH_ASIA,IND,India,2022-06-06,2022,23,2022-06-05,2022,23,SENTINEL,37.0,37.0,2.0,,,,,,,,,2.0,,,,,,,,2.0,35.0,3.0,,,,,,1.0,,4.0,,,,"Samples tested for Influenza ,SARS CoV-2 and other respiratory viruses",IN,202223,202223,1.0,1.0,1.0
SEAR,YR,NH,FLU_STH_ASIA,IND,India,2022-06-13,2022,24,2022-06-12,2022,24,SENTINEL,30.0,30.0,3.0,,,,,,,,,3.0,,,,,,,,3.0,27.0,3.0,1.0,,,,,4.0,,1.0,,,,"Samples tested for Influenza ,SARS CoV-2 and other respiratory viruses",IN,202224,202224,1.0,1.0,1.0
SEAR,YR,NH,FLU_STH_ASIA,IND,India,2022-06-20,2022,25,2022-06-19,2022,25,SENTINEL,35.0,35.0,,,,,,,,,,,,,,,,,,,35.0,2.0,1.0,,,,,2.0,,2.0,,,,"Samples tested for Influenza ,SARS CoV-2 and other respiratory viruses",IN,202225,202225,1.0,1.0,1.0
SEAR,YR,NH,FLU_STH_ASIA,IND,India,2022-06-27,2022,26,2022-06-26,2022,26,SENTINEL,34.0,34.0,2.0,,,,,,,,,2.0,,,,,,,,2.0,32.0,3.0,,,,,,3.0,,6.0,,,,"Samples tested for Influenza ,SARS CoV-2 and other respiratory viruses",IN,202226,202226,1.0,1.0,1.0
SEAR,YR,NH,FLU_STH_ASIA,IND,India,2022-07-04,2022,27,2022-07-03,2022,27,SENTINEL,44.0,44.0,5.0,,1.0,,,,,,,6.0,,,,,,,,6.0,38.0,3.0,1.0,,,,,,,7.0,,,,"Samples tested for Influenza ,SARS CoV-2 and other respiratory viruses",IN,202227,202227,1.0,1.0,1.0
SEAR,YR,NH,FLU_STH_ASIA,IND,India,2022-07-11,2022,28,2022-07-10,2022,28,SENTINEL,61.0,61.0,5.0,,,,,,,,,5.0,,,,,,,,5.0,56.0,3.0,,,,,,5.0,,8.0,,,,"Samples tested for Influenza ,SARS CoV-2 and other respiratory viruses",IN,202228,202228,1.0,1.0,1.0
SEAR,YR,NH,FLU_STH_ASIA,IND,India,2022-07-18,2022,29,2022-07-17,2022,29,SENTINEL,84.0,84.0,17.0,,,,,,,,,17.0,,,,,,,,17.0,67.0,3.0,1.0,,,,,1.0,,6.0,,,,"Samples tested for Influenza ,SARS CoV-2 and other respiratory viruses",IN,202229,202229,1.0,1.0,1.0
SEAR,YR,NH,FLU_STH_ASIA,IND,India,2022-07-25,2022,30,2022-07-24,2022,30,SENTINEL,100.0,100.0,37.0,,2.0,,,,,,,39.0,,,,,,,,39.0,61.0,3.0,,,,2.0,,5.0,,9.0,,,,"Samples tested for Influenza ,SARS CoV-2 and other respiratory viruses",IN,202230,202230,1.0,1.0,1.0
SEAR,YR,NH,FLU_STH_ASIA,IND,India,2022-08-01,2022,31,2022-07-31,2022,31,SENTINEL,211.0,211.0,88.0,,1.0,,,,,,,89.0,,,,,,,,89.0,122.0,3.0,,,,3.0,,6.0,,14.0,,,,"Samples tested for Influenza ,SARS CoV-2 and other respiratory viruses",IN,202231,202231,1.0,1.0,1.0
SEAR,YR,NH,FLU_STH_ASIA,IND,India,2022-08-08,2022,32,2022-08-07,2022,32,SENTINEL,261.0,261.0,104.0,,1.0,,,,,,,105.0,,,,,,,,105.0,156.0,3.0,5.0,,,10.0,,2.0,,8.0,,,,"Samples tested for Influenza ,SARS CoV-2 and other respiratory viruses",IN,202232,202232,1.0,1.0,1.0
SEAR,YR,NH,FLU_STH_ASIA,IND,India,2022-08-15,2022,33,2022-08-14,2022,33,SENTINEL,185.0,185.0,60.0,,1.0,,,,,,,61.0,,,,,,,,61.0,124.0,3.0,2.0,,,19.0,,2.0,,4.0,,,,"Samples tested for Influenza ,SARS CoV-2 and other respiratory viruses",IN,202233,202233,1.0,1.0,1.0
SEAR,YR,NH,FLU_STH_ASIA,IND,India,2022-08-22,2022,34,2022-08-21,2022,34,SENTINEL,177.0,177.0,57.0,,2.0,,,,,,,59.0,,,,,,,,59.0,118.0,3.0,,,,25.0,,2.0,,5.0,,,,"Samples tested for Influenza ,SARS CoV-2 and other respiratory viruses",IN,202234,202234,1.0,1.0,1.0
SEAR,YR,NH,FLU_STH_ASIA,IND,India,2022-08-29,2022,35,2022-08-28,2022,35,SENTINEL,223.0,223.0,52.0,,3.0,,,,,,,55.0,,,,,,,,55.0,168.0,3.0,1.0,,,49.0,,2.0,,2.0,,,,"Samples tested for Influenza ,SARS CoV-2 and other respiratory viruses",IN,202235,202235,1.0,1.0,1.0
SEAR,YR,NH,FLU_STH_ASIA,IND,India,2022-09-05,2022,36,2022-09-04,2022,36,SENTINEL,620.0,620.0,81.0,,16.0,,,,,,,97.0,,,,,,8.0,8.0,105.0,515.0,3.0,1.0,,,50.0,,5.0,,6.0,,,,"Samples tested for Influenza ,SARS CoV-2 and other respiratory viruses",IN,202236,202236,1.0,1.0,1.0
SEAR,YR,NH,FLU_STH_ASIA,IND,India,2022-09-12,2022,37,2022-09-11,2022,37,SENTINEL,350.0,350.0,30.0,,3.0,,,,,,,33.0,,,,,,,,33.0,317.0,3.0,2.0,,,23.0,,4.0,,1.0,,,,"Samples tested for Influenza ,SARS CoV-2 and other respiratory viruses",IN,202237,202237,1.0,1.0,1.0
SEAR,YR,NH,FLU_STH_ASIA,IND,India,2022-09-19,2022,38,2022-09-18,2022,38,SENTINEL,575.0,575.0,52.0,,6.0,,,,,,,58.0,,,,,,,,58.0,517.0,3.0,1.0,,,29.0,,7.0,,1.0,,,,"Samples tested for Influenza ,SARS CoV-2 and other respiratory viruses",IN,202238,202238,1.0,1.0,1.0
SEAR,YR,NH,FLU_STH_ASIA,IND,India,2022-09-26,2022,39,2022-09-25,2022,39,SENTINEL,410.0,410.0,23.0,,10.0,,,,,,,33.0,,,,,,3.0,3.0,36.0,374.0,3.0,3.0,,,26.0,,5.0,,0.0,,,,"Samples tested for Influenza ,SARS CoV-2 and other respiratory viruses",IN,202239,202239,1.0,1.0,1.0
SEAR,YR,NH,FLU_STH_ASIA,IND,India,2022-10-03,2022,40,2022-10-02,2022,40,SENTINEL,324.0,324.0,13.0,,11.0,,,,,,,24.0,,,1.0,,,,1.0,25.0,299.0,3.0,2.0,,,17.0,,3.0,,1.0,,,,"Samples tested for Influenza ,SARS CoV-2 and other respiratory viruses",IN,202240,202240,1.0,1.0,1.0
SEAR,YR,NH,FLU_STH_ASIA,IND,India,2022-10-10,2022,41,2022-10-09,2022,41,SENTINEL,342.0,342.0,9.0,,4.0,,,,,,,13.0,,,1.0,,,,1.0,14.0,328.0,3.0,1.0,,,13.0,,2.0,,0.0,,,,"Samples tested for Influenza ,SARS CoV-2 and other respiratory viruses",IN,202241,202241,1.0,1.0,1.0
SEAR,YR,NH,FLU_STH_ASIA,IND,India,2022-10-17,2022,42,2022-10-16,2022,42,SENTINEL,371.0,371.0,3.0,,7.0,,,,,,,10.0,,,1.0,,,,1.0,11.0,360.0,3.0,1.0,,,4.0,,2.0,,1.0,,,,"Samples tested for Influenza ,SARS CoV-2 and other respiratory viruses",IN,202242,202242,1.0,1.0,1.0
SEAR,YR,NH,FLU_STH_ASIA,IND,India,2022-10-24,2022,43,2022-10-23,2022,43,SENTINEL,391.0,391.0,11.0,,10.0,,,,,,,21.0,,,4.0,,,,4.0,25.0,366.0,3.0,2.0,,,1.0,,2.0,,1.0,,,,"Samples tested for Influenza ,SARS CoV-2 and other respiratory viruses",IN,202243,202243,1.0,1.0,1.0
SEAR,YR,NH,FLU_STH_ASIA,IND,India,2022-10-31,2022,44,2022-10-30,2022,44,SENTINEL,200.0,200.0,1.0,,4.0,,,,,,,5.0,,,2.0,,,2.0,4.0,9.0,191.0,3.0,2.0,,,5.0,,1.0,,3.0,,,,"Samples tested for Influenza ,SARS CoV-2 and other respiratory viruses",IN,202244,202244,1.0,1.0,1.0
SEAR,YR,NH,FLU_STH_ASIA,IND,India,2022-11-07,2022,45,2022-11-06,2022,45,SENTINEL,70.0,70.0,,,2.0,,,,,,,2.0,,,1.0,,,,1.0,3.0,67.0,3.0,1.0,,,3.0,,3.0,,1.0,,,,"Samples tested for Influenza ,SARS CoV-2 and other respiratory viruses",IN,202245,202245,1.0,1.0,1.0
SEAR,YR,NH,FLU_STH_ASIA,IND,India,2022-11-14,2022,46,2022-11-13,2022,46,SENTINEL,283.0,283.0,2.0,,,,,,,,,2.0,,,5.0,,,,5.0,7.0,233.0,3.0,3.0,,,3.0,,2.0,,2.0,,,,"Samples tested for Influenza ,SARS CoV-2 and other respiratory viruses",IN,202246,202246,1.0,1.0,1.0
SEAR,YR,NH,FLU_STH_ASIA,IND,India,2022-11-21,2022,47,2022-11-20,2022,47,SENTINEL,385.0,385.0,13.0,,3.0,,,,,,,16.0,,,1.0,,,,1.0,17.0,54.0,3.0,1.0,,,1.0,,3.0,,3.0,,,,"Samples tested for Influenza ,SARS CoV-2 and other respiratory viruses",IN,202247,202247,1.0,1.0,1.0
SEAR,YR,NH,FLU_STH_ASIA,IND,India,2022-11-28,2022,48,2022-11-27,2022,48,SENTINEL,245.0,245.0,5.0,,4.0,,,,,,,9.0,,,1.0,,,,1.0,10.0,235.0,3.0,3.0,,,,,5.0,,1.0,,,,"Samples tested for Influenza ,SARS CoV-2 and other respiratory viruses",IN,202248,202248,1.0,1.0,1.0
SEAR,YR,NH,FLU_STH_ASIA,IND,India,2022-12-05,2022,49,2022-12-04,2022,49,SENTINEL,361.0,361.0,4.0,,6.0,,,,,,,10.0,,,6.0,,,,6.0,16.0,345.0,3.0,7.0,,,1.0,,5.0,,1.0,,,,"Samples tested for Influenza ,SARS CoV-2 and other respiratory viruses",IN,202249,202249,1.0,1.0,1.0
SEAR,YR,NH,FLU_STH_ASIA,IND,India,2022-12-12,2022,50,2022-12-11,2022,50,SENTINEL,253.0,253.0,6.0,,6.0,,,,,,,12.0,,,2.0,,,,2.0,14.0,239.0,3.0,6.0,,,,,8.0,,5.0,,,,"Samples tested for Influenza ,SARS CoV-2 and other respiratory viruses",IN,202250,202250,1.0,1.0,1.0
SEAR,YR,NH,FLU_STH_ASIA,IND,India,2022-12-19,2022,51,2022-12-18,2022,51,SENTINEL,318.0,318.0,4.0,,11.0,,,,,,,15.0,,,1.0,,,1.0,2.0,17.0,301.0,3.0,4.0,,,,,6.0,,8.0,,,,"Samples tested for Influenza ,SARS CoV-2 and other respiratory viruses",IN,202251,202251,1.0,1.0,1.0
SEAR,YR,NH,FLU_STH_ASIA,IND,India,2022-12-26,2022,52,2022-12-25,2022,52,SENTINEL,327.0,327.0,5.0,,9.0,,,,,,,14.0,,,,,,,,14.0,313.0,3.0,2.0,,,,,4.0,,9.0,,,,"Samples tested for Influenza ,SARS CoV-2 and other respiratory viruses",IN,202252,202252,1.0,1.0,1.0
SEAR,YR,NH,FLU_STH_ASIA,IND,India,2023-01-02,2023,1,2023-01-01,2023,1,SENTINEL,414.0,414.0,2.0,,21.0,,,,,,,23.0,,,1.0,,,1.0,2.0,25.0,389.0,3.0,3.0,,,,,3.0,,4.0,,,,"Samples tested for Influenza ,SARS CoV-2 and other respiratory viruses",IN,202301,202301,1.0,1.0,1.0
SEAR,YR,NH,FLU_STH_ASIA,IND,India,2023-01-09,2023,2,2023-01-08,2023,2,SENTINEL,481.0,481.0,3.0,,15.0,,,,,,,18.0,,,6.0,,,1.0,7.0,25.0,456.0,3.0,12.0,,,,,6.0,,8.0,,,,"Samples tested for Influenza ,SARS CoV-2 and other respiratory viruses",IN,202302,202302,1.0,1.0,1.0
SEAR,YR,NH,FLU_STH_ASIA,IND,India,2023-01-16,2023,3,2023-01-15,2023,3,SENTINEL,479.0,479.0,3.0,,27.0,,,,,,,30.0,,,4.0,,,3.0,7.0,37.0,442.0,3.0,4.0,,,,,4.0,,6.0,,,,"Samples tested for Influenza ,SARS CoV-2 and other respiratory viruses",IN,202303,202303,1.0,1.0,1.0
SEAR,YR,NH,FLU_STH_ASIA,IND,India,2023-01-23,2023,4,2023-01-22,2023,4,SENTINEL,443.0,443.0,9.0,,25.0,,,,,,,34.0,,,4.0,,,7.0,11.0,45.0,398.0,3.0,7.0,,,1.0,,4.0,,4.0,,,,"Samples tested for Influenza ,SARS CoV-2 and other respiratory viruses",IN,202304,202304,1.0,1.0,1.0
SEAR,YR,NH,FLU_STH_ASIA,IND,India,2023-01-30,2023,5,2023-01-29,2023,5,SENTINEL,509.0,509.0,4.0,,38.0,,,,,,,42.0,,,3.0,,,5.0,8.0,50.0,459.0,3.0,11.0,,,,,8.0,,3.0,,,,Samples tested only for Influenza,IN,202305,202305,1.0,1.0,1.0
SEAR,YR,NH,FLU_STH_ASIA,IND,India,2023-02-06,2023,6,2023-02-05,2023,6,SENTINEL,409.0,409.0,4.0,,57.0,,,,,,,61.0,,,4.0,,,3.0,7.0,68.0,341.0,3.0,7.0,,,,,5.0,,5.0,,,,Samples tested only for Influenza,IN,202306,202306,1.0,1.0,1.0
SEAR,YR,NH,FLU_STH_ASIA,IND,India,2023-02-13,2023,7,2023-02-12,2023,7,SENTINEL,399.0,399.0,0.0,,37.0,,,,,,,37.0,,,3.0,,,6.0,9.0,46.0,353.0,3.0,12.0,,,,,4.0,,11.0,,,,Samples tested only for Influenza,IN,202307,202307,1.0,1.0,1.0
SEAR,YR,NH,FLU_STH_ASIA,IND,India,2023-02-20,2023,8,2023-02-19,2023,8,SENTINEL,474.0,474.0,1.0,,50.0,,,,,,,51.0,,,6.0,,,7.0,13.0,64.0,410.0,3.0,11.0,,,,,2.0,,12.0,,,,"Samples tested for Influenza ,SARS CoV-2 and other respiratory viruses",IN,202308,202308,1.0,1.0,1.0
SEAR,YR,NH,FLU_STH_ASIA,IND,India,2023-02-27,2023,9,2023-02-26,2023,9,SENTINEL,590.0,590.0,5.0,,64.0,,,,,,,69.0,,,17.0,,,4.0,21.0,90.0,500.0,3.0,17.0,,,,,3.0,,16.0,,,,"Samples tested for Influenza ,SARS CoV-2 and other respiratory viruses",IN,202309,202309,1.0,1.0,1.0
SEAR,YR,NH,FLU_STH_ASIA,IND,India,2023-03-06,2023,10,2023-03-05,2023,10,SENTINEL,529.0,529.0,2.0,,57.0,,,,,,,59.0,,,15.0,,,11.0,26.0,85.0,444.0,3.0,3.0,,,,,2.0,,26.0,,,,"Samples tested for Influenza ,SARS CoV-2 and other respiratory viruses",IN,202310,202310,1.0,1.0,1.0
SEAR,YR,NH,FLU_STH_ASIA,IND,India,2023-03-13,2023,11,2023-03-12,2023,11,SENTINEL,639.0,639.0,1.0,,50.0,,,,,,,51.0,,,20.0,,,11.0,31.0,82.0,557.0,3.0,10.0,,,,,5.0,,15.0,,,,"Samples tested for Influenza ,SARS CoV-2 and other respiratory viruses",IN,202311,202311,1.0,1.0,1.0
SEAR,YR,NH,FLU_STH_ASIA,IND,India,2023-03-20,2023,12,2023-03-19,2023,12,SENTINEL,569.0,569.0,8.0,,15.0,,,,,,,23.0,,,23.0,,,3.0,26.0,49.0,520.0,3.0,10.0,,,,,1.0,,7.0,,,,"Samples tested for Influenza ,SARS CoV-2 and other respiratory viruses",IN,202312,202312,1.0,1.0,1.0
SEAR,YR,NH,FLU_STH_ASIA,IND,India,2023-03-27,2023,13,2023-03-26,2023,13,SENTINEL,559.0,559.0,5.0,,14.0,,,,,,,19.0,,,22.0,,,10.0,32.0,51.0,508.0,3.0,16.0,,,,,1.0,,21.0,,,,"Samples tested for Influenza ,SARS CoV-2 and other respiratory viruses",IN,202313,202313,1.0,1.0,1.0
SEAR,YR,NH,FLU_STH_ASIA,IND,India,2023-04-03,2023,14,2023-04-02,2023,14,SENTINEL,547.0,547.0,6.0,,16.0,,,,,,,22.0,,,11.0,,,10.0,21.0,43.0,504.0,3.0,5.0,,,,,,,11.0,,,,"Samples tested for Influenza ,SARS CoV-2 and other respiratory viruses",IN,202314,202314,1.0,1.0,1.0
SEAR,YR,NH,FLU_STH_ASIA,IND,India,2023-04-10,2023,15,2023-04-09,2023,15,SENTINEL,749.0,749.0,7.0,,12.0,,,,,,,19.0,,,23.0,,,1.0,24.0,43.0,706.0,3.0,5.0,,,,,,,6.0,,,,"Samples tested for Influenza ,SARS CoV-2 and other respiratory viruses",IN,202315,202315,1.0,1.0,1.0
SEAR,YR,NH,FLU_STH_ASIA,IND,India,2023-04-17,2023,16,2023-04-16,2023,16,SENTINEL,804.0,804.0,12.0,,6.0,,,,,,,18.0,,,9.0,,,13.0,22.0,40.0,764.0,3.0,7.0,,,,,,,7.0,,,,"Samples tested for Influenza ,SARS CoV-2 and other respiratory viruses",IN,202316,202316,1.0,1.0,1.0
SEAR,YR,NH,FLU_STH_ASIA,IND,India,2023-04-24,2023,17,2023-04-23,2023,17,SENTINEL,719.0,719.0,8.0,,5.0,,,,,,,13.0,,,11.0,,,,11.0,24.0,695.0,3.0,3.0,,,,,1.0,,4.0,,,,samples tested  for Influenza & SARS CoV-2,IN,202317,202317,1.0,1.0,1.0
SEAR,YR,NH,FLU_STH_ASIA,IND,India,2023-05-01,2023,18,2023-04-30,2023,18,SENTINEL,741.0,741.0,5.0,,4.0,,,,,,,9.0,,,12.0,,,,12.0,21.0,720.0,3.0,8.0,,,,,2.0,,6.0,,,,Samples tested  for Influenza & SARS CoV-2,IN,202318,202318,1.0,1.0,1.0
SEAR,YR,NH,FLU_STH_ASIA,IND,India,2023-05-08,2023,19,2023-05-07,2023,19,SENTINEL,698.0,698.0,2.0,,2.0,,,,,,,4.0,,,1.0,,,1.0,2.0,6.0,692.0,3.0,2.0,,,,,,,1.0,,,,Samples tested  for Influenza & SARS CoV-2,IN,202319,202319,1.0,1.0,1.0
SEAR,YR,NH,FLU_STH_ASIA,IND,India,2023-05-15,2023,20,2023-05-14,2023,20,SENTINEL,707.0,707.0,7.0,,8.0,,,,,,,15.0,,,14.0,,,2.0,16.0,31.0,676.0,3.0,4.0,,,,,1.0,,2.0,,,,Samples tested  for Influenza & SARS CoV-2,IN,202320,202320,1.0,1.0,1.0
SEAR,YR,NH,FLU_STH_ASIA,IND,India,2023-05-22,2023,21,2023-05-21,2023,21,SENTINEL,615.0,615.0,3.0,,1.0,,,,,,,4.0,,,6.0,,,4.0,10.0,14.0,25.0,3.0,3.0,,,,,4.0,,9.0,,,,samples tested  for Influenza & SARS CoV-2,IN,202321,202321,1.0,1.0,1.0
SEAR,YR,NH,FLU_STH_ASIA,IND,India,2023-05-29,2023,22,2023-05-28,2023,22,SENTINEL,662.0,662.0,11.0,,6.0,,,,,,,17.0,,,5.0,,,1.0,6.0,23.0,639.0,3.0,2.0,,,,,2.0,,1.0,,,,Samples tested  for Influenza & SARS CoV-2,IN,202322,202322,1.0,1.0,1.0
SEAR,YR,NH,FLU_STH_ASIA,IND,India,2023-06-05,2023,23,2023-06-04,2023,23,SENTINEL,599.0,599.0,15.0,,6.0,,,,,,,21.0,,,5.0,,,10.0,15.0,36.0,563.0,3.0,7.0,,,,,,,7.0,,,,samples tested  for Influenza & SARS CoV-2,IN,202323,202323,1.0,1.0,1.0
SEAR,YR,NH,FLU_STH_ASIA,IND,India,2023-06-12,2023,24,2023-06-11,2023,24,SENTINEL,584.0,584.0,,,5.0,,,,,,,5.0,,,12.0,,,6.0,18.0,23.0,561.0,3.0,3.0,,,,,1.0,,1.0,,,,Samples tested  for Influenza & SARS CoV-2,IN,202324,202324,1.0,1.0,1.0
SEAR,YR,NH,FLU_STH_ASIA,IND,India,2023-06-19,2023,25,2023-06-18,2023,25,SENTINEL,520.0,520.0,,,2.0,,,,,,,2.0,,,9.0,,,1.0,10.0,12.0,508.0,3.0,11.0,,,,,1.0,,5.0,,,,samples tested  for Influenza & SARS CoV-2,IN,202325,202325,1.0,1.0,1.0
SEAR,YR,NH,FLU_STH_ASIA,IND,India,2023-06-26,2023,26,2023-06-25,2023,26,SENTINEL,550.0,550.0,2.0,,8.0,,,,,,,10.0,,,3.0,,,,3.0,13.0,537.0,3.0,9.0,,,,,1.0,,,,,,samples tested  for Influenza & SARS CoV-2,IN,202326,202326,1.0,1.0,1.0
SEAR,YR,NH,FLU_STH_ASIA,IND,India,2023-07-03,2023,27,2023-07-02,2023,27,SENTINEL,639.0,639.0,8.0,,6.0,,,,,,,14.0,,,12.0,,,7.0,19.0,33.0,606.0,3.0,2.0,,,,,2.0,,2.0,,,,Samples tested  for Influenza & SARS CoV-2,IN,202327,202327,1.0,1.0,1.0
SEAR,YR,NH,FLU_STH_ASIA,IND,India,2023-07-10,2023,28,2023-07-09,2023,28,SENTINEL,573.0,573.0,3.0,,11.0,,,,,,,14.0,,,5.0,,,1.0,6.0,20.0,553.0,3.0,2.0,,,,,2.0,,4.0,,,,Samples tested  for Influenza & SARS CoV-2,IN,202328,202328,1.0,1.0,1.0
SEAR,YR,NH,FLU_STH_ASIA,IND,India,2023-07-17,2023,29,2023-07-16,2023,29,SENTINEL,636.0,636.0,5.0,,16.0,,,,,,,21.0,,,14.0,,,3.0,17.0,38.0,598.0,3.0,7.0,,,,,3.0,,8.0,,,,samples tested  for Influenza & SARS CoV-2,IN,202329,202329,1.0,1.0,1.0
SEAR,YR,NH,FLU_STH_ASIA,IND,India,2023-07-24,2023,30,2023-07-23,2023,30,SENTINEL,642.0,642.0,4.0,,24.0,,,,,,,28.0,,,7.0,,,1.0,8.0,36.0,606.0,3.0,3.0,,,,,3.0,,15.0,,,,samples tested  for Influenza & SARS CoV-2,IN,202330,202330,1.0,1.0,1.0
SEAR,YR,NH,FLU_STH_ASIA,IND,India,2023-07-31,2023,31,2023-07-30,2023,31,SENTINEL,601.0,601.0,5.0,,21.0,,,,,,,26.0,,,14.0,,,,14.0,40.0,561.0,3.0,2.0,,,1.0,,1.0,,26.0,,,,samples tested  for Influenza & SARS CoV-2,IN,202331,202331,1.0,1.0,1.0
SEAR,YR,NH,FLU_STH_ASIA,IND,India,2023-08-07,2023,32,2023-08-06,2023,32,SENTINEL,714.0,714.0,9.0,,36.0,,,,,,,45.0,,,30.0,,,,30.0,75.0,639.0,3.0,2.0,,,1.0,,2.0,,41.0,,,,Samples tested  for Influenza & SARS CoV-2,IN,202332,202332,1.0,1.0,1.0
SEAR,YR,NH,FLU_STH_ASIA,IND,India,2023-08-14,2023,33,2023-08-13,2023,33,SENTINEL,714.0,714.0,5.0,,34.0,,,,,,,39.0,,,23.0,,,2.0,25.0,64.0,650.0,3.0,4.0,,,,,,,47.0,,,,Samples tested  for Influenza & SARS CoV-2,IN,202333,202333,1.0,1.0,1.0
SEAR,YR,NH,FLU_STH_ASIA,IND,India,2023-08-21,2023,34,2023-08-20,2023,34,SENTINEL,741.0,741.0,20.0,,42.0,,,,,,,62.0,,,30.0,,,,30.0,92.0,649.0,3.0,,,,,,2.0,,47.0,,,,Samples tested  for Influenza & SARS CoV-2,IN,202334,202334,1.0,1.0,1.0
SEAR,YR,NH,FLU_STH_ASIA,IND,India,2023-08-28,2023,35,2023-08-27,2023,35,SENTINEL,650.0,650.0,7.0,,41.0,,,,,,,48.0,,,26.0,,,,26.0,74.0,576.0,3.0,1.0,,,,,2.0,,38.0,,,,Samples tested  for Influenza & SARS CoV-2,IN,202335,202335,1.0,1.0,1.0
SEAR,YR,NH,FLU_STH_ASIA,IND,India,2023-09-04,2023,36,2023-09-03,2023,36,SENTINEL,200.0,200.0,1.0,,8.0,,,,,,,9.0,,,20.0,,,,20.0,29.0,171.0,3.0,2.0,,,,,,,32.0,,,,,IN,202336,202336,1.0,1.0,1.0
SEAR,YR,NH,FLU_STH_ASIA,IND,India,2023-09-11,2023,37,2023-09-10,2023,37,SENTINEL,200.0,200.0,1.0,,8.0,,,,,,,9.0,,,20.0,,,,20.0,29.0,171.0,3.0,2.0,,,,,,,32.0,,,,"Samples tested for Influenza, SARS CoV-2 & Other respiratory virueses.",IN,202337,202337,1.0,1.0,1.0
SEAR,YR,NH,FLU_STH_ASIA,IND,India,2023-09-18,2023,38,2023-09-17,2023,38,SENTINEL,602.0,602.0,11.0,,19.0,,,,,,,30.0,,,20.0,,,,20.0,50.0,552.0,3.0,,,,,,,,5.0,,,,Samples tested  for Influenza & SARS CoV-2,IN,202338,202338,1.0,1.0,1.0
SEAR,YR,NH,FLU_STH_ASIA,IND,India,2023-09-25,2023,39,2023-09-24,2023,39,SENTINEL,365.0,365.0,8.0,,5.0,,,,,,,13.0,,,14.0,,,,14.0,27.0,338.0,3.0,3.0,,,,,4.0,,9.0,,,,Samples tested  for Influenza & SARS CoV-2,IN,202339,202339,1.0,1.0,1.0
SEAR,YR,NH,FLU_STH_ASIA,IND,India,2023-10-02,2023,40,2023-10-01,2023,40,SENTINEL,530.0,530.0,18.0,,16.0,,,,,,,34.0,,,13.0,,,2.0,15.0,49.0,481.0,3.0,3.0,,,,,4.0,,9.0,,,,"Samples tested  for Influenza, SARS CoV-2 and other repiratory viruses",IN,202340,202340,1.0,1.0,1.0
SEAR,YR,NH,FLU_STH_ASIA,IND,India,2023-10-09,2023,41,2023-10-08,2023,41,SENTINEL,685.0,685.0,36.0,,17.0,,,,,,,53.0,,,25.0,,,5.0,30.0,83.0,602.0,3.0,3.0,,,,,2.0,,5.0,,,,Samples tested for Influenza,IN,202341,202341,1.0,1.0,1.0
SEAR,YR,NH,FLU_STH_ASIA,IND,India,2023-10-16,2023,42,2023-10-15,2023,42,SENTINEL,606.0,613.0,34.0,,20.0,,,,,,,54.0,,,19.0,,,5.0,24.0,78.0,528.0,3.0,2.0,,,1.0,,4.0,,3.0,,,,Samples tested for Influenza,IN,202342,202342,1.0,1.0,1.0
SEAR,YR,NH,FLU_STH_ASIA,IND,India,2023-10-23,2023,43,2023-10-22,2023,43,SENTINEL,518.0,518.0,28.0,,11.0,,,,,,,39.0,,,12.0,,,2.0,14.0,53.0,465.0,3.0,2.0,,,2.0,,3.0,,,,,,"Samples tested  for Influenza, SARS CoV-2 and other respiratory viruses",IN,202343,202343,1.0,1.0,1.0
SEAR,YR,NH,FLU_STH_ASIA,IND,India,2023-10-30,2023,44,2023-10-29,2023,44,SENTINEL,158.0,158.0,10.0,,7.0,,,,,,,17.0,,,7.0,,,2.0,9.0,26.0,132.0,3.0,4.0,,,5.0,,2.0,,,,,,"Samples tested  for Influenza, SARS CoV-2 and other respiratory viurses",IN,202344,202344,1.0,1.0,1.0
SEAR,YR,NH,FLU_STH_ASIA,IND,India,2023-11-06,2023,45,2023-11-05,2023,45,SENTINEL,74.0,74.0,4.0,,,,,,,,,4.0,,,4.0,,,,4.0,8.0,66.0,3.0,6.0,,,,,2.0,,,,,,"Samples tested for Influenza, SARS CoV-2 and other respiratory viruses.",IN,202345,202345,1.0,1.0,1.0
SEAR,YR,NH,FLU_STH_ASIA,IND,India,2023-11-13,2023,46,2023-11-12,2023,46,SENTINEL,118.0,118.0,3.0,,3.0,,,,,,,6.0,,,3.0,,,,3.0,9.0,109.0,3.0,5.0,,,4.0,,,,2.0,,,,"Samples tested  for Influenza, SARS CoV-2 and other respiratory viruses",IN,202346,202346,1.0,1.0,1.0
SEAR,YR,NH,FLU_STH_ASIA,IND,India,2023-11-20,2023,47,2023-11-19,2023,47,SENTINEL,111.0,111.0,1.0,,,,,,,,,1.0,,,1.0,,,,1.0,2.0,109.0,3.0,11.0,,,,,2.0,,1.0,,,,"Samples tested  for Influenza, SARS CoV-2 and other respiratory viruses",IN,202347,202347,1.0,1.0,1.0
SEAR,YR,NH,FLU_STH_ASIA,IND,India,2023-11-27,2023,48,2023-11-26,2023,48,SENTINEL,128.0,128.0,2.0,,,,,,,,,2.0,,,9.0,,,,9.0,11.0,117.0,3.0,10.0,,,,,1.0,,1.0,,,,"Samples tested for Influenza, SARS CoV-2 and other respiratory viruses",IN,202348,202348,1.0,1.0,1.0
SEAR,YR,NH,FLU_STH_ASIA,IND,India,2023-12-04,2023,49,2023-12-03,2023,49,SENTINEL,162.0,162.0,8.0,,,,,,,,,8.0,,,3.0,,,,3.0,11.0,151.0,3.0,6.0,,,,,3.0,,7.0,,,,"Samples tested for Influenza, SARS CoV-2 and other respiratory viruses",IN,202349,202349,1.0,1.0,1.0
SEAR,YR,NH,FLU_STH_ASIA,IND,India,2023-12-11,2023,50,2023-12-10,2023,50,SENTINEL,125.0,125.0,1.0,,3.0,,,,,,,4.0,,,4.0,,,,4.0,8.0,117.0,3.0,5.0,,,1.0,,3.0,,,,,,"Samples tested for Influenza, SARS CoV-2 and other respiratory viruses",IN,202350,202350,1.0,1.0,1.0
SEAR,YR,NH,FLU_STH_ASIA,IND,India,2023-12-18,2023,51,2023-12-17,2023,51,SENTINEL,178.0,178.0,3.0,,,,,,,,,3.0,,,6.0,,,,6.0,9.0,169.0,3.0,8.0,,,1.0,,4.0,,,,,,"Samples tested for Influenza, SARS CoV-2 and other respiratory viruses",IN,202351,202351,1.0,1.0,1.0
SEAR,YR,NH,FLU_STH_ASIA,IND,India,2023-12-25,2023,52,2023-12-24,2023,52,SENTINEL,155.0,155.0,3.0,,1.0,,,,,,,4.0,,,9.0,,,,9.0,13.0,142.0,3.0,7.0,,,2.0,,1.0,,4.0,,,,"Samples tested for Influenza, SARS CoV-2 and other respiratory viruses",IN,202352,202352,1.0,1.0,1.0
SEAR,YR,NH,FLU_STH_ASIA,IND,India,2024-01-01,2024,1,2023-12-31,2024,1,SENTINEL,186.0,186.0,,,,,,,,,,,,,,,,,,,186.0,3.0,5.0,,,1.0,,4.0,,,,,,"Samples tested for Influenza, SARS CoV-2 and other respiratory viruses",IN,202401,202401,1.0,1.0,1.0
SEAR,YR,NH,FLU_STH_ASIA,IND,India,2024-01-08,2024,2,2024-01-07,2024,2,SENTINEL,586.0,586.0,11.0,,5.0,,,,,,,16.0,,,13.0,,,,13.0,29.0,557.0,3.0,6.0,,,2.0,,2.0,,5.0,,,,"Samples tested for Influenza, SARS CoV-2 and other respiratory viruses",IN,202402,202402,1.0,1.0,1.0
SEAR,YR,NH,FLU_STH_ASIA,IND,India,2024-01-15,2024,3,2024-01-14,2024,3,SENTINEL,566.0,566.0,12.0,,1.0,,,,,,,13.0,,,16.0,,,,16.0,29.0,537.0,3.0,12.0,,,3.0,,3.0,,4.0,,,,"Samples tested for Influenza, SARS CoV-2 and other respiratory viruses",IN,202403,202403,1.0,1.0,1.0
SEAR,YR,NH,FLU_STH_ASIA,IND,India,2024-01-22,2024,4,2024-01-21,2024,4,SENTINEL,684.0,684.0,15.0,,1.0,,,,,,,16.0,,,14.0,,,3.0,17.0,33.0,651.0,3.0,4.0,,,7.0,,1.0,,1.0,,,,"Samples tested for Influenza, SARS CoV-2 and other respiratory viruses",IN,202404,202404,1.0,1.0,1.0
SEAR,YR,NH,FLU_STH_ASIA,IND,India,2024-01-29,2024,5,2024-01-28,2024,5,SENTINEL,920.0,920.0,11.0,,2.0,,,,,,,13.0,,,12.0,,,,12.0,25.0,895.0,3.0,11.0,,,12.0,,1.0,,6.0,,,,"Samples tested for Influenza, SARS CoV-2 and other respiratory viruses",IN,202405,202405,1.0,1.0,1.0
SEAR,YR,NH,FLU_STH_ASIA,IND,India,2024-02-05,2024,6,2024-02-04,2024,6,SENTINEL,485.0,485.0,6.0,,1.0,,,,,,,7.0,,,14.0,,,,14.0,21.0,464.0,3.0,,,,,,,,,,,,"Samples tested for Influenza, SARS CoV-2 and other respiratory viruses",IN,202406,202406,1.0,1.0,1.0
SEAR,YR,NH,FLU_STH_ASIA,IND,India,2024-02-12,2024,7,2024-02-11,2024,7,SENTINEL,535.0,535.0,11.0,,,,,,,,,11.0,,,21.0,,,2.0,23.0,34.0,501.0,3.0,10.0,,,11.0,,1.0,,2.0,,,,"Samples tested for Influenza, SARS CoV-2 and other respiratory viruses",IN,202407,202407,1.0,1.0,1.0
SEAR,YR,NH,FLU_STH_ASIA,IND,India,2024-02-19,2024,8,2024-02-18,2024,8,SENTINEL,621.0,621.0,25.0,,1.0,,,,,,,26.0,,,14.0,,,2.0,16.0,42.0,579.0,3.0,8.0,,,6.0,,1.0,,2.0,,,,Samples tested for Influenza.,IN,202408,202408,1.0,1.0,1.0
SEAR,YR,NH,FLU_STH_ASIA,IND,India,2024-02-26,2024,9,2024-02-25,2024,9,SENTINEL,514.0,514.0,18.0,,,,,,,,,18.0,,,9.0,,,,9.0,27.0,487.0,3.0,,,,,,,,,,,,"Samples tested for Influenza, SARS CoV-2 and other respiratory viruses",IN,202409,202409,1.0,1.0,1.0
SEAR,YR,NH,FLU_STH_ASIA,IND,India,2024-03-04,2024,10,2024-03-03,2024,10,SENTINEL,693.0,693.0,32.0,,,,,,,,,32.0,,,4.0,,,1.0,5.0,37.0,656.0,3.0,6.0,,,3.0,,7.0,,,,,,"Samples tested for Influenza, SARS CoV-2 and other respiratory viruses",IN,202410,202410,1.0,1.0,1.0
SEAR,YR,NH,FLU_STH_ASIA,IND,India,2024-03-11,2024,11,2024-03-10,2024,11,SENTINEL,748.0,748.0,22.0,,,,,,,,,22.0,,,8.0,,,,8.0,30.0,718.0,3.0,,,,,,,,1.0,,,,"Samples tested  for Influenza & SARS CoV-2. Out of 30, 1 samples tested for RSV",IN,202411,202411,1.0,1.0,1.0
SEAR,YR,NH,FLU_STH_ASIA,IND,India,2024-03-18,2024,12,2024-03-17,2024,12,SENTINEL,703.0,703.0,16.0,,4.0,,,,,,,20.0,,,9.0,,,,9.0,29.0,674.0,3.0,10.0,,,,,3.0,,1.0,,,,"Samples tested  for Influenza & SARS CoV-2. Out of 25, 6 samples tested for RSV",IN,202412,202412,1.0,1.0,1.0
SEAR,YR,NH,FLU_STH_ASIA,IND,India,2024-03-25,2024,13,2024-03-24,2024,13,SENTINEL,643.0,643.0,18.0,,,,,,,,,18.0,,,5.0,,,,5.0,23.0,620.0,3.0,7.0,,,,,9.0,,3.0,,,,Samples tested only for Influenza,IN,202413,202413,1.0,1.0,1.0
SEAR,YR,NH,FLU_STH_ASIA,IND,India,2024-04-01,2024,14,2024-03-31,2024,14,SENTINEL,662.0,662.0,6.0,,1.0,,,,,,,7.0,,,3.0,,,,3.0,10.0,652.0,3.0,6.0,,,,,6.0,,,,,,"Samples tested  for Influenza & SARS CoV-2. Out of 27, 2 samples tested for RSV",IN,202414,202414,1.0,1.0,1.0
SEAR,YR,NH,FLU_STH_ASIA,IND,India,2024-04-08,2024,15,2024-04-07,2024,15,SENTINEL,604.0,604.0,16.0,,,,,,,,,16.0,,,7.0,,,,7.0,23.0,581.0,3.0,3.0,,,,,2.0,,,,,,"Samples tested  for Influenza & SARS CoV-2. Out of 27, 2 samples tested for RSV",IN,202415,202415,1.0,1.0,1.0
SEAR,YR,NH,FLU_STH_ASIA,IND,India,2024-04-15,2024,16,2024-04-14,2024,16,SENTINEL,656.0,656.0,9.0,,1.0,,,,,,,10.0,,,4.0,,,,4.0,14.0,642.0,3.0,,,,2.0,,2.0,,,,,,Samples tested only for Influenza,IN,202416,202416,1.0,1.0,1.0
SEAR,YR,NH,FLU_STH_ASIA,IND,India,2024-04-22,2024,17,2024-04-21,2024,17,SENTINEL,642.0,642.0,11.0,,,,,,,,,11.0,,,1.0,,,,1.0,12.0,630.0,3.0,4.0,,,,,3.0,,1.0,,,,"Samples tested  for Influenza & SARS CoV-2. Out of 29, 5 samples tested for RSV",IN,202417,202417,1.0,1.0,1.0
SEAR,YR,NH,FLU_STH_ASIA,IND,India,2024-04-29,2024,18,2024-04-28,2024,18,SENTINEL,721.0,721.0,4.0,,,,,,,,,4.0,,,,,,3.0,3.0,7.0,714.0,3.0,2.0,,,,,2.0,,1.0,,,,"Samples tested  for Influenza & SARS CoV-2. Out of 25, 5 samples tested for RSV",IN,202418,202418,1.0,1.0,1.0
SEAR,YR,NH,FLU_STH_ASIA,IND,India,2024-05-06,2024,19,2024-05-05,2024,19,SENTINEL,703.0,703.0,10.0,,1.0,,,,,,,11.0,,,6.0,,,,6.0,17.0,686.0,3.0,1.0,,,,,5.0,,1.0,,,,"Samples tested  for Influenza & SARS CoV-2. Out of 22, 3 samples tested for RSV",IN,202419,202419,1.0,1.0,1.0
SEAR,YR,NH,FLU_STH_ASIA,IND,India,2024-05-13,2024,20,2024-05-12,2024,20,SENTINEL,648.0,648.0,20.0,,,,,,,,,20.0,,,1.0,,,,1.0,21.0,627.0,3.0,7.0,,,,,8.0,,,,,,"Samples tested  for Influenza & SARS CoV-2. Out of 26, 3 samples tested for RSV",IN,202420,202420,1.0,1.0,1.0
SEAR,YR,NH,FLU_STH_ASIA,IND,India,2024-05-20,2024,21,2024-05-19,2024,21,SENTINEL,609.0,609.0,16.0,,1.0,,,,,,,17.0,,,,,,1.0,1.0,18.0,591.0,3.0,2.0,,,,,2.0,,3.0,,,,"Samples tested  for Influenza & SARS CoV-2. Out of 26, 4 samples tested for RSV",IN,202421,202421,1.0,1.0,1.0
SEAR,YR,NH,FLU_STH_ASIA,IND,India,2024-05-27,2024,22,2024-05-26,2024,22,SENTINEL,576.0,576.0,5.0,,,,,,,,,5.0,,,2.0,,,,2.0,7.0,569.0,3.0,2.0,,,,,2.0,,3.0,,,,"Samples tested  for Influenza & SARS CoV-2. Out of 29, 1 samples tested for RSV",IN,202422,202422,1.0,1.0,1.0
SEAR,YR,NH,FLU_STH_ASIA,IND,India,2024-06-03,2024,23,2024-06-02,2024,23,SENTINEL,625.0,625.0,17.0,,,,,,,,,17.0,,,3.0,,,,3.0,20.0,605.0,3.0,4.0,,,1.0,,6.0,,1.0,,,,"Samples tested  for Influenza & SARS CoV-2. Out of 25, 3 samples tested for RSV",IN,202423,202423,1.0,1.0,1.0
SEAR,YR,NH,FLU_STH_ASIA,IND,India,2024-06-10,2024,24,2024-06-09,2024,24,SENTINEL,427.0,427.0,12.0,,,,,,,,,12.0,,,1.0,,,,1.0,13.0,414.0,3.0,,,,1.0,,3.0,,,,,,"Samples tested  for Influenza & SARS CoV-2. Out of 32, 2 samples tested for RSV",IN,202424,202424,1.0,1.0,1.0
SEAR,YR,NH,FLU_STH_ASIA,IND,India,2024-06-17,2024,25,2024-06-16,2024,25,SENTINEL,387.0,387.0,13.0,,,,,,,,,13.0,,,1.0,,,,1.0,14.0,373.0,3.0,,,,,,4.0,,,,,,"Samples tested  for Influenza & SARS CoV-2. Out of 22, 2 samples tested for RSV",IN,202425,202425,1.0,1.0,1.0
SEAR,YR,NH,FLU_STH_ASIA,IND,India,2024-06-24,2024,26,2024-06-23,2024,26,SENTINEL,442.0,442.0,13.0,,,,,,,,,13.0,,,2.0,,,,2.0,15.0,427.0,3.0,,,,,,2.0,,3.0,,,,"Samples tested  for Influenza & SARS CoV-2. Out of 35, 6 samples tested for RSV",IN,202426,202426,1.0,1.0,1.0
SEAR,YR,NH,FLU_STH_ASIA,IND,India,2024-07-01,2024,27,2024-06-30,2024,27,SENTINEL,254.0,254.0,4.0,,,,,,,,,4.0,,,5.0,,,,5.0,9.0,245.0,3.0,1.0,,,,,1.0,,,,,,"Samples tested  for Influenza & SARS CoV-2. Out of 43, 4 samples tested for RSV",IN,202427,202427,1.0,1.0,1.0
SEAR,YR,NH,FLU_STH_ASIA,IND,India,2024-07-08,2024,28,2024-07-07,2024,28,SENTINEL,205.0,205.0,12.0,,1.0,,,,,,,13.0,,,4.0,,,1.0,5.0,18.0,187.0,3.0,,,,,,,,1.0,,,,"Samples tested  for Influenza & SARS CoV-2. Out of 41, 4 samples tested for RSV",IN,202428,202428,1.0,1.0,1.0
SEAR,YR,NH,FLU_STH_ASIA,IND,India,2024-07-15,2024,29,2024-07-14,2024,29,SENTINEL,335.0,335.0,21.0,,7.0,,,,,,,28.0,,,6.0,,,,6.0,34.0,301.0,3.0,,,,,,1.0,,1.0,,,,"Samples tested  for Influenza & SARS CoV-2. Out of 43, 4 samples tested for RSV",IN,202429,202429,1.0,1.0,1.0
SEAR,YR,NH,FLU_STH_ASIA,IND,India,2024-07-22,2024,30,2024-07-21,2024,30,SENTINEL,347.0,347.0,25.0,,1.0,,,,,,,26.0,,,3.0,,,,3.0,29.0,318.0,3.0,1.0,,,1.0,,5.0,,,,,,"Samples tested  for Influenza & SARS CoV-2. Out of 46, 6 samples tested for RSV",IN,202430,202430,1.0,1.0,1.0
SEAR,YR,NH,FLU_STH_ASIA,IND,India,2024-07-29,2024,31,2024-07-28,2024,31,SENTINEL,223.0,223.0,13.0,,1.0,,,,,,,14.0,,,1.0,,,,1.0,15.0,208.0,3.0,,,,1.0,,5.0,,1.0,,,,"Samples tested  for Influenza & SARS CoV-2. Out of 43, 5 samples tested for RSV",IN,202431,202431,1.0,1.0,1.0
SEAR,YR,NH,FLU_STH_ASIA,IND,India,2024-08-05,2024,32,2024-08-04,2024,32,SENTINEL,249.0,249.0,32.0,,3.0,,,,,,,35.0,,,1.0,,,,1.0,36.0,213.0,3.0,1.0,,,,,,,,,,,"Samples tested  for Influenza & SARS CoV-2.Out of 26, 2 samples tested for RSV",IN,202432,202432,1.0,1.0,1.0
SEAR,YR,NH,FLU_STH_ASIA,IND,India,2024-08-12,2024,33,2024-08-11,2024,33,SENTINEL,228.0,228.0,32.0,,4.0,,,,,,,36.0,,,2.0,,,,2.0,38.0,190.0,3.0,,,,4.0,,1.0,,1.0,,,,"Samples tested for Influenza & SARS CoV-2. Out of 25, 2 samples tested for RSV",IN,202433,202433,1.0,1.0,1.0
SEAR,YR,NH,FLU_STH_ASIA,IND,India,2024-08-19,2024,34,2024-08-18,2024,34,SENTINEL,274.0,274.0,42.0,,9.0,,,,,,,51.0,,,7.0,,,,7.0,58.0,216.0,3.0,1.0,,,1.0,,1.0,,4.0,,,,"Samples tested for Influenza & SARS CoV-2. Out of 55, 6 samples tested for RSV",IN,202434,202434,1.0,1.0,1.0
SEAR,YR,NH,FLU_STH_ASIA,IND,India,2024-08-26,2024,35,2024-08-25,2024,35,SENTINEL,264.0,264.0,44.0,,5.0,,,,,,,49.0,,,1.0,,,,1.0,50.0,214.0,3.0,,,,7.0,,1.0,,10.0,,,,"Samples tested for Influenza, SARS CoV-2& RSV",IN,202435,202435,1.0,1.0,1.0
SEAR,YR,NH,FLU_STH_ASIA,IND,India,2024-09-02,2024,36,2024-09-01,2024,36,SENTINEL,195.0,195.0,22.0,,7.0,,,,,,,29.0,,,3.0,,,1.0,4.0,33.0,162.0,3.0,,,,9.0,,1.0,,16.0,,,,"Samples tested for Influenza, SARS CoV-2& RSV",IN,202436,202436,1.0,1.0,1.0
SEAR,YR,NH,FLU_STH_ASIA,IND,India,2024-09-09,2024,37,2024-09-08,2024,37,SENTINEL,319.0,319.0,31.0,,7.0,,,,,,,38.0,,,2.0,,,,2.0,40.0,279.0,3.0,,,,5.0,,4.0,,24.0,,,,"Samples tested for Influenza, SARS CoV-2& RSV",IN,202437,202437,1.0,1.0,1.0
SEAR,YR,NH,FLU_STH_ASIA,IND,India,2024-09-16,2024,38,2024-09-15,2024,38,SENTINEL,214.0,214.0,20.0,,4.0,,,,,,,24.0,,,1.0,,,,1.0,25.0,189.0,3.0,,,,9.0,,2.0,,8.0,,,,"Samples tested for Influenza, SARS CoV-2. Out of 7, 1 samples tested for RSV",IN,202438,202438,1.0,1.0,1.0
SEAR,YR,NH,FLU_STH_ASIA,IND,India,2024-09-23,2024,39,2024-09-22,2024,39,SENTINEL,159.0,159.0,12.0,,3.0,,,,,,,15.0,,,,,,,,15.0,144.0,3.0,,,,11.0,,7.0,,13.0,,,,"Samples tested for Influenza, SARS CoV-2. Out of 9, 8 samples tested for RSV",IN,202439,202439,1.0,1.0,1.0
SEAR,YR,NH,FLU_STH_ASIA,IND,India,2024-09-30,2024,40,2024-09-29,2024,40,SENTINEL,122.0,122.0,4.0,,3.0,,,,,,,7.0,,,,,,,,7.0,115.0,3.0,,,,4.0,,1.0,,13.0,,,,"Samples tested for Influenza, SARS CoV-2. Out of 25, 1 samples tested for RSV",IN,202440,202440,1.0,1.0,1.0
SEAR,YR,NH,FLU_STH_ASIA,IND,India,2024-10-07,2024,41,2024-10-06,2024,41,SENTINEL,85.0,85.0,1.0,,3.0,,,,,,,4.0,,,4.0,,,,4.0,8.0,77.0,,1.0,,,5.0,,2.0,,14.0,,,,"Samples tested for Influenza, SARS CoV-2. Out of 25, 4 samples tested for RSV",IN,202441,202441,1.0,1.0,1.0
SEAR,YR,NH,FLU_STH_ASIA,IND,India,2024-10-14,2024,42,2024-10-13,2024,42,SENTINEL,103.0,103.0,2.0,,1.0,,,,,,,3.0,,,4.0,,,,4.0,7.0,96.0,,,,,3.0,,,,16.0,,,,"Samples tested for Influenza, SARS CoV-2. Out of 25, 2 samples tested for RSV",IN,202442,202442,1.0,1.0,1.0
SEAR,YR,NH,FLU_STH_ASIA,IND,India,2024-10-21,2024,43,2024-10-20,2024,43,SENTINEL,97.0,97.0,1.0,,1.0,,,,,,,2.0,,,2.0,,,,2.0,4.0,93.0,,1.0,,,2.0,,1.0,,11.0,,,,"Samples tested for Influenza, SARS CoV-2. Out of 8, 6 samples tested for RSV",IN,202443,202443,1.0,1.0,1.0
SEAR,YR,NH,FLU_STH_ASIA,IND,India,2024-10-28,2024,44,2024-10-27,2024,44,SENTINEL,78.0,78.0,,,2.0,,,,,,,2.0,,,,,,,,2.0,76.0,3.0,,,,5.0,,1.0,,11.0,,,,"Samples tested for Influenza, SARS CoV-2. Out of 25, 2 samples tested for RSV",IN,202444,202444,1.0,1.0,1.0
SEAR,YR,NH,FLU_STH_ASIA,IND,India,2024-11-04,2024,45,2024-11-03,2024,45,SENTINEL,81.0,81.0,0.0,,1.0,,,,,,,1.0,,,3.0,,,,3.0,4.0,77.0,3.0,,,,,,1.0,,4.0,,,,"Samples tested for Influenza, SARS CoV-2.Out of 25, 5 samples tested for RSV",IN,202445,202445,1.0,1.0,1.0
SEAR,YR,NH,FLU_STH_ASIA,IND,India,2024-11-11,2024,46,2024-11-10,2024,46,SENTINEL,63.0,63.0,,,,,,,,,,,,,2.0,,,,2.0,2.0,61.0,3.0,2.0,,,3.0,,2.0,,7.0,,,,Samples tested  for Influenza & SARS CoV-2 and other respiratory viruses.,IN,202446,202446,1.0,1.0,1.0
SEAR,YR,NH,FLU_STH_ASIA,IND,India,2024-11-18,2024,47,2024-11-17,2024,47,SENTINEL,168.0,168.0,,,,,,,,,,,,,5.0,,,,5.0,5.0,163.0,3.0,1.0,,,2.0,,1.0,,7.0,,,,Samples tested  for Influenza & SARS CoV-2. out of 25 1 sample tested for RSV,IN,202447,202447,1.0,1.0,1.0
SEAR,YR,NH,FLU_STH_ASIA,IND,India,2024-11-25,2024,48,2024-11-24,2024,48,SENTINEL,441.0,441.0,8.0,,8.0,,,,,,,16.0,,,19.0,,,,19.0,35.0,406.0,3.0,1.0,,,,,,,3.0,,,,Samples tested  for Influenza & SARS CoV-2 and other respiratory viruses.,IN,202448,202448,1.0,1.0,1.0
SEAR,YR,NH,FLU_STH_ASIA,IND,India,2024-12-02,2024,49,2024-12-01,2024,49,SENTINEL,369.0,369.0,2.0,,16.0,,,,,,,18.0,,,8.0,,,,8.0,26.0,343.0,3.0,,,,,,,,,,,,Samples tested  for Influenza & SARS CoV-2,IN,202449,202449,1.0,1.0,1.0
SEAR,YR,NH,FLU_STH_ASIA,IND,India,2024-12-09,2024,50,2024-12-08,2024,50,SENTINEL,230.0,230.0,1.0,,5.0,,,,,,,6.0,,,12.0,,,,12.0,18.0,212.0,3.0,1.0,,,,,1.0,,5.0,,,,Samples tested  for Influenza & SARS CoV-2 and other respiratory viruses.,IN,202450,202450,1.0,1.0,1.0
SEAR,YR,NH,FLU_STH_ASIA,IND,India,2024-12-16,2024,51,2024-12-15,2024,51,SENTINEL,288.0,288.0,4.0,,8.0,,,,,,,12.0,,,19.0,,,,19.0,31.0,257.0,3.0,,,,1.0,,,,2.0,,,,Samples tested  for Influenza & SARS CoV-2 and other respiratory viruses.,IN,202451,202451,1.0,1.0,1.0
SEAR,YR,NH,FLU_STH_ASIA,IND,India,2024-12-23,2024,52,2024-12-22,2024,52,SENTINEL,735.0,735.0,9.0,,15.0,,,,,,,24.0,,,45.0,,,,45.0,69.0,666.0,3.0,2.0,,,1.0,,,,2.0,,,,Samples tested  for Influenza & SARS CoV-2 and other respiratory viruses.,IN,202452,202452,1.0,1.0,1.0
SEAR,YR,NH,FLU_STH_ASIA,IND,India,2024-12-30,2025,1,2024-12-29,2025,1,SENTINEL,234.0,234.0,,,1.0,,,,,,,1.0,,,15.0,,,,15.0,16.0,218.0,3.0,,,,,,,,1.0,,,,Samples tested  for Influenza & SARS CoV-2 and other respiratory viruses.,IN,202501,202501,1.0,1.0,1.0
SEAR,YR,NH,FLU_STH_ASIA,IND,India,2025-01-06,2025,2,2025-01-05,2025,2,SENTINEL,476.0,476.0,1.0,,2.0,,,,,,,3.0,,,26.0,,,3.0,29.0,32.0,444.0,3.0,3.0,,,1.0,,3.0,,,,,,Samples tested  for Influenza & SARS CoV-2 and other respiratory viruses.,IN,202502,202502,1.0,1.0,1.0
SEAR,YR,NH,FLU_STH_ASIA,IND,India,2025-01-13,2025,3,2025-01-12,2025,3,SENTINEL,526.0,526.0,2.0,,1.0,,,,,,,3.0,,,32.0,,,,32.0,35.0,491.0,3.0,,,,,,1.0,,4.0,,,,Samples tested  for Influenza & SARS CoV-2 and other respiratory viruses.,IN,202503,202503,1.0,1.0,1.0
SEAR,YR,NH,FLU_STH_ASIA,IND,India,2025-01-20,2025,4,2025-01-19,2025,4,SENTINEL,638.0,638.0,2.0,,4.0,,,,,,,6.0,,,45.0,,,,45.0,51.0,587.0,3.0,,,,,,,,,,,,Samples tested  for Influenza & SARS CoV-2 and other respiratory viruses.,IN,202504,202504,1.0,1.0,1.0
SEAR,YR,NH,FLU_STH_ASIA,IND,India,2025-01-27,2025,5,2025-01-26,2025,5,SENTINEL,525.0,525.0,2.0,,4.0,,,,,,,6.0,,,26.0,,,,26.0,32.0,493.0,3.0,1.0,,,,,,,2.0,,,,Samples tested  for Influenza & SARS CoV-2 and other respiratory viruses.,IN,202505,202505,1.0,1.0,1.0
SEAR,YR,NH,FLU_STH_ASIA,IND,India,2025-02-03,2025,6,2025-02-02,2025,6,SENTINEL,578.0,578.0,1.0,,6.0,,,,,,,7.0,,,28.0,,,1.0,29.0,36.0,542.0,3.0,1.0,,,,,,,,,,,Samples tested  for Influenza & SARS CoV-2 and other respiratory viruses.,IN,202506,202506,1.0,1.0,1.0
SEAR,YR,NH,FLU_STH_ASIA,IND,India,2025-02-10,2025,7,2025-02-09,2025,7,SENTINEL,846.0,846.0,7.0,,20.0,,,,,,,27.0,,,38.0,,,7.0,45.0,72.0,774.0,3.0,2.0,,,,,2.0,,,,,,Samples tested for Influenza & SARS CoV-2,IN,202507,202507,1.0,1.0,1.0
SEAR,YR,NH,FLU_STH_ASIA,IND,India,2025-02-17,2025,8,2025-02-16,2025,8,SENTINEL,590.0,590.0,2.0,,17.0,,,,,,,19.0,,,37.0,,,,37.0,56.0,534.0,3.0,,,,,,,,,,,,Samples tested  for Influenza & SARS CoV-2 and other respiratory viruses.,IN,202508,202508,1.0,1.0,1.0
SEAR,YR,NH,FLU_STH_ASIA,IND,India,2025-02-24,2025,9,2025-02-23,2025,9,SENTINEL,486.0,486.0,8.0,,12.0,,,,,,,20.0,,,23.0,,,4.0,27.0,47.0,439.0,3.0,2.0,,,0.0,,0.0,,0.0,,,,Samples tested  for Influenza & SARS CoV-2 and other respiratory viruses.,IN,202509,202509,1.0,1.0,1.0
SEAR,YR,NH,FLU_STH_ASIA,IND,India,2025-03-03,2025,10,2025-03-02,2025,10,SENTINEL,736.0,736.0,6.0,,9.0,,,,,,,15.0,,,43.0,,,,43.0,58.0,678.0,3.0,3.0,,,,,,,6.0,,,,"Samples tested  for Influenza, SARS CoV-2 & RSV",IN,202510,202510,1.0,1.0,1.0
SEAR,YR,NH,FLU_STH_ASIA,IND,India,2025-03-10,2025,11,2025-03-09,2025,11,SENTINEL,582.0,582.0,8.0,,18.0,,,,,,,26.0,,,19.0,,,3.0,22.0,48.0,534.0,3.0,1.0,,,,,1.0,,1.0,,,,"Samples tested  for Influenza, SARS CoV-2.out of 21, 8 samples tested for RSV",IN,202511,202511,1.0,1.0,1.0
SEAR,YR,NH,FLU_STH_ASIA,IND,India,2025-03-17,2025,12,2025-03-16,2025,12,SENTINEL,662.0,662.0,7.0,,35.0,,,,,,,42.0,,,11.0,,,1.0,12.0,54.0,608.0,3.0,1.0,,,,,2.0,,4.0,,,,"Samples tested for Influenza, SARS CoV-2.",IN,202512,202512,1.0,1.0,1.0
SEAR,YR,NH,FLU_STH_ASIA,IND,India,2025-03-24,2025,13,2025-03-23,2025,13,SENTINEL,584.0,584.0,8.0,,21.0,,,,,,,29.0,,,20.0,,,,20.0,49.0,535.0,3.0,1.0,,,0.0,,0.0,,1.0,,,,"Samples tested for Influenza, SARS CoV-2. Out of 25, 2 samples tested for RSV",IN,202513,202513,1.0,1.0,1.0
SEAR,YR,NH,FLU_STH_ASIA,IND,India,2025-03-31,2025,14,2025-03-30,2025,14,SENTINEL,461.0,461.0,5.0,,20.0,,,,,,,25.0,,,18.0,,,,18.0,43.0,418.0,3.0,1.0,,,,,2.0,,1.0,,,,"Samples tested for Influenza, SARS CoV-2. out of 25, 3 samples tested for RSV",IN,202514,202514,1.0,1.0,1.0
SEAR,YR,NH,FLU_STH_ASIA,IND,India,2025-04-07,2025,15,2025-04-06,2025,15,SENTINEL,639.0,639.0,2.0,,24.0,,,,,,,26.0,,,6.0,,,,6.0,32.0,607.0,3.0,,,,,,2.0,,1.0,,,,"Samples tested  for Influenza & SARS CoV-2 and other respiratory viruses (RSV, hMPV, PIV1-4, AdenoV, RhinoV, Entero).",IN,202515,202515,1.0,1.0,1.0
SEAR,YR,NH,FLU_STH_ASIA,IND,India,2025-04-14,2025,16,2025-04-13,2025,16,SENTINEL,383.0,383.0,2.0,,14.0,,,,,,,16.0,,,10.0,,,,10.0,26.0,357.0,3.0,,,,,,2.0,,1.0,,,,"Samples tested  for Influenza, SARS CoV-2& RSV",IN,202516,202516,1.0,1.0,1.0
SEAR,YR,NH,FLU_STH_ASIA,IND,India,2025-04-21,2025,17,2025-04-20,2025,17,SENTINEL,378.0,378.0,1.0,,19.0,,,,,,,20.0,,,5.0,,,,5.0,25.0,353.0,3.0,,,,,,4.0,,,,,,"Samples tested for Influenza, SARS CoV-2",IN,202517,202517,1.0,1.0,1.0
SEAR,YR,NH,FLU_STH_ASIA,IND,India,2025-04-28,2025,18,2025-04-27,2025,18,SENTINEL,458.0,458.0,2.0,,9.0,,,,,,,11.0,,,6.0,,,,6.0,17.0,441.0,3.0,1.0,,,,,1.0,,,,,,"Samples tested for Influenza, SARS CoV-2",IN,202518,202518,1.0,1.0,1.0
SEAR,YR,NH,FLU_STH_ASIA,IND,India,2025-05-05,2025,19,2025-05-04,2025,19,SENTINEL,706.0,706.0,1.0,,5.0,,,,,,,6.0,,,9.0,,,,9.0,15.0,691.0,3.0,1.0,,,,,,,2.0,,,,"Samples tested  for Influenza, SARS CoV-2.",IN,202519,202519,1.0,1.0,1.0
SEAR,YR,NH,FLU_STH_ASIA,IND,India,2025-05-12,2025,20,2025-05-11,2025,20,SENTINEL,660.0,660.0,,,17.0,,,,,,,17.0,,,3.0,,,2.0,5.0,22.0,638.0,3.0,1.0,,,,,,,,,,,"Samples tested  for Influenza, SARS CoV-2.",IN,202520,202520,1.0,1.0,1.0
SEAR,YR,NH,FLU_STH_ASIA,IND,India,2025-05-19,2025,21,2025-05-18,2025,21,SENTINEL,606.0,606.0,2.0,,18.0,,,,,,,20.0,,,7.0,,,,7.0,27.0,579.0,3.0,1.0,,,,,,,,,,,"Samples tested for Influenza , SARS CoV-2& RSV",IN,202521,202521,1.0,1.0,1.0
SEAR,YR,NH,FLU_STH_ASIA,IND,India,2025-05-26,2025,22,2025-05-25,2025,22,SENTINEL,596.0,596.0,1.0,,13.0,,,,,,,14.0,,,4.0,,,,4.0,18.0,578.0,3.0,1.0,,,,,,,,,,,"Samples tested  for Influenza, SARS CoV-2. Out of 13, 1 samples tested for RSV",IN,202522,202522,1.0,1.0,1.0
SEAR,YR,NH,FLU_STH_ASIA,IND,India,2025-06-02,2025,23,2025-06-01,2025,23,SENTINEL,397.0,397.0,2.0,,7.0,,,,,,,9.0,,,4.0,,,,4.0,13.0,384.0,3.0,,,,,,,,,,,,"Samples were tested  for Influenza & SARS CoV-2. Out of 27 samples, 7 samples were tested for RSV.",IN,202523,202523,1.0,1.0,1.0
SEAR,YR,NH,FLU_STH_ASIA,IND,India,2025-06-09,2025,24,2025-06-08,2025,24,SENTINEL,275.0,275.0,,,5.0,,,,,,,5.0,,,1.0,,,,1.0,6.0,269.0,3.0,1.0,,,,,1.0,,,,,,"Samples were tested  for Influenza & SARS CoV-2. Out of 25, 1 0 samples were tested for RSV",IN,202524,202524,1.0,1.0,1.0
SEAR,YR,NH,FLU_STH_ASIA,IND,India,2025-06-16,2025,25,2025-06-15,2025,25,SENTINEL,706.0,706.0,6.0,,41.0,,,,,,,47.0,,,4.0,,,0.0,4.0,51.0,655.0,3.0,1.0,,,,,1.0,,,,,,Samples were tested  for Influenza and SARS CoV-2.,IN,202525,202525,1.0,1.0,1.0
SEAR,YR,NH,FLU_STH_ASIA,IND,India,2025-06-23,2025,26,2025-06-22,2025,26,SENTINEL,972.0,972.0,8.0,,57.0,,,,,,,65.0,,,3.0,,,0.0,3.0,68.0,904.0,3.0,,,,,,,,2.0,,,,"Samples were tested  for Influenza and SARS CoV-2. Out of 28 samples, 8 were tested for RSV.",IN,202526,202526,1.0,1.0,1.0
SEAR,YR,NH,FLU_STH_ASIA,IND,India,2025-06-30,2025,27,2025-06-29,2025,27,SENTINEL,808.0,808.0,7.0,,55.0,,,,,,,62.0,,,8.0,,,0.0,8.0,70.0,738.0,3.0,,,,,,1.0,,,,,,"Samples were tested  for Influenza and SARS CoV-2. Out of 30 samples, 1 were tested for RSV.",IN,202527,202527,1.0,1.0,1.0
SEAR,YR,NH,FLU_STH_ASIA,IND,India,2025-07-07,2025,28,2025-07-06,2025,28,SENTINEL,641.0,641.0,3.0,,45.0,,,,,,,48.0,,,4.0,,,0.0,4.0,52.0,589.0,3.0,,,,,,,,,,,,"Samples were tested  for Influenza and SARS CoV-2. Out of 25, 2 samples tested for RSV",IN,202528,202528,1.0,1.0,1.0
SEAR,YR,NH,FLU_STH_ASIA,IND,India,2025-07-14,2025,29,2025-07-13,2025,29,SENTINEL,795.0,795.0,5.0,,76.0,,,,,,,81.0,,,3.0,,,,3.0,84.0,711.0,3.0,,,,,,1.0,,,,,,"Samples were tested for Influenza, SARS COV2. Out of 5 samples, 5 were tested for RSV.",IN,202529,202529,1.0,1.0,1.0
SEAR,YR,NH,FLU_STH_ASIA,IND,India,2025-07-21,2025,30,2025-07-20,2025,30,SENTINEL,1000.0,1000.0,11.0,,83.0,,,,,,,94.0,,,11.0,,,,11.0,105.0,895.0,3.0,1.0,,,,,1.0,,12.0,,,,"Samples were tested for Influenza, SARS COV2.Out of 35, 15 samples tested for RSV",IN,202530,202530,1.0,1.0,1.0
SEAR,YR,NH,FLU_STH_ASIA,IND,India,2025-07-28,2025,31,2025-07-27,2025,31,SENTINEL,207.0,207.0,2.0,,20.0,,,,,,,22.0,,,2.0,,,,2.0,24.0,183.0,3.0,1.0,,,,,,,7.0,,,,"Samples were tested for Influenza, SARS COV2. Out of 30 samples, 13 were tested for RSV.",IN,202531,202531,1.0,1.0,1.0
SEAR,YR,NH,FLU_STH_ASIA,IND,India,2025-08-04,2025,32,2025-08-03,2025,32,SENTINEL,434.0,434.0,4.0,,57.0,,,,,,,61.0,,,5.0,,,,5.0,66.0,368.0,3.0,,,,,,2.0,,16.0,,,,Samples were tested for Influenza and SARS-COV2. Out of 30 samples 15 were tested for RSV.,IN,202532,202532,1.0,1.0,1.0
SEAR,YR,NH,FLU_STH_ASIA,IND,India,2025-08-11,2025,33,2025-08-10,2025,33,SENTINEL,1090.0,1090.0,5.0,,158.0,,,,,,,163.0,,,28.0,,,,28.0,191.0,899.0,3.0,,,,,,,,22.0,,,,"Samples were tested for Influenza, SARS-COV2. and  RSV.",IN,202533,202533,1.0,1.0,1.0
SEAR,YR,NH,FLU_STH_ASIA,IND,India,2025-08-18,2025,34,2025-08-17,2025,34,SENTINEL,1044.0,1044.0,,,145.0,,,,,,,145.0,,,17.0,,,,17.0,162.0,882.0,3.0,1.0,,,,,1.0,,33.0,,,,"Samples were tested for Influenza, SARS-COV2& RSV",IN,202534,202534,1.0,1.0,1.0
SEAR,YR,NH,FLU_STH_ASIA,IND,India,2025-08-25,2025,35,2025-08-24,2025,35,SENTINEL,888.0,888.0,6.0,,115.0,,,,,,,121.0,,,20.0,,,0.0,20.0,141.0,747.0,3.0,,,,1.0,,2.0,,49.0,,,,"Samples were tested for influenza, SARS COV2& RSV.",IN,202535,202535,1.0,1.0,1.0
SEAR,YR,NH,FLU_STH_ASIA,IND,India,2025-09-01,2025,36,2025-08-31,2025,36,SENTINEL,904.0,904.0,5.0,,110.0,,,,,,,115.0,,,16.0,,,,16.0,131.0,773.0,3.0,,,,,,,,57.0,,,,"Samples were tested for influenza, SARS COV2, RSV.",IN,202536,202536,1.0,1.0,1.0
SEAR,YR,NH,FLU_STH_ASIA,IND,India,2025-09-08,2025,37,2025-09-07,2025,37,SENTINEL,335.0,335.0,,,40.0,,,,,,,40.0,,,3.0,,,1.0,4.0,44.0,291.0,3.0,,,,1.0,,,,51.0,,,,"Samples were tested for influenza, SARS COV2. and RSV.",IN,202537,202537,1.0,1.0,1.0
SEAR,YR,NH,FLU_STH_ASIA,IND,India,2025-09-15,2025,38,2025-09-14,2025,38,SENTINEL,536.0,536.0,1.0,,35.0,,,,,,,36.0,,,7.0,,,,7.0,43.0,493.0,3.0,,,,1.0,,1.0,,63.0,,,,"Samples were tested for influenza, SARS-COV2. Out of 30 samples, 3 were tested for RSV.",IN,202538,202538,1.0,1.0,1.0
SEAR,YR,NH,FLU_STH_ASIA,IND,India,2025-09-22,2025,39,2025-09-21,2025,39,SENTINEL,216.0,216.0,,,16.0,,,,,,,16.0,,,,,,,,16.0,200.0,3.0,,,,,,,,14.0,,,,"Samples were tested for influenza, and SARSCO-V2. Out of 25 samples, 5 were tested for RSV.",IN,202539,202539,1.0,1.0,1.0
SEAR,YR,NH,FLU_STH_ASIA,IND,India,2025-09-29,2025,40,2025-09-28,2025,40,SENTINEL,691.0,691.0,1.0,,30.0,,,,,,,31.0,,,23.0,,,,23.0,54.0,637.0,3.0,,,,1.0,,,293.0,67.0,,,,"Samples were tested for influenza, SARS-COV& RSV",IN,202540,202540,1.0,1.0,1.0
SEAR,YR,NH,FLU_STH_ASIA,IND,India,2025-10-06,2025,41,2025-10-05,2025,41,SENTINEL,998.0,998.0,1.0,,31.0,,,,,,,32.0,,,21.0,,,,21.0,53.0,945.0,3.0,,,,2.0,,2.0,305.0,124.0,,,,"Samples were tested for influenza, SARS-COV2.",IN,202541,202541,1.0,1.0,1.0
SEAR,YR,NH,FLU_STH_ASIA,IND,India,2025-10-13,2025,42,2025-10-12,2025,42,SENTINEL,1301.0,1301.0,10.0,,24.0,,,,,,,34.0,,,35.0,,0.0,,35.0,69.0,1232.0,3.0,,,,,,,473.0,94.0,,,,"Samples tested for Influenza, SARS CoV-2& RSV",IN,202542,202542,1.0,1.0,1.0
SEAR,YR,NH,FLU_STH_ASIA,IND,India,2025-10-20,2025,43,2025-10-19,2025,43,SENTINEL,796.0,796.0,2.0,,16.0,,,,,,,18.0,,,25.0,,,,25.0,43.0,753.0,3.0,,,,2.0,,,302.0,62.0,,,,"Samples tested for Influenza, SARS CoV-2& RSV",IN,202543,202543,1.0,1.0,1.0
SEAR,YR,NH,FLU_STH_ASIA,IND,India,2025-10-27,2025,44,2025-10-26,2025,44,SENTINEL,819.0,819.0,5.0,,10.0,,,,,,,15.0,,,26.0,,,,26.0,41.0,778.0,3.0,1.0,,,,,,231.0,44.0,,,,"Samples tested for Influenza, SARS CoV-2& RSV",IN,202544,202544,1.0,1.0,1.0
SEAR,YR,NH,FLU_STH_ASIA,IND,India,2025-11-03,2025,45,2025-11-02,2025,45,SENTINEL,933.0,933.0,3.0,,22.0,,,,,,,25.0,,,25.0,,,,25.0,50.0,883.0,3.0,3.0,,,1.0,,,305.0,54.0,,,,"Samples tested for Influenza, SARS CoV-2.",IN,202545,202545,1.0,1.0,1.0
SEAR,YR,NH,FLU_STH_ASIA,IND,India,2025-11-10,2025,46,2025-11-09,2025,46,SENTINEL,917.0,917.0,5.0,,16.0,,,,,,,21.0,,,21.0,,,,21.0,42.0,875.0,3.0,1.0,,,1.0,,,293.0,41.0,,,,"Samples tested for Influenza, SARS CoV-2.",IN,202546,202546,1.0,1.0,1.0
SEAR,YR,NH,FLU_STH_ASIA,IND,India,2025-11-17,2025,47,2025-11-16,2025,47,SENTINEL,1031.0,1031.0,1.0,,18.0,,,,,,,19.0,,,30.0,,,,30.0,49.0,982.0,3.0,,,,,,1.0,360.0,44.0,,,,"Samples tested for Influenza, SARS CoV-2.",IN,202547,202547,1.0,1.0,1.0
SEAR,YR,NH,FLU_STH_ASIA,IND,India,2025-11-24,2025,48,2025-11-23,2025,48,SENTINEL,305.0,305.0,,,,,,,,,,,,,5.0,,,,5.0,5.0,300.0,3.0,2.0,,,,,,84.0,0.0,,,,"Samples tested for Influenza, SARS CoV-2.",IN,202548,202548,1.0,1.0,1.0
SEAR,YR,NH,FLU_STH_ASIA,IND,India,2025-12-01,2025,49,2025-11-30,2025,49,SENTINEL,374.0,374.0,2.0,,6.0,,,,,,,8.0,,,12.0,,,,12.0,20.0,354.0,3.0,,,,,,,78.0,4.0,,,,"Samples tested for Influenza, SARS CoV-2.",IN,202549,202549,1.0,1.0,1.0
SEAR,YR,NH,FLU_STH_ASIA,IND,India,2025-12-08,2025,50,2025-12-07,2025,50,SENTINEL,220.0,220.0,,,4.0,,,,,,,4.0,,,2.0,,,,2.0,6.0,214.0,3.0,,,,,,,35.0,1.0,,,,"Samples tested for Influenza, SARS CoV-2.",IN,202550,202550,1.0,1.0,1.0
SEAR,YR,NH,FLU_STH_ASIA,IND,India,2025-12-15,2025,51,2025-12-14,2025,51,SENTINEL,1119.0,1119.0,1.0,,4.0,,,,,,,5.0,,,13.0,,,,13.0,18.0,1101.0,3.0,,,,1.0,,1.0,285.0,8.0,,,,"Samples tested for Influenza, SARS CoV-2.",IN,202551,202551,1.0,1.0,1.0
SEAR,YR,NH,FLU_STH_ASIA,IND,India,2025-12-22,2025,52,2025-12-21,2025,52,SENTINEL,1063.0,1063.0,,,6.0,,,,,,,6.0,,,23.0,,,,23.0,29.0,1034.0,3.0,1.0,,,,,2.0,349.0,13.0,,,,"Samples tested for Influenza, SARS CoV-2.",IN,202552,202552,1.0,1.0,1.0
SEAR,YR,NH,FLU_STH_ASIA,IND,India,2025-12-29,2026,1,2025-12-28,2025,53,SENTINEL,991.0,991.0,,,6.0,,,,,,,6.0,,,12.0,,,,12.0,18.0,973.0,3.0,,,,1.0,,,334.0,14.0,,,,"Samples tested for Influenza,SARS CoV-2& RSV",IN,202601,202553,1.0,1.0,1.0
SEAR,YR,NH,FLU_STH_ASIA,IND,India,2026-01-05,2026,2,2026-01-04,2026,1,SENTINEL,1078.0,1078.0,0.0,,3.0,,,,,,,3.0,,,12.0,,,,12.0,15.0,1063.0,3.0,1.0,,,1.0,,,392.0,9.0,,,,"Samples tested for Influenza,SARS CoV-2& RSV",IN,202602,202601,1.0,1.0,1.0
SEAR,YR,NH,FLU_STH_ASIA,IND,India,2026-01-12,2026,3,2026-01-11,2026,2,SENTINEL,1053.0,1053.0,,,2.0,,,,,,,2.0,,,11.0,,,,11.0,13.0,1040.0,3.0,1.0,,,,,,356.0,7.0,,,,"Samples tested for Influenza,SARS CoV-2& RSV",IN,202603,202602,1.0,1.0,1.0
SEAR,YR,NH,FLU_STH_ASIA,IND,India,2026-01-19,2026,4,2026-01-18,2026,3,SENTINEL,991.0,991.0,2.0,,6.0,,,,,,,8.0,,,12.0,,,,12.0,20.0,971.0,3.0,1.0,,,2.0,,,395.0,3.0,,,,"Samples tested for Influenza,SARS CoV-2.",IN,202604,202603,1.0,1.0,1.0
SEAR,YR,NH,FLU_STH_ASIA,IND,India,2026-01-26,2026,5,2026-01-25,2026,4,SENTINEL,965.0,965.0,3.0,,3.0,,,,,,,6.0,,,10.0,,,,10.0,16.0,949.0,3.0,,,,1.0,,,347.0,3.0,,,,"Samples tested for Influenza,SARS CoV.",IN,202605,202604,1.0,1.0,1.0
SEAR,YR,NH,FLU_STH_ASIA,IND,India,2026-02-02,2026,6,2026-02-01,2026,5,SENTINEL,1093.0,1093.0,3.0,,10.0,,,,,,,13.0,,,10.0,,,,10.0,23.0,1070.0,3.0,1.0,,,1.0,,1.0,317.0,7.0,,,,"Samples tested for Influenza,SARS CoV& RSV",IN,202606,202605,1.0,1.0,1.0
SEAR,YR,NH,FLU_STH_ASIA,IND,India,2026-02-09,2026,7,2026-02-08,2026,6,SENTINEL,1122.0,1122.0,4.0,,1.0,,,,,,,5.0,,,6.0,,,,6.0,11.0,1111.0,3.0,3.0,,,2.0,,,319.0,7.0,,,,"Samples tested for Influenza,SARS CoV-2.",IN,202607,202606,1.0,1.0,1.0
SEAR,YR,NH,FLU_STH_ASIA,IND,India,2026-02-16,2026,8,2026-02-15,2026,7,SENTINEL,1424.0,1424.0,1.0,,12.0,,,,,,,13.0,,,16.0,,,,16.0,29.0,1395.0,3.0,1.0,,,4.0,,1.0,474.0,6.0,,,,"Samples tested for Influenza,SARS CoV-2.",IN,202608,202607,1.0,1.0,1.0
SEAR,YR,NH,FLU_STH_ASIA,IND,India,2026-02-23,2026,9,2026-02-22,2026,8,SENTINEL,1076.0,1076.0,1.0,,3.0,,,,,,,4.0,,,11.0,,,,11.0,15.0,1061.0,3.0,,0.0,,,,,329.0,9.0,,,,"Samples tested for Influenza,SARS CoV-2.",IN,202609,202608,1.0,1.0,1.0
SEAR,YR,NH,FLU_STH_ASIA,IND,India,2026-03-02,2026,10,2026-03-01,2026,9,SENTINEL,1036.0,1036.0,2.0,,4.0,,,,,,,6.0,,,5.0,,,,5.0,11.0,1025.0,3.0,3.0,,,1.0,,,330.0,4.0,,,,"Samples tested for Influenza,SARS CoV-2 and other respiratory viruses RSV A, RSVB. hMPV, PIV1-4, AdenoV, RhinoV",IN,202610,202609,1.0,1.0,1.0
SEAR,YR,NH,FLU_STH_ASIA,IND,India,2026-03-09,2026,11,2026-03-08,2026,10,SENTINEL,1178.0,1178.0,1.0,,8.0,,,,,,,9.0,,,19.0,,,,19.0,28.0,1150.0,3.0,2.0,,,5.0,,1.0,364.0,6.0,,,,"Samples tested for Influenza,SARS CoV-2 and other respiratory viruses RSV A, RSVB. hMPV, PIV1-4, AdenoV, RhinoV",IN,202611,202610,1.0,1.0,1.0
SEAR,YR,NH,FLU_STH_ASIA,IND,India,2026-03-16,2026,12,2026-03-15,2026,11,SENTINEL,1094.0,1094.0,4.0,,4.0,,,,,,,8.0,,,14.0,,,,14.0,22.0,1072.0,3.0,2.0,,,,,1.0,296.0,3.0,,,,"Samples tested for Influenza,SARS CoV-2 and other respiratory viruses RSV A, RSVB. hMPV, PIV1-4, AdenoV, RhinoV",IN,202612,202611,1.0,1.0,1.0
SEAR,YR,NH,FLU_STH_ASIA,IND,India,2026-03-23,2026,13,2026-03-22,2026,12,SENTINEL,1077.0,1077.0,6.0,,3.0,,,,,,,9.0,,,16.0,,,,16.0,25.0,1052.0,3.0,5.0,,,,,1.0,357.0,5.0,,,,"Samples tested for Influenza,SARS CoV-2 and other respiratory viruses RSV A, RSVB. hMPV, PIV1-4, AdenoV, RhinoV",IN,202613,202612,1.0,1.0,1.0
SEAR,YR,NH,FLU_STH_ASIA,IND,India,2026-03-30,2026,14,2026-03-29,2026,13,SENTINEL,891.0,891.0,3.0,,3.0,,,,,,,6.0,,,11.0,,,,11.0,17.0,874.0,3.0,,,,1.0,,2.0,246.0,4.0,,,,"Samples tested for Influenza,SARS CoV-2 and other respiratory viruses RSV A, RSVB. hMPV, PIV1-4, AdenoV, RhinoV",IN,202614,202613,1.0,1.0,1.0
SEAR,YR,NH,FLU_STH_ASIA,IND,India,2026-04-06,2026,15,2026-04-05,2026,14,SENTINEL,951.0,951.0,11.0,,3.0,,,,,,,14.0,,,12.0,,,,12.0,26.0,925.0,3.0,1.0,,,1.0,,1.0,287.0,2.0,,,,"Samples tested for Influenza, SARS CoV-2.",IN,202615,202614,1.0,1.0,1.0
SEAR,YR,NH,FLU_STH_ASIA,IND,India,2026-04-13,2026,16,2026-04-12,2026,15,SENTINEL,810.0,810.0,17.0,,1.0,,,,,,,18.0,,,9.0,,,,9.0,27.0,783.0,3.0,,,,,,2.0,225.0,2.0,,,,"Samples tested for Influenza, SARS CoV-2.",IN,202616,202615,1.0,1.0,1.0
SEAR,YR,NH,FLU_STH_ASIA,IND,India,2026-04-20,2026,17,2026-04-19,2026,16,SENTINEL,1273.0,1273.0,24.0,,5.0,,,,,,,29.0,,,24.0,,,,24.0,53.0,1220.0,3.0,,,,,,,382.0,2.0,,,,"Samples tested for Influenza, SARS CoV-2.",IN,202617,202616,1.0,1.0,1.0
SEAR,YR,NH,FLU_STH_ASIA,IND,India,2026-04-27,2026,18,2026-04-26,2026,17,SENTINEL,895.0,895.0,23.0,,1.0,,,,,,,24.0,,,10.0,,,,10.0,34.0,861.0,3.0,1.0,,,,,,232.0,6.0,,,,"Samples tested for Influenza, SARS CoV-2.",IN,202618,202617,1.0,1.0,1.0
SEAR,YR,NH,FLU_STH_ASIA,IND,India,2026-05-04,2026,19,2026-05-03,2026,18,SENTINEL,896.0,896.0,23.0,,1.0,,,,,,,24.0,,,15.0,,,,15.0,39.0,857.0,3.0,,,,1.0,,1.0,222.0,2.0,,,,"Samples tested for Influenza, SARS CoV-2.",IN,202619,202618,1.0,1.0,1.0
SEAR,YR,NH,FLU_STH_ASIA,IND,India,2026-05-11,2026,20,2026-05-10,2026,19,SENTINEL,950.0,950.0,19.0,,3.0,,,,,,,22.0,,,12.0,,,,12.0,34.0,916.0,3.0,3.0,,,,,,260.0,2.0,,,,"Samples tested for Influenza, SARS CoV-2.",IN,202620,202619,1.0,1.0,1.0
SEAR,YR,NH,FLU_STH_ASIA,IND,India,2026-05-18,2026,21,2026-05-17,2026,20,SENTINEL,1158.0,1158.0,39.0,,,,,,,,,39.0,,,12.0,,,,12.0,51.0,1107.0,3.0,4.0,,,,,1.0,285.0,2.0,,,,"Samples tested for Influenza, SARS CoV-2.",IN,202621,202620,1.0,1.0,1.0
SEAR,YR,NH,FLU_STH_ASIA,IND,India,2026-05-25,2026,22,2026-05-24,2026,21,SENTINEL,808.0,808.0,26.0,,5.0,,,,,,,31.0,,,7.0,,,,7.0,38.0,770.0,3.0,2.0,,,,,,198.0,0.0,,,,"Samples tested for Influenza, SARS CoV-2.",IN,202622,202621,1.0,1.0,1.0
SEAR,YR,NH,FLU_STH_ASIA,IND,India,2026-06-01,2026,23,2026-05-31,2026,22,SENTINEL,1353.0,1353.0,82.0,,14.0,,,,,,,96.0,,,26.0,,,,26.0,122.0,1231.0,3.0,,,,,,,335.0,,,,,"Samples tested for Influenza, SARS CoV-2.",IN,202623,202622,1.0,1.0,1.0
SEAR,YR,NH,FLU_STH_ASIA,IND,India,2026-06-08,2026,24,2026-06-07,2026,23,SENTINEL,857.0,857.0,49.0,,2.0,,,,,,,51.0,,,15.0,,,,15.0,66.0,791.0,3.0,2.0,,,,,,194.0,1.0,,,,"Samples tested for Influenza, SARS CoV-2.",IN,202624,202623,1.0,1.0,1.0
SEAR,YR,NH,FLU_STH_ASIA,IND,India,2026-06-15,2026,25,2026-06-14,2026,24,SENTINEL,849.0,849.0,66.0,,3.0,,,,,,,69.0,,,10.0,,,,10.0,79.0,770.0,3.0,2.0,,,,,,163.0,,,,,"Samples tested for Influenza, SARS CoV-2.",IN,202625,202624,1.0,1.0,1.0
SEAR,YR,NH,FLU_STH_ASIA,IND,India,2026-06-22,2026,26,2026-06-21,2026,25,SENTINEL,1172.0,1172.0,60.0,,6.0,,,,,,,66.0,,,16.0,,,,16.0,82.0,1090.0,3.0,2.0,,,,,,224.0,0.0,,,,"Samples tested for Influenza, SARS CoV-2 and RSV",IN,202626,202625,1.0,1.0,1.0
SEAR,YR,NH,FLU_STH_ASIA,IND,India,2026-06-29,2026,27,2026-06-28,2026,26,SENTINEL,1389.0,1389.0,95.0,,10.0,,,,,,,105.0,,,19.0,,,,19.0,124.0,1265.0,3.0,1.0,,,,,1.0,376.0,3.0,,,,"Samples tested for Influenza, SARS CoV-2 and RSV",IN,202627,202626,1.0,1.0,1.0
SEAR,YR,NH,FLU_STH_ASIA,IND,India,2026-07-06,2026,28,2026-07-05,2026,27,SENTINEL,1392.0,1392.0,118.0,,4.0,,,,,,,122.0,,,33.0,,,,33.0,155.0,1237.0,3.0,1.0,,,,,2.0,365.0,2.0,,,,"Samples tested for Influenza, SARS CoV-2.",IN,202628,202627,1.0,1.0,1.0
SEAR,YR,NH,FLU_STH_ASIA,IND,India,2026-07-13,2026,29,2026-07-12,2026,28,SENTINEL,1415.0,1415.0,87.0,,2.0,,,,,,,89.0,,,32.0,,,,32.0,121.0,1294.0,3.0,2.0,,,,,,351.0,2.0,,,,"Samples tested for Influenza, SARS CoV-2.",IN,202629,202628,1.0,1.0,1.0
SEAR,YR,NH,FLU_STH_ASIA,IND,India,2026-07-20,2026,30,2026-07-19,2026,29,SENTINEL,1169.0,1169.0,98.0,,1.0,,,,,,,99.0,,,20.0,,,,20.0,119.0,1050.0,3.0,,,,,,1.0,320.0,0.0,,,,"Samples tested for Influenza, SARS CoV-2.",IN,202630,202629,1.0,1.0,1.0
SEAR,YR,NH,FLU_STH_ASIA,IND,India,2026-07-27,2026,31,2026-07-26,2026,30,SENTINEL,886.0,886.0,93.0,,4.0,,,,,,,97.0,,,17.0,,,,17.0,114.0,772.0,3.0,,,,,,,225.0,3.0,,,,"Samples tested for Influenza, SARS CoV-2.",IN,202631,202630,1.0,1.0,1.0
SEAR,YR,NH,FLU_STH_ASIA,IND,India,2026-08-03,2026,32,2026-08-02,2026,31,SENTINEL,942.0,942.0,109.0,,19.0,,,,,,,128.0,,,32.0,,,,32.0,160.0,782.0,3.0,,,,,,,247.0,4.0,,,,"Samples tested for Influenza, SARS CoV-2.",IN,202632,202631,1.0,1.0,1.0
SEAR,YR,NH,FLU_STH_ASIA,IND,India,2026-08-10,2026,33,2026-08-09,2026,32,SENTINEL,1248.0,1248.0,167.0,,12.0,,,,,,,179.0,,,47.0,,,,47.0,226.0,1022.0,3.0,,,,2.0,,1.0,297.0,6.0,,,,"Samples tested for Influenza, SARS CoV-2.",IN,202633,202632,1.0,1.0,1.0
SEAR,YR,NH,FLU_STH_ASIA,IND,India,2026-08-17,2026,34,2026-08-16,2026,33,SENTINEL,878.0,878.0,122.0,,10.0,,,,,,,132.0,,,31.0,,,,31.0,163.0,715.0,3.0,1.0,,,1.0,,,277.0,4.0,,,,"Samples tested for Influenza, SARS CoV-2.",IN,202634,202633,1.0,1.0,1.0
